timestamp,cgm,carbs,insulin
2025-12-24 00:02:00,5.4,,
2025-12-24 00:07:00,5.4,,
2025-12-24 00:12:00,5.5,,
2025-12-24 00:17:00,5.6,,
2025-12-24 00:22:00,5.6,,
2025-12-24 00:27:00,5.6,,
2025-12-24 00:32:00,5.7,,
2025-12-24 00:37:00,5.7,,
2025-12-24 00:42:00,5.8,,
2025-12-24 00:47:00,5.8,,
2025-12-24 00:52:00,5.8,,
2025-12-24 00:57:00,5.7,,
2025-12-24 01:02:00,5.8,,
2025-12-24 01:07:00,5.9,,
2025-12-24 01:12:00,5.9,,
2025-12-24 01:17:00,6.0,,
2025-12-24 01:22:00,5.9,,
2025-12-24 01:27:00,5.9,,
2025-12-24 01:32:00,5.9,,
2025-12-24 01:37:00,6.0,,
2025-12-24 01:42:00,6.1,,
2025-12-24 01:47:00,6.1,,
2025-12-24 01:52:00,6.2,,
2025-12-24 01:57:00,6.4,,
2025-12-24 02:02:00,6.6,,
2025-12-24 02:07:00,6.7,,
2025-12-24 02:12:00,6.7,,
2025-12-24 02:17:00,6.7,,
2025-12-24 02:22:00,6.7,,
2025-12-24 02:27:00,5.8,,
2025-12-24 02:32:00,5.7,,
2025-12-24 02:37:00,6.0,,
2025-12-24 02:42:00,6.3,,
2025-12-24 02:47:00,6.8,,
2025-12-24 02:52:00,6.7,,
2025-12-24 02:57:00,6.6,,
2025-12-24 03:02:00,6.4,,
2025-12-24 03:07:00,6.3,,
2025-12-24 03:12:00,6.2,,
2025-12-24 03:17:00,6.2,,
2025-12-24 03:22:00,6.2,,
2025-12-24 03:27:00,6.1,,
2025-12-24 03:32:00,6.1,,
2025-12-24 03:37:00,5.9,,
2025-12-24 03:42:00,5.8,,
2025-12-24 03:47:00,5.8,,
2025-12-24 03:52:00,5.8,,
2025-12-24 03:57:00,5.9,,
2025-12-24 04:02:00,5.9,,
2025-12-24 04:07:00,6.1,,
2025-12-24 04:12:00,6.2,,
2025-12-24 04:17:00,6.2,,
2025-12-24 04:22:00,6.2,,
2025-12-24 04:27:00,6.1,,
2025-12-24 04:32:00,6.1,,
2025-12-24 04:37:00,6.2,,
2025-12-24 04:42:00,6.1,,
2025-12-24 04:47:00,5.8,,
2025-12-24 04:52:00,5.6,,
2025-12-24 04:57:00,5.4,,
2025-12-24 05:02:00,5.3,,
2025-12-24 05:07:00,5.3,,
2025-12-24 05:12:00,5.4,,
2025-12-24 05:17:00,5.6,,
2025-12-24 05:22:00,5.7,,
2025-12-24 05:27:00,5.8,,
2025-12-24 05:32:00,5.9,,
2025-12-24 05:37:00,6.1,,
2025-12-24 05:42:00,6.2,,
2025-12-24 05:47:00,6.2,,
2025-12-24 05:52:00,6.3,,
2025-12-24 05:57:00,6.4,,
2025-12-24 06:02:00,6.5,,
2025-12-24 06:07:00,6.6,,
2025-12-24 06:12:00,6.6,,
2025-12-24 06:17:00,6.7,,
2025-12-24 06:22:00,6.7,,
2025-12-24 06:27:00,6.7,,
2025-12-24 06:32:00,6.4,,
2025-12-24 06:37:00,6.2,,
2025-12-24 06:42:00,5.8,,
2025-12-24 06:47:00,5.5,,
2025-12-24 06:52:00,5.3,,
2025-12-24 06:57:00,5.2,,
2025-12-24 07:02:00,5.1,,
2025-12-24 07:07:00,4.8,,
2025-12-24 07:12:00,4.8,,
2025-12-24 07:17:00,4.7,,
2025-12-24 07:22:00,4.7,,
2025-12-24 07:27:00,4.8,,
2025-12-24 07:32:00,4.7,,
2025-12-24 07:37:00,4.7,,
2025-12-24 07:42:00,4.8,,
2025-12-24 07:47:00,4.9,,
2025-12-24 07:52:00,5.2,,
2025-12-24 07:57:00,5.3,,
2025-12-24 08:02:00,5.4,,
2025-12-24 08:07:00,5.6,,
2025-12-24 08:12:00,5.6,,
2025-12-24 08:17:00,5.6,,
2025-12-24 08:22:00,5.7,,
2025-12-24 08:27:00,5.7,,
2025-12-24 08:32:00,5.6,,
2025-12-24 08:37:00,5.6,,
2025-12-24 08:42:00,5.6,,
2025-12-24 08:47:00,5.4,,
2025-12-24 08:52:00,5.4,38.0,4.75
2025-12-24 08:57:00,5.4,,
2025-12-24 09:02:00,5.4,,
2025-12-24 09:07:00,5.3,,
2025-12-24 09:12:00,5.1,,
2025-12-24 09:17:00,5.2,,
2025-12-24 09:22:00,5.2,,
2025-12-24 09:27:00,5.6,,
2025-12-24 09:32:00,6.4,,
2025-12-24 09:37:00,7.4,,
2025-12-24 09:42:00,8.1,,
2025-12-24 09:47:00,8.7,,
2025-12-24 09:52:00,9.2,,
2025-12-24 09:57:00,9.6,,
2025-12-24 10:02:00,10.2,,
2025-12-24 10:07:00,10.8,,
2025-12-24 10:12:00,11.2,,
2025-12-24 10:17:00,11.3,,
2025-12-24 10:22:00,11.4,,
2025-12-24 10:27:00,11.4,,
2025-12-24 10:32:00,11.2,,
2025-12-24 10:37:00,11.0,,
2025-12-24 10:42:00,10.8,,
2025-12-24 10:47:00,10.5,,
2025-12-24 10:52:00,9.9,,
2025-12-24 10:57:00,9.3,,
2025-12-24 11:02:00,8.8,,
2025-12-24 11:07:00,8.3,,
2025-12-24 11:12:00,7.9,,
2025-12-24 11:17:00,7.4,,
2025-12-24 11:22:00,7.0,,
2025-12-24 11:27:00,6.6,,
2025-12-24 11:32:00,6.2,,
2025-12-24 11:37:00,5.7,,
2025-12-24 11:42:00,5.4,,
2025-12-24 11:47:00,5.2,,
2025-12-24 11:52:00,5.1,38.5,2.4
2025-12-24 11:57:00,4.6,,
2025-12-24 12:02:00,4.2,,
2025-12-24 12:07:00,4.2,,
2025-12-24 12:12:00,4.7,,
2025-12-24 12:17:00,5.3,,
2025-12-24 12:22:00,5.6,,
2025-12-24 12:27:00,5.9,,
2025-12-24 12:32:00,6.1,,
2025-12-24 12:37:00,6.2,,
2025-12-24 12:42:00,6.2,,
2025-12-24 12:47:00,6.3,,
2025-12-24 12:52:00,6.5,,
2025-12-24 12:57:00,7.1,,
2025-12-24 13:02:00,7.8,,
2025-12-24 13:07:00,8.3,,
2025-12-24 13:12:00,8.4,,
2025-12-24 13:17:00,8.6,,
2025-12-24 13:22:00,9.1,,
2025-12-24 13:27:00,9.3,,
2025-12-24 13:32:00,9.5,,
2025-12-24 13:37:00,9.4,,
2025-12-24 13:42:00,9.2,,
2025-12-24 13:47:00,8.5,,
2025-12-24 13:52:00,8.2,,
2025-12-24 13:57:00,8.1,,
2025-12-24 14:02:00,8.3,,
2025-12-24 14:07:00,8.5,,
2025-12-24 14:12:00,8.7,,
2025-12-24 14:17:00,8.8,,
2025-12-24 14:22:00,8.5,,
2025-12-24 14:27:00,8.3,,
2025-12-24 14:32:00,8.1,,
2025-12-24 14:37:00,7.9,,
2025-12-24 14:42:00,7.6,,
2025-12-24 14:47:00,7.2,,
2025-12-24 14:52:00,6.8,30.0,1.85
2025-12-24 14:57:00,6.5,,
2025-12-24 15:02:00,6.4,,
2025-12-24 15:07:00,6.3,30.0,1.85
2025-12-24 15:12:00,6.4,,
2025-12-24 15:17:00,6.6,,
2025-12-24 15:22:00,7.0,,
2025-12-24 15:27:00,7.3,,
2025-12-24 15:32:00,7.3,,
2025-12-24 15:37:00,7.4,,
2025-12-24 15:42:00,7.4,,
2025-12-24 15:47:00,7.3,,
2025-12-24 15:52:00,7.4,,
2025-12-24 15:57:00,7.5,,
2025-12-24 16:02:00,7.6,,
2025-12-24 16:07:00,7.8,,
2025-12-24 16:12:00,7.8,,
2025-12-24 16:17:00,7.6,,
2025-12-24 16:22:00,7.3,,
2025-12-24 16:27:00,7.0,,
2025-12-24 16:32:00,6.7,,
2025-12-24 16:37:00,6.2,,
2025-12-24 16:42:00,5.7,,
2025-12-24 16:47:00,5.4,,
2025-12-24 16:52:00,5.1,,
2025-12-24 16:57:00,5.1,,
2025-12-24 17:02:00,5.3,,
2025-12-24 17:07:00,5.6,,
2025-12-24 17:12:00,5.7,,
2025-12-24 17:17:00,6.1,,
2025-12-24 17:22:00,6.8,,
2025-12-24 17:27:00,6.9,,
2025-12-24 17:32:00,7.3,,
2025-12-24 17:37:00,7.5,,
2025-12-24 17:42:00,8.3,36.0,2.75
2025-12-24 17:47:00,9.1,,
2025-12-24 17:52:00,9.7,,
2025-12-24 17:57:00,10.2,,
2025-12-24 18:02:00,10.1,,
2025-12-24 18:07:00,10.3,,
2025-12-24 18:12:00,10.3,,
2025-12-24 18:17:00,10.2,37.0,3.05
2025-12-24 18:22:00,9.7,,
2025-12-24 18:27:00,9.4,,
2025-12-24 18:32:00,9.4,,
2025-12-24 18:37:00,9.3,,
2025-12-24 18:42:00,9.2,,
2025-12-24 18:47:00,8.9,,
2025-12-24 18:52:00,8.9,,
2025-12-24 18:57:00,8.7,,
2025-12-24 19:02:00,8.4,,
2025-12-24 19:07:00,8.3,,
2025-12-24 19:12:00,8.1,,
2025-12-24 19:17:00,8.2,,
2025-12-24 19:22:00,8.3,,
2025-12-24 19:27:00,8.7,,
2025-12-24 19:32:00,8.9,,
2025-12-24 19:37:00,9.4,,
2025-12-24 19:42:00,9.8,20.0,1.5
2025-12-24 19:47:00,9.9,,
2025-12-24 19:52:00,10.1,,
2025-12-24 19:57:00,,,
2025-12-24 20:02:00,,,
2025-12-24 20:07:00,10.8,,
2025-12-24 20:12:00,11.3,20.0,1.65
2025-12-24 20:17:00,12.0,,
2025-12-24 20:22:00,12.5,,
2025-12-24 20:27:00,13.1,,
2025-12-24 20:32:00,13.8,,
2025-12-24 20:37:00,14.4,,
2025-12-24 20:42:00,15.1,,
2025-12-24 20:47:00,15.9,,
2025-12-24 20:52:00,16.5,,
2025-12-24 20:57:00,17.0,,
2025-12-24 21:02:00,17.3,,
2025-12-24 21:07:00,17.3,,
2025-12-24 21:12:00,17.3,,
2025-12-24 21:17:00,17.4,5.0,0.5
2025-12-24 21:22:00,17.3,,
2025-12-24 21:27:00,16.9,,
2025-12-24 21:32:00,16.4,,
2025-12-24 21:37:00,16.3,,
2025-12-24 21:42:00,16.5,,
2025-12-24 21:47:00,16.9,,
2025-12-24 21:52:00,17.0,,
2025-12-24 21:57:00,16.9,,
2025-12-24 22:02:00,16.2,,
2025-12-24 22:07:00,15.0,,
2025-12-24 22:12:00,14.5,,
2025-12-24 22:17:00,13.5,,
2025-12-24 22:22:00,12.9,,
2025-12-24 22:27:00,12.5,,
2025-12-24 22:32:00,12.2,,
2025-12-24 22:37:00,11.9,,
2025-12-24 22:42:00,11.7,,
2025-12-24 22:47:00,11.3,,
2025-12-24 22:52:00,10.8,,
2025-12-24 22:57:00,10.3,,
2025-12-24 23:02:00,9.9,,
2025-12-24 23:07:00,9.5,,
2025-12-24 23:12:00,9.2,,
2025-12-24 23:17:00,8.7,,
2025-12-24 23:22:00,8.2,,
2025-12-24 23:27:00,7.9,,
2025-12-24 23:32:00,7.7,,
2025-12-24 23:37:00,7.3,,
2025-12-24 23:42:00,6.8,,
2025-12-24 23:47:00,6.4,,
2025-12-24 23:52:00,6.1,,
2025-12-24 23:57:00,5.8,,
2025-12-25 00:02:00,5.6,,
2025-12-25 00:07:00,5.4,,
2025-12-25 00:12:00,5.2,,
2025-12-25 00:17:00,5.1,,
2025-12-25 00:22:00,4.8,,
2025-12-25 00:27:00,4.7,,
2025-12-25 00:32:00,4.5,,
2025-12-25 00:37:00,4.3,,
2025-12-25 00:42:00,4.2,,
2025-12-25 00:47:00,4.1,,
2025-12-25 00:52:00,4.0,,
2025-12-25 00:57:00,3.9,,
2025-12-25 01:02:00,3.9,,
2025-12-25 01:07:00,3.8,,
2025-12-25 01:12:00,3.7,,
2025-12-25 01:17:00,3.7,,
2025-12-25 01:22:00,3.7,,
2025-12-25 01:27:00,3.6,,
2025-12-25 01:32:00,3.6,,
2025-12-25 01:37:00,3.5,,
2025-12-25 01:42:00,3.6,,
2025-12-25 01:47:00,3.6,,
2025-12-25 01:52:00,3.6,,
2025-12-25 01:57:00,3.7,,
2025-12-25 02:02:00,3.7,,
2025-12-25 02:07:00,3.7,,
2025-12-25 02:12:00,3.9,,
2025-12-25 02:17:00,3.8,,
2025-12-25 02:22:00,3.7,,
2025-12-25 02:27:00,3.7,,
2025-12-25 02:32:00,3.7,,
2025-12-25 02:37:00,3.8,,
2025-12-25 02:42:00,4.1,,
2025-12-25 02:47:00,4.3,,
2025-12-25 02:52:00,4.6,,
2025-12-25 02:57:00,4.9,,
2025-12-25 03:02:00,5.3,,
2025-12-25 03:07:00,5.7,,
2025-12-25 03:12:00,5.9,,
2025-12-25 03:17:00,5.7,,
2025-12-25 03:22:00,5.7,,
2025-12-25 03:27:00,6.2,,
2025-12-25 03:32:00,6.7,,
2025-12-25 03:37:00,6.9,,
2025-12-25 03:42:00,6.8,,
2025-12-25 03:47:00,6.7,,
2025-12-25 03:52:00,6.7,,
2025-12-25 03:57:00,6.7,,
2025-12-25 04:02:00,6.5,,
2025-12-25 04:07:00,6.8,,
2025-12-25 04:12:00,6.8,,
2025-12-25 04:17:00,7.0,,
2025-12-25 04:22:00,7.2,,
2025-12-25 04:27:00,7.5,,
2025-12-25 04:32:00,7.8,,
2025-12-25 04:37:00,8.0,,
2025-12-25 04:42:00,8.3,,
2025-12-25 04:47:00,8.4,,
2025-12-25 04:52:00,8.5,,
2025-12-25 04:57:00,8.9,,
2025-12-25 05:02:00,9.3,,
2025-12-25 05:07:00,9.8,,
2025-12-25 05:12:00,10.1,,
2025-12-25 05:17:00,10.0,,
2025-12-25 05:22:00,9.7,,
2025-12-25 05:27:00,9.2,,
2025-12-25 05:32:00,9.3,,
2025-12-25 05:37:00,9.3,,
2025-12-25 05:42:00,9.1,,
2025-12-25 05:47:00,8.8,,
2025-12-25 05:52:00,8.4,,
2025-12-25 05:57:00,8.0,,
2025-12-25 06:02:00,7.6,,
2025-12-25 06:07:00,7.3,,
2025-12-25 06:12:00,7.1,,
2025-12-25 06:17:00,6.9,,
2025-12-25 06:22:00,6.8,,
2025-12-25 06:27:00,6.6,,
2025-12-25 06:32:00,6.5,,
2025-12-25 06:37:00,6.4,,
2025-12-25 06:42:00,6.0,,
2025-12-25 06:47:00,5.7,,
2025-12-25 06:52:00,5.6,,
2025-12-25 06:57:00,5.4,,
2025-12-25 07:02:00,5.4,,
2025-12-25 07:07:00,5.4,,
2025-12-25 07:12:00,5.4,,
2025-12-25 07:17:00,5.2,,
2025-12-25 07:22:00,4.9,,
2025-12-25 07:27:00,4.7,,
2025-12-25 07:32:00,4.7,,
2025-12-25 07:37:00,4.6,,
2025-12-25 07:42:00,4.6,,
2025-12-25 07:47:00,4.8,,
2025-12-25 07:52:00,5.1,,
2025-12-25 07:57:00,5.3,,
2025-12-25 08:02:00,5.4,,
2025-12-25 08:07:00,5.7,,
2025-12-25 08:12:00,5.7,,
2025-12-25 08:17:00,5.8,,
2025-12-25 08:22:00,5.8,,
2025-12-25 08:27:00,5.7,,
2025-12-25 08:32:00,5.6,,
2025-12-25 08:37:00,5.3,,
2025-12-25 08:42:00,5.1,,
2025-12-25 08:47:00,4.9,,
2025-12-25 08:52:00,4.7,,
2025-12-25 08:57:00,4.6,,
2025-12-25 09:02:00,4.6,,
2025-12-25 09:07:00,4.5,50.0,6.0
2025-12-25 09:12:00,4.4,,
2025-12-25 09:17:00,4.3,,
2025-12-25 09:22:00,4.1,,
2025-12-25 09:27:00,3.8,,
2025-12-25 09:32:00,3.6,,
2025-12-25 09:37:00,3.7,,
2025-12-25 09:42:00,3.9,,
2025-12-25 09:47:00,4.3,,
2025-12-25 09:52:00,4.8,,
2025-12-25 09:57:00,5.4,,
2025-12-25 10:02:00,5.9,,
2025-12-25 10:07:00,6.3,,
2025-12-25 10:12:00,6.8,,
2025-12-25 10:17:00,7.2,,
2025-12-25 10:22:00,7.5,,
2025-12-25 10:27:00,7.7,,
2025-12-25 10:32:00,8.2,,
2025-12-25 10:37:00,8.4,,
2025-12-25 10:42:00,8.4,,
2025-12-25 10:47:00,8.4,,
2025-12-25 10:52:00,8.4,,
2025-12-25 10:57:00,8.3,,
2025-12-25 11:02:00,8.2,,
2025-12-25 11:07:00,8.0,,
2025-12-25 11:12:00,7.6,,
2025-12-25 11:17:00,7.2,,
2025-12-25 11:22:00,6.8,,
2025-12-25 11:27:00,6.2,,
2025-12-25 11:32:00,5.8,,
2025-12-25 11:37:00,5.4,,
2025-12-25 11:42:00,5.3,,
2025-12-25 11:47:00,5.0,,
2025-12-25 11:52:00,4.8,,
2025-12-25 11:57:00,4.6,,
2025-12-25 12:02:00,4.2,,
2025-12-25 12:07:00,3.8,,
2025-12-25 12:12:00,3.6,,
2025-12-25 12:17:00,3.8,,
2025-12-25 12:22:00,4.2,,
2025-12-25 12:27:00,4.3,,
2025-12-25 12:32:00,4.7,,
2025-12-25 12:37:00,5.3,,
2025-12-25 12:42:00,5.6,,
2025-12-25 12:47:00,5.9,,
2025-12-25 12:52:00,6.4,,
2025-12-25 12:57:00,6.9,,
2025-12-25 13:02:00,7.2,,
2025-12-25 13:07:00,7.4,,
2025-12-25 13:12:00,7.5,,
2025-12-25 13:17:00,7.5,,
2025-12-25 13:22:00,7.4,,
2025-12-25 13:27:00,7.3,,
2025-12-25 13:32:00,7.3,,
2025-12-25 13:37:00,7.1,,
2025-12-25 13:42:00,7.0,,
2025-12-25 13:47:00,6.9,,
2025-12-25 13:52:00,6.7,,
2025-12-25 13:57:00,6.7,20.0,1.25
2025-12-25 14:02:00,6.5,,
2025-12-25 14:07:00,6.5,,
2025-12-25 14:12:00,6.6,5.0,0.3
2025-12-25 14:17:00,6.6,,
2025-12-25 14:22:00,6.9,,
2025-12-25 14:27:00,7.4,,
2025-12-25 14:32:00,8.0,,
2025-12-25 14:37:00,8.4,,
2025-12-25 14:42:00,8.9,,
2025-12-25 14:47:00,9.3,,
2025-12-25 14:52:00,9.7,,
2025-12-25 14:57:00,9.9,,
2025-12-25 15:02:00,10.3,,
2025-12-25 15:07:00,10.6,,
2025-12-25 15:12:00,10.8,,
2025-12-25 15:17:00,11.0,,
2025-12-25 15:22:00,11.1,,
2025-12-25 15:27:00,11.2,,
2025-12-25 15:32:00,11.1,,
2025-12-25 15:37:00,11.0,,
2025-12-25 15:42:00,11.2,,
2025-12-25 15:47:00,11.3,,
2025-12-25 15:52:00,11.3,,
2025-12-25 15:57:00,11.4,,
2025-12-25 16:02:00,11.2,,
2025-12-25 16:07:00,11.0,,
2025-12-25 16:12:00,10.8,,
2025-12-25 16:17:00,10.7,,
2025-12-25 16:22:00,10.4,,
2025-12-25 16:27:00,10.2,,
2025-12-25 16:32:00,9.8,,
2025-12-25 16:37:00,9.5,,
2025-12-25 16:42:00,9.2,,
2025-12-25 16:47:00,8.8,,
2025-12-25 16:52:00,8.5,,
2025-12-25 16:57:00,8.3,,
2025-12-25 17:02:00,8.2,,
2025-12-25 17:07:00,8.2,,
2025-12-25 17:12:00,8.3,,
2025-12-25 17:17:00,8.2,,
2025-12-25 17:22:00,8.3,,
2025-12-25 17:27:00,8.4,,
2025-12-25 17:32:00,8.4,,
2025-12-25 17:37:00,8.3,,
2025-12-25 17:42:00,8.1,,
2025-12-25 17:47:00,7.7,,
2025-12-25 17:52:00,7.3,,
2025-12-25 17:57:00,7.0,,
2025-12-25 18:02:00,6.9,,
2025-12-25 18:07:00,7.0,,
2025-12-25 18:12:00,6.9,,
2025-12-25 18:17:00,6.8,,
2025-12-25 18:22:00,6.8,,
2025-12-25 18:27:00,6.9,,
2025-12-25 18:32:00,6.9,,
2025-12-25 18:37:00,6.8,,
2025-12-25 18:42:00,6.4,,
2025-12-25 18:47:00,6.2,,
2025-12-25 18:52:00,6.2,,
2025-12-25 18:57:00,6.1,,
2025-12-25 19:02:00,5.9,,
2025-12-25 19:07:00,5.7,,
2025-12-25 19:12:00,5.6,,
2025-12-25 19:17:00,5.4,,
2025-12-25 19:22:00,5.4,,
2025-12-25 19:27:00,5.4,,
2025-12-25 19:32:00,5.7,60.0,4.5
2025-12-25 19:37:00,5.9,,
2025-12-25 19:42:00,5.9,,
2025-12-25 19:47:00,5.7,,
2025-12-25 19:52:00,5.4,,
2025-12-25 19:57:00,5.5,,
2025-12-25 20:02:00,6.1,,
2025-12-25 20:07:00,6.9,,
2025-12-25 20:12:00,7.5,,
2025-12-25 20:17:00,8.7,16.0,1.3
2025-12-25 20:22:00,9.3,,
2025-12-25 20:27:00,10.0,,
2025-12-25 20:32:00,10.7,,
2025-12-25 20:37:00,11.2,,
2025-12-25 20:42:00,11.4,,
2025-12-25 20:47:00,11.5,,
2025-12-25 20:52:00,11.4,,
2025-12-25 20:57:00,11.5,,
2025-12-25 21:02:00,11.7,,
2025-12-25 21:07:00,11.9,,
2025-12-25 21:12:00,12.0,,
2025-12-25 21:17:00,12.0,,
2025-12-25 21:22:00,12.2,,
2025-12-25 21:27:00,12.3,10.0,0.8
2025-12-25 21:32:00,12.5,,
2025-12-25 21:37:00,12.9,,
2025-12-25 21:42:00,13.1,,
2025-12-25 21:47:00,13.1,,
2025-12-25 21:52:00,13.1,,
2025-12-25 21:57:00,13.0,,
2025-12-25 22:02:00,12.9,,
2025-12-25 22:07:00,12.7,,
2025-12-25 22:12:00,12.2,0.0,0.25
2025-12-25 22:17:00,11.4,,
2025-12-25 22:22:00,10.8,,
2025-12-25 22:27:00,9.4,,
2025-12-25 22:32:00,8.2,,
2025-12-25 22:37:00,7.7,,
2025-12-25 22:42:00,7.2,,
2025-12-25 22:47:00,7.3,,
2025-12-25 22:52:00,7.1,,
2025-12-25 22:57:00,6.7,,
2025-12-25 23:02:00,6.5,,
2025-12-25 23:07:00,6.2,,
2025-12-25 23:12:00,5.9,,
2025-12-25 23:17:00,5.4,,
2025-12-25 23:22:00,5.0,,
2025-12-25 23:27:00,4.3,,
2025-12-25 23:32:00,4.0,,
2025-12-25 23:37:00,3.9,,
2025-12-25 23:42:00,3.8,,
2025-12-25 23:47:00,3.5,,
2025-12-25 23:52:00,3.2,,
2025-12-25 23:57:00,3.0,,
2025-12-26 00:02:00,3.2,,
2025-12-26 00:07:00,3.3,,
2025-12-26 00:12:00,3.8,,
2025-12-26 00:17:00,4.1,,
2025-12-26 00:22:00,4.4,,
2025-12-26 00:27:00,4.4,,
2025-12-26 00:32:00,4.1,,
2025-12-26 00:37:00,3.7,,
2025-12-26 00:42:00,3.4,,
2025-12-26 00:47:00,3.2,,
2025-12-26 00:52:00,3.7,,
2025-12-26 00:57:00,4.6,,
2025-12-26 01:02:00,5.1,,
2025-12-26 01:07:00,5.7,,
2025-12-26 01:12:00,6.1,,
2025-12-26 01:17:00,6.4,,
2025-12-26 01:22:00,6.4,,
2025-12-26 01:27:00,6.0,,
2025-12-26 01:32:00,5.7,,
2025-12-26 01:37:00,5.6,,
2025-12-26 01:42:00,5.8,,
2025-12-26 01:47:00,6.0,,
2025-12-26 01:52:00,6.1,,
2025-12-26 01:57:00,6.1,,
2025-12-26 02:02:00,6.0,,
2025-12-26 02:07:00,6.5,,
2025-12-26 02:12:00,6.9,,
2025-12-26 02:17:00,7.3,,
2025-12-26 02:22:00,7.8,,
2025-12-26 02:27:00,8.0,,
2025-12-26 02:32:00,8.2,,
2025-12-26 02:37:00,8.4,,
2025-12-26 02:42:00,8.5,,
2025-12-26 02:47:00,8.5,,
2025-12-26 02:52:00,8.5,,
2025-12-26 02:57:00,8.4,,
2025-12-26 03:02:00,8.3,,
2025-12-26 03:07:00,8.2,,
2025-12-26 03:12:00,8.0,,
2025-12-26 03:17:00,7.7,,
2025-12-26 03:22:00,7.5,,
2025-12-26 03:27:00,7.7,,
2025-12-26 03:32:00,7.8,,
2025-12-26 03:37:00,7.7,,
2025-12-26 03:42:00,7.4,,
2025-12-26 03:47:00,7.3,,
2025-12-26 03:52:00,6.8,,
2025-12-26 03:57:00,7.0,,
2025-12-26 04:02:00,7.0,,
2025-12-26 04:07:00,6.9,,
2025-12-26 04:12:00,6.9,,
2025-12-26 04:17:00,6.8,,
2025-12-26 04:22:00,6.9,,
2025-12-26 04:27:00,7.2,,
2025-12-26 04:32:00,7.4,,
2025-12-26 04:37:00,7.6,,
2025-12-26 04:42:00,7.7,,
2025-12-26 04:47:00,7.9,,
2025-12-26 04:52:00,7.6,,
2025-12-26 04:57:00,7.3,,
2025-12-26 05:02:00,7.5,,
2025-12-26 05:07:00,7.5,,
2025-12-26 05:12:00,7.6,,
2025-12-26 05:17:00,7.7,,
2025-12-26 05:22:00,7.5,,
2025-12-26 05:27:00,7.7,,
2025-12-26 05:32:00,7.9,,
2025-12-26 05:37:00,8.2,,
2025-12-26 05:42:00,8.3,,
2025-12-26 05:47:00,8.4,,
2025-12-26 05:52:00,8.5,,
2025-12-26 05:57:00,8.7,,
2025-12-26 06:02:00,8.8,,
2025-12-26 06:07:00,8.9,,
2025-12-26 06:12:00,8.9,,
2025-12-26 06:17:00,9.2,,
2025-12-26 06:22:00,9.3,,
2025-12-26 06:27:00,9.0,,
2025-12-26 06:32:00,8.9,,
2025-12-26 06:37:00,8.8,,
2025-12-26 06:42:00,8.7,,
2025-12-26 06:47:00,8.6,,
2025-12-26 06:52:00,8.5,,
2025-12-26 06:57:00,8.2,,
2025-12-26 07:02:00,7.8,,
2025-12-26 07:07:00,7.7,,
2025-12-26 07:12:00,7.5,,
2025-12-26 07:17:00,7.5,,
2025-12-26 07:22:00,7.4,,
2025-12-26 07:27:00,7.4,,
2025-12-26 07:32:00,7.3,,
2025-12-26 07:37:00,7.3,,
2025-12-26 07:42:00,7.3,,
2025-12-26 07:47:00,7.3,,
2025-12-26 07:52:00,7.3,,
2025-12-26 07:57:00,7.2,,
2025-12-26 08:02:00,7.1,,
2025-12-26 08:07:00,7.0,,
2025-12-26 08:12:00,6.8,,
2025-12-26 08:17:00,6.8,,
2025-12-26 08:22:00,6.7,,
2025-12-26 08:27:00,6.5,,
2025-12-26 08:32:00,6.4,,
2025-12-26 08:37:00,6.3,,
2025-12-26 08:42:00,6.3,,
2025-12-26 08:47:00,,,
2025-12-26 08:52:00,6.3,,
2025-12-26 08:57:00,6.3,37.0,4.6
2025-12-26 09:02:00,6.1,,
2025-12-26 09:07:00,6.1,,
2025-12-26 09:12:00,6.2,,
2025-12-26 09:17:00,6.2,,
2025-12-26 09:22:00,6.1,,
2025-12-26 09:27:00,6.1,,
2025-12-26 09:32:00,5.9,,
2025-12-26 09:37:00,5.7,,
2025-12-26 09:42:00,5.9,,
2025-12-26 09:47:00,6.1,,
2025-12-26 09:52:00,6.1,,
2025-12-26 09:57:00,6.1,,
2025-12-26 10:02:00,6.4,,
2025-12-26 10:07:00,6.7,,
2025-12-26 10:12:00,6.8,,
2025-12-26 10:17:00,7.0,,
2025-12-26 10:22:00,7.5,,
2025-12-26 10:27:00,7.8,,
2025-12-26 10:32:00,7.9,,
2025-12-26 10:37:00,8.0,,
2025-12-26 10:42:00,8.1,,
2025-12-26 10:47:00,8.2,,
2025-12-26 10:52:00,8.4,,
2025-12-26 10:57:00,8.4,,
2025-12-26 11:02:00,8.4,,
2025-12-26 11:07:00,8.3,,
2025-12-26 11:12:00,8.0,,
2025-12-26 11:17:00,7.9,,
2025-12-26 11:22:00,8.0,,
2025-12-26 11:27:00,7.9,,
2025-12-26 11:32:00,7.8,,
2025-12-26 11:37:00,7.5,,
2025-12-26 11:42:00,7.3,,
2025-12-26 11:47:00,7.0,,
2025-12-26 11:52:00,6.7,,
2025-12-26 11:57:00,6.3,,
2025-12-26 12:02:00,6.0,,
2025-12-26 12:07:00,5.3,,
2025-12-26 12:12:00,4.6,,
2025-12-26 12:17:00,4.3,,
2025-12-26 12:22:00,3.8,,
2025-12-26 12:27:00,3.6,,
2025-12-26 12:32:00,3.5,,
2025-12-26 12:37:00,3.6,,
2025-12-26 12:42:00,4.0,,
2025-12-26 12:47:00,4.3,,
2025-12-26 12:52:00,4.4,,
2025-12-26 12:57:00,4.5,,
2025-12-26 13:02:00,4.4,20.0,1.5
2025-12-26 13:07:00,4.4,,
2025-12-26 13:12:00,4.6,,
2025-12-26 13:17:00,5.1,,
2025-12-26 13:22:00,5.5,,
2025-12-26 13:27:00,5.8,,
2025-12-26 13:32:00,5.9,,
2025-12-26 13:37:00,6.1,,
2025-12-26 13:42:00,6.4,,
2025-12-26 13:47:00,7.1,,
2025-12-26 13:52:00,7.6,,
2025-12-26 13:57:00,7.9,,
2025-12-26 14:02:00,8.3,,
2025-12-26 14:07:00,8.7,,
2025-12-26 14:12:00,8.9,,
2025-12-26 14:17:00,9.1,,
2025-12-26 14:22:00,9.3,,
2025-12-26 14:27:00,9.7,,
2025-12-26 14:32:00,10.1,,
2025-12-26 14:37:00,10.4,,
2025-12-26 14:42:00,10.5,,
2025-12-26 14:47:00,10.5,,
2025-12-26 14:52:00,10.6,,
2025-12-26 14:57:00,10.7,,
2025-12-26 15:02:00,10.8,,
2025-12-26 15:07:00,10.8,,
2025-12-26 15:12:00,10.8,,
2025-12-26 15:17:00,10.6,,
2025-12-26 15:22:00,10.5,,
2025-12-26 15:27:00,10.3,,
2025-12-26 15:32:00,10.2,,
2025-12-26 15:37:00,10.0,,
2025-12-26 15:42:00,9.8,,
2025-12-26 15:47:00,9.5,,
2025-12-26 15:52:00,9.2,,
2025-12-26 15:57:00,8.8,,
2025-12-26 16:02:00,8.5,,
2025-12-26 16:07:00,8.2,,
2025-12-26 16:12:00,7.9,,
2025-12-26 16:17:00,7.5,,
2025-12-26 16:22:00,7.2,,
2025-12-26 16:27:00,7.0,,
2025-12-26 16:32:00,6.9,,
2025-12-26 16:37:00,6.7,,
2025-12-26 16:42:00,6.4,,
2025-12-26 16:47:00,6.4,,
2025-12-26 16:52:00,6.1,,
2025-12-26 16:57:00,5.6,40.0,2.0
2025-12-26 17:02:00,5.4,,
2025-12-26 17:07:00,5.3,,
2025-12-26 17:12:00,5.4,,
2025-12-26 17:17:00,5.6,,
2025-12-26 17:22:00,5.7,,
2025-12-26 17:27:00,5.8,,
2025-12-26 17:32:00,5.9,,
2025-12-26 17:37:00,6.2,,
2025-12-26 17:42:00,6.3,,
2025-12-26 17:47:00,6.2,,
2025-12-26 17:52:00,5.9,,
2025-12-26 17:57:00,6.3,,
2025-12-26 18:02:00,7.2,,
2025-12-26 18:07:00,7.6,,
2025-12-26 18:12:00,8.3,,
2025-12-26 18:17:00,9.3,,
2025-12-26 18:22:00,9.8,,
2025-12-26 18:27:00,10.2,,
2025-12-26 18:32:00,10.5,,
2025-12-26 18:37:00,10.8,,
2025-12-26 18:42:00,11.2,,
2025-12-26 18:47:00,11.9,,
2025-12-26 18:52:00,12.4,,
2025-12-26 18:57:00,12.8,,
2025-12-26 19:02:00,11.7,,
2025-12-26 19:07:00,12.7,,
2025-12-26 19:12:00,12.7,,
2025-12-26 19:17:00,12.7,,
2025-12-26 19:22:00,12.9,,
2025-12-26 19:27:00,12.8,,
2025-12-26 19:32:00,13.0,,
2025-12-26 19:37:00,13.1,,
2025-12-26 19:42:00,13.2,,
2025-12-26 19:47:00,13.2,,
2025-12-26 19:52:00,13.2,,
2025-12-26 19:57:00,13.2,,
2025-12-26 20:02:00,13.4,,
2025-12-26 20:07:00,13.6,,
2025-12-26 20:12:00,13.7,,
2025-12-26 20:17:00,13.6,,
2025-12-26 20:22:00,13.4,,
2025-12-26 20:27:00,13.3,,
2025-12-26 20:32:00,12.7,,
2025-12-26 20:37:00,12.2,,
2025-12-26 20:42:00,12.2,,
2025-12-26 20:47:00,11.7,,
2025-12-26 20:52:00,11.0,,
2025-12-26 20:57:00,10.3,,
2025-12-26 21:02:00,9.4,,
2025-12-26 21:07:00,8.5,,
2025-12-26 21:12:00,7.4,,
2025-12-26 21:17:00,6.7,,
2025-12-26 21:22:00,6.7,,
2025-12-26 21:27:00,6.4,,
2025-12-26 21:32:00,6.1,,
2025-12-26 21:37:00,5.3,,
2025-12-26 21:42:00,4.5,,
2025-12-26 21:47:00,3.6,,
2025-12-26 21:52:00,3.4,,
2025-12-26 21:57:00,3.5,,
2025-12-26 22:02:00,3.8,,
2025-12-26 22:07:00,3.7,,
2025-12-26 22:12:00,4.6,,
2025-12-26 22:17:00,4.2,,
2025-12-26 22:22:00,4.9,,
2025-12-26 22:27:00,4.5,,
2025-12-26 22:32:00,4.1,,
2025-12-26 22:37:00,3.8,,
2025-12-26 22:42:00,3.8,,
2025-12-26 22:47:00,3.7,,
2025-12-26 22:52:00,3.5,,
2025-12-26 22:57:00,3.4,,
2025-12-26 23:02:00,3.3,,
2025-12-26 23:07:00,3.4,,
2025-12-26 23:12:00,3.7,,
2025-12-26 23:17:00,4.3,,
2025-12-26 23:22:00,5.1,,
2025-12-26 23:27:00,5.3,,
2025-12-26 23:32:00,5.2,,
2025-12-26 23:37:00,4.9,,
2025-12-26 23:42:00,4.8,,
2025-12-26 23:47:00,5.0,,
2025-12-26 23:52:00,4.9,,
2025-12-26 23:57:00,4.8,,
2025-12-27 00:02:00,4.5,,
2025-12-27 00:07:00,4.2,,
2025-12-27 00:12:00,4.2,,
2025-12-27 00:17:00,4.4,,
2025-12-27 00:22:00,5.3,,
2025-12-27 00:27:00,5.6,,
2025-12-27 00:32:00,5.4,,
2025-12-27 00:37:00,5.3,,
2025-12-27 00:42:00,5.4,,
2025-12-27 00:47:00,5.4,,
2025-12-27 00:52:00,4.6,,
2025-12-27 00:57:00,3.6,,
2025-12-27 01:02:00,2.9,,
2025-12-27 01:07:00,3.9,,
2025-12-27 01:12:00,4.7,,
2025-12-27 01:17:00,5.3,,
2025-12-27 01:22:00,5.4,,
2025-12-27 01:27:00,5.1,,
2025-12-27 01:32:00,4.9,,
2025-12-27 01:37:00,4.8,,
2025-12-27 01:42:00,4.4,,
2025-12-27 01:47:00,4.2,,
2025-12-27 01:52:00,4.3,,
2025-12-27 01:57:00,4.6,,
2025-12-27 02:02:00,5.2,,
2025-12-27 02:07:00,5.8,,
2025-12-27 02:12:00,6.3,,
2025-12-27 02:17:00,6.3,,
2025-12-27 02:22:00,6.1,,
2025-12-27 02:27:00,5.9,,
2025-12-27 02:32:00,6.1,,
2025-12-27 02:37:00,6.3,,
2025-12-27 02:42:00,6.3,,
2025-12-27 02:47:00,6.4,,
2025-12-27 02:52:00,6.7,,
2025-12-27 02:57:00,7.1,,
2025-12-27 03:02:00,8.1,,
2025-12-27 03:07:00,8.2,,
2025-12-27 03:12:00,8.0,,
2025-12-27 03:17:00,7.8,,
2025-12-27 03:22:00,7.7,,
2025-12-27 03:27:00,7.8,,
2025-12-27 03:32:00,8.0,,
2025-12-27 03:37:00,8.1,,
2025-12-27 03:42:00,8.4,,
2025-12-27 03:47:00,8.7,,
2025-12-27 03:52:00,8.9,,
2025-12-27 03:57:00,9.1,,
2025-12-27 04:02:00,9.3,,
2025-12-27 04:07:00,9.4,,
2025-12-27 04:12:00,9.6,,
2025-12-27 04:17:00,9.7,,
2025-12-27 04:22:00,9.7,,
2025-12-27 04:27:00,9.8,,
2025-12-27 04:32:00,9.7,,
2025-12-27 04:37:00,9.7,,
2025-12-27 04:42:00,9.6,,
2025-12-27 04:47:00,9.7,,
2025-12-27 04:52:00,9.7,,
2025-12-27 04:57:00,9.8,,
2025-12-27 05:02:00,10.0,,
2025-12-27 05:07:00,10.0,,
2025-12-27 05:12:00,9.8,,
2025-12-27 05:17:00,9.4,,
2025-12-27 05:22:00,9.1,,
2025-12-27 05:27:00,8.9,,
2025-12-27 05:32:00,8.8,,
2025-12-27 05:37:00,8.4,,
2025-12-27 05:42:00,8.7,,
2025-12-27 05:47:00,8.9,,
2025-12-27 05:52:00,8.7,,
2025-12-27 05:57:00,8.4,,
2025-12-27 06:02:00,8.0,,
2025-12-27 06:07:00,7.8,,
2025-12-27 06:12:00,7.7,,
2025-12-27 06:17:00,7.5,,
2025-12-27 06:22:00,7.5,,
2025-12-27 06:27:00,7.4,,
2025-12-27 06:32:00,7.3,,
2025-12-27 06:37:00,7.3,,
2025-12-27 06:42:00,7.0,,
2025-12-27 06:47:00,6.9,,
2025-12-27 06:52:00,6.9,,
2025-12-27 06:57:00,6.9,,
2025-12-27 07:02:00,6.8,,
2025-12-27 07:07:00,6.7,,
2025-12-27 07:12:00,6.6,,
2025-12-27 07:17:00,6.5,,
2025-12-27 07:22:00,6.5,,
2025-12-27 07:27:00,6.4,,
2025-12-27 07:32:00,6.1,,
2025-12-27 07:37:00,5.8,,
2025-12-27 07:42:00,5.4,,
2025-12-27 07:47:00,5.2,,
2025-12-27 07:52:00,5.1,,
2025-12-27 07:57:00,4.8,,
2025-12-27 08:02:00,4.4,,
2025-12-27 08:07:00,4.2,,
2025-12-27 08:12:00,4.0,,
2025-12-27 08:17:00,3.9,,
2025-12-27 08:22:00,3.8,,
2025-12-27 08:27:00,3.8,,
2025-12-27 08:32:00,3.8,,
2025-12-27 08:37:00,4.0,,
2025-12-27 08:42:00,4.2,,
2025-12-27 08:47:00,4.3,,
2025-12-27 08:52:00,4.3,,
2025-12-27 08:57:00,4.4,38.0,4.0
2025-12-27 09:02:00,4.5,,
2025-12-27 09:07:00,4.6,,
2025-12-27 09:12:00,4.5,,
2025-12-27 09:17:00,4.4,,
2025-12-27 09:22:00,4.7,,
2025-12-27 09:27:00,5.2,,
2025-12-27 09:32:00,5.6,,
2025-12-27 09:37:00,5.9,,
2025-12-27 09:42:00,6.3,,
2025-12-27 09:47:00,6.8,,
2025-12-27 09:52:00,7.2,,
2025-12-27 09:57:00,7.3,,
2025-12-27 10:02:00,7.7,,
2025-12-27 10:07:00,7.9,,
2025-12-27 10:12:00,7.9,,
2025-12-27 10:17:00,8.3,,
2025-12-27 10:22:00,8.5,,
2025-12-27 10:27:00,8.7,,
2025-12-27 10:32:00,8.8,,
2025-12-27 10:37:00,8.8,,
2025-12-27 10:42:00,8.9,,
2025-12-27 10:47:00,9.1,,
2025-12-27 10:52:00,9.4,,
2025-12-27 10:57:00,9.4,,
2025-12-27 11:02:00,9.2,,
2025-12-27 11:07:00,8.9,,
2025-12-27 11:12:00,8.8,,
2025-12-27 11:17:00,8.5,,
2025-12-27 11:22:00,8.2,,
2025-12-27 11:27:00,7.9,,
2025-12-27 11:32:00,7.4,,
2025-12-27 11:37:00,6.8,,
2025-12-27 11:42:00,6.2,,
2025-12-27 11:47:00,6.3,,
2025-12-27 11:52:00,6.0,,
2025-12-27 11:57:00,5.6,,
2025-12-27 12:02:00,5.2,,
2025-12-27 12:07:00,4.7,,
2025-12-27 12:12:00,4.5,,
2025-12-27 12:17:00,4.3,,
2025-12-27 12:22:00,4.3,,
2025-12-27 12:27:00,4.3,,
2025-12-27 12:32:00,4.5,,
2025-12-27 12:37:00,4.8,,
2025-12-27 12:42:00,4.9,,
2025-12-27 12:47:00,4.9,,
2025-12-27 12:52:00,4.9,,
2025-12-27 12:57:00,4.9,,
2025-12-27 13:02:00,5.1,,
2025-12-27 13:07:00,5.3,,
2025-12-27 13:12:00,5.7,,
2025-12-27 13:17:00,6.1,,
2025-12-27 13:22:00,6.3,,
2025-12-27 13:27:00,6.2,,
2025-12-27 13:32:00,6.2,,
2025-12-27 13:37:00,6.2,,
2025-12-27 13:42:00,6.2,,
2025-12-27 13:47:00,6.3,,
2025-12-27 13:52:00,6.5,,
2025-12-27 13:57:00,6.7,,
2025-12-27 14:02:00,6.8,10.0,0.6
2025-12-27 14:07:00,6.9,,
2025-12-27 14:12:00,6.9,,
2025-12-27 14:17:00,7.0,,
2025-12-27 14:22:00,7.2,,
2025-12-27 14:27:00,7.3,,
2025-12-27 14:32:00,7.3,,
2025-12-27 14:37:00,7.4,,
2025-12-27 14:42:00,7.4,,
2025-12-27 14:47:00,7.4,,
2025-12-27 14:52:00,7.5,,
2025-12-27 14:57:00,7.6,,
2025-12-27 15:02:00,7.5,,
2025-12-27 15:07:00,7.4,,
2025-12-27 15:12:00,7.3,,
2025-12-27 15:17:00,7.2,,
2025-12-27 15:22:00,7.2,,
2025-12-27 15:27:00,7.0,,
2025-12-27 15:32:00,6.5,,
2025-12-27 15:37:00,6.1,,
2025-12-27 15:42:00,5.9,,
2025-12-27 15:47:00,5.8,,
2025-12-27 15:52:00,5.4,,
2025-12-27 15:57:00,4.9,,
2025-12-27 16:02:00,4.2,,
2025-12-27 16:07:00,3.7,,
2025-12-27 16:12:00,3.7,,
2025-12-27 16:17:00,3.6,,
2025-12-27 16:22:00,3.6,,
2025-12-27 16:27:00,3.3,,
2025-12-27 16:32:00,3.3,,
2025-12-27 16:37:00,3.6,,
2025-12-27 16:42:00,4.1,,
2025-12-27 16:47:00,4.6,,
2025-12-27 16:52:00,4.7,,
2025-12-27 16:57:00,4.8,,
2025-12-27 17:02:00,5.1,,
2025-12-27 17:07:00,5.6,,
2025-12-27 17:12:00,6.5,,
2025-12-27 17:17:00,7.1,,
2025-12-27 17:22:00,7.7,,
2025-12-27 17:27:00,7.9,,
2025-12-27 17:32:00,8.0,,
2025-12-27 17:37:00,8.1,,
2025-12-27 17:42:00,8.2,,
2025-12-27 17:47:00,8.3,,
2025-12-27 17:52:00,8.4,,
2025-12-27 17:57:00,8.4,,
2025-12-27 18:02:00,8.6,,
2025-12-27 18:07:00,8.7,,
2025-12-27 18:12:00,8.8,25.0,2.05
2025-12-27 18:17:00,9.2,,
2025-12-27 18:22:00,9.7,12.0,1.0
2025-12-27 18:27:00,10.6,,
2025-12-27 18:32:00,11.1,,
2025-12-27 18:37:00,11.3,,
2025-12-27 18:42:00,11.0,,
2025-12-27 18:47:00,9.8,,
2025-12-27 18:52:00,8.3,,
2025-12-27 18:57:00,7.0,,
2025-12-27 19:02:00,5.8,,
2025-12-27 19:07:00,4.9,,
2025-12-27 19:12:00,4.5,,
2025-12-27 19:17:00,4.5,,
2025-12-27 19:22:00,5.0,,
2025-12-27 19:27:00,5.6,,
2025-12-27 19:32:00,6.2,,
2025-12-27 19:37:00,6.5,,
2025-12-27 19:42:00,6.4,,
2025-12-27 19:47:00,6.3,,
2025-12-27 19:52:00,6.3,,
2025-12-27 19:57:00,6.2,,
2025-12-27 20:02:00,6.2,10.0,0.8
2025-12-27 20:07:00,6.3,15.0,1.25
2025-12-27 20:12:00,6.5,,
2025-12-27 20:17:00,7.1,,
2025-12-27 20:22:00,7.5,10.0,0.8
2025-12-27 20:27:00,8.1,,
2025-12-27 20:32:00,8.8,,
2025-12-27 20:37:00,9.5,,
2025-12-27 20:42:00,10.3,,
2025-12-27 20:47:00,,,
2025-12-27 20:52:00,10.9,,
2025-12-27 20:57:00,10.8,,
2025-12-27 21:02:00,,20.0,1.65
2025-12-27 21:07:00,,10.0,0.8
2025-12-27 21:12:00,9.5,,
2025-12-27 21:17:00,9.1,10.0,0.8
2025-12-27 21:22:00,9.3,,
2025-12-27 21:27:00,9.4,,
2025-12-27 21:32:00,9.7,,
2025-12-27 21:37:00,9.8,,
2025-12-27 21:42:00,9.9,,
2025-12-27 21:47:00,10.0,,
2025-12-27 21:52:00,9.9,,
2025-12-27 21:57:00,9.6,,
2025-12-27 22:02:00,9.2,,
2025-12-27 22:07:00,8.6,,
2025-12-27 22:12:00,8.5,,
2025-12-27 22:17:00,8.4,,
2025-12-27 22:22:00,8.4,,
2025-12-27 22:27:00,8.6,,
2025-12-27 22:32:00,8.7,,
2025-12-27 22:37:00,8.7,,
2025-12-27 22:42:00,8.7,,
2025-12-27 22:47:00,8.6,,
2025-12-27 22:52:00,8.7,,
2025-12-27 22:57:00,8.8,,
2025-12-27 23:02:00,8.9,,
2025-12-27 23:07:00,9.1,,
2025-12-27 23:12:00,9.1,,
2025-12-27 23:17:00,9.0,,
2025-12-27 23:22:00,8.9,,
2025-12-27 23:27:00,8.7,,
2025-12-27 23:32:00,8.5,,
2025-12-27 23:37:00,8.9,,
2025-12-27 23:42:00,9.7,,
2025-12-27 23:47:00,10.2,,
2025-12-27 23:52:00,10.6,,
2025-12-27 23:57:00,10.8,,
2025-12-28 00:02:00,10.8,,
2025-12-28 00:07:00,11.5,,
2025-12-28 00:12:00,12.2,,
2025-12-28 00:17:00,12.8,,
2025-12-28 00:22:00,13.5,,
2025-12-28 00:27:00,14.3,,
2025-12-28 00:32:00,14.9,,
2025-12-28 00:37:00,15.7,,
2025-12-28 00:42:00,16.4,,
2025-12-28 00:47:00,17.2,,
2025-12-28 00:52:00,17.9,,
2025-12-28 00:57:00,17.5,,
2025-12-28 01:02:00,17.3,,
2025-12-28 01:07:00,17.6,,
2025-12-28 01:12:00,16.5,,
2025-12-28 01:17:00,15.8,,
2025-12-28 01:22:00,15.8,,
2025-12-28 01:27:00,15.5,,
2025-12-28 01:32:00,15.2,,
2025-12-28 01:37:00,14.3,,
2025-12-28 01:42:00,14.9,,
2025-12-28 01:47:00,15.0,,
2025-12-28 01:52:00,14.8,,
2025-12-28 01:57:00,14.2,,
2025-12-28 02:02:00,13.4,,
2025-12-28 02:07:00,12.3,,
2025-12-28 02:12:00,11.8,,
2025-12-28 02:17:00,11.3,,
2025-12-28 02:22:00,11.7,,
2025-12-28 02:27:00,12.9,,
2025-12-28 02:32:00,12.5,,
2025-12-28 02:37:00,11.9,,
2025-12-28 02:42:00,11.2,,
2025-12-28 02:47:00,10.5,,
2025-12-28 02:52:00,10.0,,
2025-12-28 02:57:00,9.8,,
2025-12-28 03:02:00,9.8,,
2025-12-28 03:07:00,9.9,,
2025-12-28 03:12:00,9.9,,
2025-12-28 03:17:00,9.9,,
2025-12-28 03:22:00,9.9,,
2025-12-28 03:27:00,9.8,,
2025-12-28 03:32:00,9.7,,
2025-12-28 03:37:00,9.6,,
2025-12-28 03:42:00,9.7,,
2025-12-28 03:47:00,9.7,,
2025-12-28 03:52:00,9.8,,
2025-12-28 03:57:00,9.7,,
2025-12-28 04:02:00,9.8,,
2025-12-28 04:07:00,9.7,,
2025-12-28 04:12:00,10.0,,
2025-12-28 04:17:00,9.9,,
2025-12-28 04:22:00,9.4,,
2025-12-28 04:27:00,9.4,,
2025-12-28 04:32:00,9.1,,
2025-12-28 04:37:00,8.7,,
2025-12-28 04:42:00,8.6,,
2025-12-28 04:47:00,8.4,,
2025-12-28 04:52:00,8.2,,
2025-12-28 04:57:00,8.2,,
2025-12-28 05:02:00,7.9,,
2025-12-28 05:07:00,7.4,,
2025-12-28 05:12:00,6.9,,
2025-12-28 05:17:00,6.9,,
2025-12-28 05:22:00,6.4,,
2025-12-28 05:27:00,6.4,,
2025-12-28 05:32:00,6.0,,
2025-12-28 05:37:00,5.8,,
2025-12-28 05:42:00,5.4,,
2025-12-28 05:47:00,5.1,,
2025-12-28 05:52:00,4.8,,
2025-12-28 05:57:00,4.7,,
2025-12-28 06:02:00,4.6,,
2025-12-28 06:07:00,4.4,,
2025-12-28 06:12:00,4.3,,
2025-12-28 06:17:00,4.2,,
2025-12-28 06:22:00,4.2,,
2025-12-28 06:27:00,4.2,,
2025-12-28 06:32:00,4.0,,
2025-12-28 06:37:00,3.8,,
2025-12-28 06:42:00,3.7,,
2025-12-28 06:47:00,3.6,,
2025-12-28 06:52:00,3.3,,
2025-12-28 06:57:00,3.1,,
2025-12-28 07:02:00,3.0,,
2025-12-28 07:07:00,2.9,,
2025-12-28 07:12:00,2.9,,
2025-12-28 07:17:00,3.0,,
2025-12-28 07:22:00,3.2,,
2025-12-28 07:27:00,3.8,,
2025-12-28 07:32:00,4.7,,
2025-12-28 07:37:00,5.2,,
2025-12-28 07:42:00,6.1,,
2025-12-28 07:47:00,6.3,,
2025-12-28 07:52:00,5.9,,
2025-12-28 07:57:00,5.7,,
2025-12-28 08:02:00,5.6,,
2025-12-28 08:07:00,5.5,,
2025-12-28 08:12:00,5.3,,
2025-12-28 08:17:00,5.2,,
2025-12-28 08:22:00,5.1,,
2025-12-28 08:27:00,5.1,,
2025-12-28 08:32:00,5.2,,
2025-12-28 08:37:00,5.1,,
2025-12-28 08:42:00,5.1,,
2025-12-28 08:47:00,5.1,,
2025-12-28 08:52:00,5.1,,
2025-12-28 08:57:00,4.9,,
2025-12-28 09:02:00,4.4,,
2025-12-28 09:07:00,4.9,,
2025-12-28 09:12:00,4.9,,
2025-12-28 09:17:00,5.0,,
2025-12-28 09:22:00,5.3,,
2025-12-28 09:27:00,5.4,,
2025-12-28 09:32:00,5.4,,
2025-12-28 09:37:00,5.7,,
2025-12-28 09:42:00,5.7,,
2025-12-28 09:47:00,5.9,,
2025-12-28 09:52:00,6.0,,
2025-12-28 09:57:00,6.2,,
2025-12-28 10:02:00,6.5,,
2025-12-28 10:07:00,6.6,,
2025-12-28 10:12:00,6.8,,
2025-12-28 10:17:00,6.8,,
2025-12-28 10:22:00,7.0,36.0,4.0
2025-12-28 10:27:00,7.0,,
2025-12-28 10:32:00,7.0,,
2025-12-28 10:37:00,7.0,,
2025-12-28 10:42:00,6.9,,
2025-12-28 10:47:00,6.8,,
2025-12-28 10:52:00,6.8,,
2025-12-28 10:57:00,7.2,,
2025-12-28 11:02:00,7.6,,
2025-12-28 11:07:00,8.0,,
2025-12-28 11:12:00,8.3,,
2025-12-28 11:17:00,8.7,,
2025-12-28 11:22:00,8.9,,
2025-12-28 11:27:00,9.2,,
2025-12-28 11:32:00,9.4,,
2025-12-28 11:37:00,9.5,,
2025-12-28 11:42:00,9.6,,
2025-12-28 11:47:00,9.8,,
2025-12-28 11:52:00,10.0,,
2025-12-28 11:57:00,10.3,,
2025-12-28 12:02:00,9.5,,
2025-12-28 12:07:00,8.8,,
2025-12-28 12:12:00,8.4,,
2025-12-28 12:17:00,8.2,,
2025-12-28 12:22:00,8.3,,
2025-12-28 12:27:00,8.5,,
2025-12-28 12:32:00,8.7,,
2025-12-28 12:37:00,8.7,,
2025-12-28 12:42:00,8.7,,
2025-12-28 12:47:00,8.5,,
2025-12-28 12:52:00,8.2,,
2025-12-28 12:57:00,7.9,,
2025-12-28 13:02:00,7.5,,
2025-12-28 13:07:00,7.2,,
2025-12-28 13:12:00,6.8,,
2025-12-28 13:17:00,6.4,,
2025-12-28 13:22:00,5.9,,
2025-12-28 13:27:00,5.4,,
2025-12-28 13:32:00,5.1,,
2025-12-28 13:37:00,4.8,,
2025-12-28 13:42:00,4.5,,
2025-12-28 13:47:00,4.3,,
2025-12-28 13:52:00,4.1,,
2025-12-28 13:57:00,3.9,,
2025-12-28 14:02:00,3.8,,
2025-12-28 14:07:00,3.6,,
2025-12-28 14:12:00,3.7,,
2025-12-28 14:17:00,3.9,,
2025-12-28 14:22:00,4.2,30.0,1.85
2025-12-28 14:27:00,4.5,,
2025-12-28 14:32:00,5.0,,
2025-12-28 14:37:00,5.6,,
2025-12-28 14:42:00,6.1,,
2025-12-28 14:47:00,6.7,,
2025-12-28 14:52:00,7.2,,
2025-12-28 14:57:00,7.5,,
2025-12-28 15:02:00,7.4,,
2025-12-28 15:07:00,7.0,,
2025-12-28 15:12:00,6.5,,
2025-12-28 15:17:00,6.1,,
2025-12-28 15:22:00,5.8,,
2025-12-28 15:27:00,5.3,,
2025-12-28 15:32:00,5.1,,
2025-12-28 15:37:00,5.2,,
2025-12-28 15:42:00,5.2,,
2025-12-28 15:47:00,5.3,,
2025-12-28 15:52:00,5.6,,
2025-12-28 15:57:00,5.8,,
2025-12-28 16:02:00,6.1,,
2025-12-28 16:07:00,6.5,,
2025-12-28 16:12:00,7.0,,
2025-12-28 16:17:00,7.7,,
2025-12-28 16:22:00,8.2,,
2025-12-28 16:27:00,8.4,,
2025-12-28 16:32:00,8.5,,
2025-12-28 16:37:00,8.6,,
2025-12-28 16:42:00,8.7,,
2025-12-28 16:47:00,8.7,,
2025-12-28 16:52:00,8.6,,
2025-12-28 16:57:00,8.4,,
2025-12-28 17:02:00,8.0,,
2025-12-28 17:07:00,7.9,,
2025-12-28 17:12:00,7.9,,
2025-12-28 17:17:00,7.9,,
2025-12-28 17:22:00,7.9,,
2025-12-28 17:27:00,7.7,,
2025-12-28 17:32:00,7.3,,
2025-12-28 17:37:00,6.7,57.0,4.35
2025-12-28 17:42:00,6.2,,
2025-12-28 17:47:00,5.9,,
2025-12-28 17:52:00,5.6,,
2025-12-28 17:57:00,5.4,,
2025-12-28 18:02:00,5.4,,
2025-12-28 18:07:00,5.6,,
2025-12-28 18:12:00,5.8,,
2025-12-28 18:17:00,6.2,,
2025-12-28 18:22:00,6.2,,
2025-12-28 18:27:00,5.9,,
2025-12-28 18:32:00,5.4,34.0,2.5
2025-12-28 18:37:00,4.9,,
2025-12-28 18:42:00,4.7,,
2025-12-28 18:47:00,4.6,,
2025-12-28 18:52:00,4.6,,
2025-12-28 18:57:00,4.8,,
2025-12-28 19:02:00,4.8,,
2025-12-28 19:07:00,4.8,,
2025-12-28 19:12:00,4.8,,
2025-12-28 19:17:00,4.7,,
2025-12-28 19:22:00,4.7,,
2025-12-28 19:27:00,4.7,,
2025-12-28 19:32:00,4.4,,
2025-12-28 19:37:00,4.3,,
2025-12-28 19:42:00,4.2,,
2025-12-28 19:47:00,4.0,,
2025-12-28 19:52:00,3.8,,
2025-12-28 19:57:00,3.6,,
2025-12-28 20:02:00,3.7,,
2025-12-28 20:07:00,4.1,,
2025-12-28 20:12:00,4.4,,
2025-12-28 20:17:00,4.8,,
2025-12-28 20:22:00,5.0,,
2025-12-28 20:27:00,5.2,,
2025-12-28 20:32:00,5.2,,
2025-12-28 20:37:00,5.2,,
2025-12-28 20:42:00,5.2,,
2025-12-28 20:47:00,5.4,,
2025-12-28 20:52:00,5.6,,
2025-12-28 20:57:00,5.7,,
2025-12-28 21:02:00,5.8,,
2025-12-28 21:07:00,5.6,,
2025-12-28 21:12:00,5.4,,
2025-12-28 21:17:00,5.2,,
2025-12-28 21:22:00,5.3,,
2025-12-28 21:27:00,5.8,,
2025-12-28 21:32:00,6.4,15.0,1.25
2025-12-28 21:37:00,7.0,,
2025-12-28 21:42:00,7.4,,
2025-12-28 21:47:00,8.0,,
2025-12-28 21:52:00,8.5,,
2025-12-28 21:57:00,8.5,,
2025-12-28 22:02:00,8.8,,
2025-12-28 22:07:00,9.1,,
2025-12-28 22:12:00,9.2,,
2025-12-28 22:17:00,9.2,,
2025-12-28 22:22:00,9.2,,
2025-12-28 22:27:00,9.2,,
2025-12-28 22:32:00,8.9,,
2025-12-28 22:37:00,8.4,,
2025-12-28 22:42:00,8.7,,
2025-12-28 22:47:00,8.8,,
2025-12-28 22:52:00,8.4,,
2025-12-28 22:57:00,7.9,,
2025-12-28 23:02:00,7.7,,
2025-12-28 23:07:00,7.6,,
2025-12-28 23:12:00,8.1,,
2025-12-28 23:17:00,8.5,,
2025-12-28 23:22:00,9.0,,
2025-12-28 23:27:00,9.3,,
2025-12-28 23:32:00,9.6,,
2025-12-28 23:37:00,9.7,,
2025-12-28 23:42:00,9.7,,
2025-12-28 23:47:00,9.7,,
2025-12-28 23:52:00,10.0,,
2025-12-28 23:57:00,10.1,,
2025-12-29 00:02:00,10.0,,
2025-12-29 00:07:00,9.7,,
2025-12-29 00:12:00,9.6,,
2025-12-29 00:17:00,9.9,,
2025-12-29 00:22:00,10.3,,
2025-12-29 00:27:00,9.9,,
2025-12-29 00:32:00,9.5,,
2025-12-29 00:37:00,9.4,,
2025-12-29 00:42:00,9.8,,
2025-12-29 00:47:00,10.1,,
2025-12-29 00:52:00,10.0,,
2025-12-29 00:57:00,10.0,,
2025-12-29 01:02:00,9.9,,
2025-12-29 01:07:00,9.7,,
2025-12-29 01:12:00,9.5,,
2025-12-29 01:17:00,9.4,,
2025-12-29 01:22:00,9.3,,
2025-12-29 01:27:00,9.0,,
2025-12-29 01:32:00,8.7,,
2025-12-29 01:37:00,8.3,,
2025-12-29 01:42:00,8.2,,
2025-12-29 01:47:00,7.9,,
2025-12-29 01:52:00,7.7,,
2025-12-29 01:57:00,7.4,,
2025-12-29 02:02:00,7.1,,
2025-12-29 02:07:00,6.9,,
2025-12-29 02:12:00,6.7,,
2025-12-29 02:17:00,6.6,,
2025-12-29 02:22:00,6.3,,
2025-12-29 02:27:00,5.9,,
2025-12-29 02:32:00,5.6,,
2025-12-29 02:37:00,,,
2025-12-29 02:42:00,,,
2025-12-29 02:47:00,,,
2025-12-29 02:52:00,,,
2025-12-29 02:57:00,4.9,,
2025-12-29 03:02:00,4.8,,
2025-12-29 03:07:00,4.5,,
2025-12-29 03:12:00,4.5,,
2025-12-29 03:17:00,4.6,,
2025-12-29 03:22:00,4.7,,
2025-12-29 03:27:00,4.7,,
2025-12-29 03:32:00,4.4,,
2025-12-29 03:37:00,4.4,,
2025-12-29 03:42:00,4.4,,
2025-12-29 03:47:00,4.3,,
2025-12-29 03:52:00,4.3,,
2025-12-29 03:57:00,4.2,,
2025-12-29 04:02:00,4.2,,
2025-12-29 04:07:00,4.1,,
2025-12-29 04:12:00,4.1,,
2025-12-29 04:17:00,4.1,,
2025-12-29 04:22:00,4.1,,
2025-12-29 04:27:00,4.2,,
2025-12-29 04:32:00,4.3,,
2025-12-29 04:37:00,4.4,,
2025-12-29 04:42:00,4.7,,
2025-12-29 04:47:00,4.8,,
2025-12-29 04:52:00,4.8,,
2025-12-29 04:57:00,4.8,,
2025-12-29 05:02:00,4.7,,
2025-12-29 05:07:00,4.8,,
2025-12-29 05:12:00,4.9,,
2025-12-29 05:17:00,5.1,,
2025-12-29 05:22:00,5.2,,
2025-12-29 05:27:00,5.3,,
2025-12-29 05:32:00,5.2,,
2025-12-29 05:37:00,5.4,,
2025-12-29 05:42:00,5.6,,
2025-12-29 05:47:00,5.7,,
2025-12-29 05:52:00,5.9,,
2025-12-29 05:57:00,6.2,,
2025-12-29 06:02:00,6.4,,
2025-12-29 06:07:00,6.7,,
2025-12-29 06:12:00,6.8,,
2025-12-29 06:17:00,7.0,,
2025-12-29 06:22:00,7.1,,
2025-12-29 06:27:00,7.2,,
2025-12-29 06:32:00,7.3,,
2025-12-29 06:37:00,7.3,,
2025-12-29 06:42:00,7.4,,
2025-12-29 06:47:00,7.4,,
2025-12-29 06:52:00,7.4,,
2025-12-29 06:57:00,7.3,,
2025-12-29 07:02:00,7.1,,
2025-12-29 07:07:00,7.2,,
2025-12-29 07:12:00,7.3,,
2025-12-29 07:17:00,7.3,,
2025-12-29 07:22:00,7.2,,
2025-12-29 07:27:00,7.3,,
2025-12-29 07:32:00,7.4,,
2025-12-29 07:37:00,7.6,,
2025-12-29 07:42:00,7.6,,
2025-12-29 07:47:00,7.5,,
2025-12-29 07:52:00,7.4,,
2025-12-29 07:57:00,7.5,,
2025-12-29 08:02:00,7.5,,
2025-12-29 08:07:00,7.7,,
2025-12-29 08:12:00,7.8,,
2025-12-29 08:17:00,7.9,,
2025-12-29 08:22:00,7.8,,
2025-12-29 08:27:00,7.9,,
2025-12-29 08:32:00,8.0,,
2025-12-29 08:37:00,8.0,,
2025-12-29 08:42:00,7.9,,
2025-12-29 08:47:00,7.9,,
2025-12-29 08:52:00,7.7,,
2025-12-29 08:57:00,7.5,,
2025-12-29 09:02:00,7.3,,
2025-12-29 09:07:00,7.1,,
2025-12-29 09:12:00,6.9,,
2025-12-29 09:17:00,6.8,,
2025-12-29 09:22:00,6.7,,
2025-12-29 09:27:00,6.7,,
2025-12-29 09:32:00,6.5,40.0,5.0
2025-12-29 09:37:00,6.5,,
2025-12-29 09:42:00,6.3,,
2025-12-29 09:47:00,6.1,,
2025-12-29 09:52:00,5.9,,
2025-12-29 09:57:00,5.8,,
2025-12-29 10:02:00,5.7,,
2025-12-29 10:07:00,4.9,,
2025-12-29 10:12:00,5.3,,
2025-12-29 10:17:00,4.9,,
2025-12-29 10:22:00,4.7,,
2025-12-29 10:27:00,4.4,,
2025-12-29 10:32:00,4.2,,
2025-12-29 10:37:00,4.1,,
2025-12-29 10:42:00,4.1,,
2025-12-29 10:47:00,4.2,,
2025-12-29 10:52:00,4.3,,
2025-12-29 10:57:00,4.5,,
2025-12-29 11:02:00,4.6,,
2025-12-29 11:07:00,4.7,,
2025-12-29 11:12:00,4.7,,
2025-12-29 11:17:00,4.6,,
2025-12-29 11:22:00,4.4,,
2025-12-29 11:27:00,4.2,,
2025-12-29 11:32:00,4.2,,
2025-12-29 11:37:00,3.8,,
2025-12-29 11:42:00,3.4,,
2025-12-29 11:47:00,3.2,,
2025-12-29 11:52:00,3.1,,
2025-12-29 11:57:00,3.0,,
2025-12-29 12:02:00,3.2,,
2025-12-29 12:07:00,3.6,,
2025-12-29 12:12:00,4.2,,
2025-12-29 12:17:00,4.9,,
2025-12-29 12:22:00,5.5,,
2025-12-29 12:27:00,5.7,,
2025-12-29 12:32:00,6.2,,
2025-12-29 12:37:00,6.7,,
2025-12-29 12:42:00,7.3,,
2025-12-29 12:47:00,8.0,,
2025-12-29 12:52:00,8.8,,
2025-12-29 12:57:00,9.4,,
2025-12-29 13:02:00,9.5,,
2025-12-29 13:07:00,9.5,,
2025-12-29 13:12:00,9.5,,
2025-12-29 13:17:00,9.8,24.0,1.5
2025-12-29 13:22:00,9.9,,
2025-12-29 13:27:00,9.8,,
2025-12-29 13:32:00,9.8,,
2025-12-29 13:37:00,10.2,,
2025-12-29 13:42:00,10.1,,
2025-12-29 13:47:00,10.6,,
2025-12-29 13:52:00,11.0,,
2025-12-29 13:57:00,11.3,,
2025-12-29 14:02:00,11.4,,
2025-12-29 14:07:00,11.7,15.0,0.9
2025-12-29 14:12:00,12.0,,
2025-12-29 14:17:00,12.5,,
2025-12-29 14:22:00,12.7,,
2025-12-29 14:27:00,12.7,,
2025-12-29 14:32:00,12.9,,
2025-12-29 14:37:00,12.7,,
2025-12-29 14:42:00,12.7,,
2025-12-29 14:47:00,12.7,0.0,1.0
2025-12-29 14:52:00,12.9,,
2025-12-29 14:57:00,12.9,,
2025-12-29 15:02:00,13.0,,
2025-12-29 15:07:00,12.8,,
2025-12-29 15:12:00,11.3,,
2025-12-29 15:17:00,,,
2025-12-29 15:22:00,,,
2025-12-29 15:27:00,,,
2025-12-29 15:32:00,,,
2025-12-29 15:37:00,,,
2025-12-29 15:42:00,12.2,,
2025-12-29 15:47:00,12.2,,
2025-12-29 15:52:00,11.9,,
2025-12-29 15:57:00,11.8,,
2025-12-29 16:02:00,11.7,,
2025-12-29 16:07:00,11.6,,
2025-12-29 16:12:00,11.6,,
2025-12-29 16:17:00,11.5,,
2025-12-29 16:22:00,11.5,,
2025-12-29 16:27:00,11.3,,
2025-12-29 16:32:00,11.2,,
2025-12-29 16:37:00,11.0,,
2025-12-29 16:42:00,10.9,,
2025-12-29 16:47:00,10.9,0.0,1.0
2025-12-29 16:52:00,10.5,,
2025-12-29 16:57:00,10.0,,
2025-12-29 17:02:00,9.7,,
2025-12-29 17:07:00,9.5,,
2025-12-29 17:12:00,9.4,,
2025-12-29 17:17:00,9.4,,
2025-12-29 17:22:00,9.2,,
2025-12-29 17:27:00,9.0,,
2025-12-29 17:32:00,9.1,,
2025-12-29 17:37:00,9.3,,
2025-12-29 17:42:00,9.7,,
2025-12-29 17:47:00,9.9,,
2025-12-29 17:52:00,10.0,,
2025-12-29 17:57:00,9.9,,
2025-12-29 18:02:00,9.8,,
2025-12-29 18:07:00,9.7,,
2025-12-29 18:12:00,9.6,,
2025-12-29 18:17:00,9.7,,
2025-12-29 18:22:00,9.9,,
2025-12-29 18:27:00,9.8,,
2025-12-29 18:32:00,9.7,,
2025-12-29 18:37:00,9.5,,
2025-12-29 18:42:00,9.3,,
2025-12-29 18:47:00,9.1,,
2025-12-29 18:52:00,8.7,,
2025-12-29 18:57:00,8.3,,
2025-12-29 19:02:00,8.0,,
2025-12-29 19:07:00,7.8,,
2025-12-29 19:12:00,7.5,,
2025-12-29 19:17:00,7.3,,
2025-12-29 19:22:00,7.3,,
2025-12-29 19:27:00,7.7,,
2025-12-29 19:32:00,8.4,,
2025-12-29 19:37:00,9.4,,
2025-12-29 19:42:00,10.3,,
2025-12-29 19:47:00,11.4,,
2025-12-29 19:52:00,12.5,,
2025-12-29 19:57:00,13.1,,
2025-12-29 20:02:00,,,
2025-12-29 20:07:00,,,
2025-12-29 20:12:00,,,
2025-12-29 20:17:00,,52.0,4.3
2025-12-29 20:22:00,,,
2025-12-29 20:27:00,,,
2025-12-29 20:32:00,,,
2025-12-29 20:37:00,,,
2025-12-29 20:42:00,,,
2025-12-29 20:47:00,,,
2025-12-29 20:52:00,,,
2025-12-29 20:57:00,,,
2025-12-29 21:02:00,,,
2025-12-29 21:07:00,,,
2025-12-29 21:12:00,,,
2025-12-29 21:17:00,,,
2025-12-29 21:22:00,,,
2025-12-29 21:27:00,,,
2025-12-29 21:32:00,,,
2025-12-29 21:37:00,,,
2025-12-29 21:42:00,,,
2025-12-29 21:47:00,,,
2025-12-29 21:52:00,,,
2025-12-29 21:57:00,,,
2025-12-29 22:02:00,,,
2025-12-29 22:07:00,,,
2025-12-29 22:12:00,8.5,,
2025-12-29 22:17:00,8.7,,
2025-12-29 22:22:00,9.7,,
2025-12-29 22:27:00,10.0,,
2025-12-29 22:32:00,9.5,,
2025-12-29 22:37:00,9.7,,
2025-12-29 22:42:00,10.1,,
2025-12-29 22:47:00,10.0,,
2025-12-29 22:52:00,9.9,,
2025-12-29 22:57:00,9.3,,
2025-12-29 23:02:00,9.0,,
2025-12-29 23:07:00,8.8,,
2025-12-29 23:12:00,8.7,,
2025-12-29 23:17:00,8.6,,
2025-12-29 23:22:00,8.4,,
2025-12-29 23:27:00,8.3,,
2025-12-29 23:32:00,8.5,,
2025-12-29 23:37:00,8.3,,
2025-12-29 23:42:00,8.3,,
2025-12-29 23:47:00,8.2,,
2025-12-29 23:52:00,8.4,,
2025-12-29 23:57:00,8.5,,
2025-12-30 00:02:00,8.5,,
2025-12-30 00:07:00,8.0,,
2025-12-30 00:12:00,7.8,,
2025-12-30 00:17:00,8.1,,
2025-12-30 00:22:00,8.2,,
2025-12-30 00:27:00,8.3,,
2025-12-30 00:32:00,8.2,,
2025-12-30 00:37:00,8.2,,
2025-12-30 00:42:00,8.3,,
2025-12-30 00:47:00,8.4,,
2025-12-30 00:52:00,8.7,,
2025-12-30 00:57:00,8.6,,
2025-12-30 01:02:00,7.9,,
2025-12-30 01:07:00,7.5,,
2025-12-30 01:12:00,7.5,,
2025-12-30 01:17:00,7.2,,
2025-12-30 01:22:00,7.6,,
2025-12-30 01:27:00,7.9,,
2025-12-30 01:32:00,7.2,,
2025-12-30 01:37:00,6.1,,
2025-12-30 01:42:00,5.6,,
2025-12-30 01:47:00,5.3,,
2025-12-30 01:52:00,6.0,,
2025-12-30 01:57:00,6.9,,
2025-12-30 02:02:00,7.4,,
2025-12-30 02:07:00,7.2,,
2025-12-30 02:12:00,5.9,,
2025-12-30 02:17:00,5.1,,
2025-12-30 02:22:00,6.5,,
2025-12-30 02:27:00,7.3,,
2025-12-30 02:32:00,7.9,,
2025-12-30 02:37:00,8.0,,
2025-12-30 02:42:00,7.7,,
2025-12-30 02:47:00,7.4,,
2025-12-30 02:52:00,6.4,,
2025-12-30 02:57:00,6.1,,
2025-12-30 03:02:00,6.1,,
2025-12-30 03:07:00,6.2,,
2025-12-30 03:12:00,6.2,,
2025-12-30 03:17:00,6.2,,
2025-12-30 03:22:00,6.1,,
2025-12-30 03:27:00,6.1,,
2025-12-30 03:32:00,6.2,,
2025-12-30 03:37:00,6.2,,
2025-12-30 03:42:00,6.4,,
2025-12-30 03:47:00,6.8,,
2025-12-30 03:52:00,6.2,,
2025-12-30 03:57:00,6.8,,
2025-12-30 04:02:00,7.0,,
2025-12-30 04:07:00,7.3,,
2025-12-30 04:12:00,7.5,,
2025-12-30 04:17:00,7.1,,
2025-12-30 04:22:00,6.4,,
2025-12-30 04:27:00,5.4,,
2025-12-30 04:32:00,4.1,,
2025-12-30 04:37:00,3.0,,
2025-12-30 04:42:00,2.3,,
2025-12-30 04:47:00,2.6,,
2025-12-30 04:52:00,4.3,,
2025-12-30 04:57:00,5.3,,
2025-12-30 05:02:00,5.6,,
2025-12-30 05:07:00,5.3,,
2025-12-30 05:12:00,5.2,,
2025-12-30 05:17:00,5.6,,
2025-12-30 05:22:00,6.4,,
2025-12-30 05:27:00,6.5,,
2025-12-30 05:32:00,5.9,,
2025-12-30 05:37:00,5.6,,
2025-12-30 05:42:00,5.7,,
2025-12-30 05:47:00,5.6,,
2025-12-30 05:52:00,5.4,,
2025-12-30 05:57:00,5.1,,
2025-12-30 06:02:00,4.8,,
2025-12-30 06:07:00,4.7,,
2025-12-30 06:12:00,4.6,,
2025-12-30 06:17:00,4.4,,
2025-12-30 06:22:00,4.3,,
2025-12-30 06:27:00,4.2,,
2025-12-30 06:32:00,4.0,,
2025-12-30 06:37:00,4.3,,
2025-12-30 06:42:00,4.2,,
2025-12-30 06:47:00,4.1,,
2025-12-30 06:52:00,4.1,,
2025-12-30 06:57:00,4.0,,
2025-12-30 07:02:00,3.8,,
2025-12-30 07:07:00,3.7,,
2025-12-30 07:12:00,3.6,,
2025-12-30 07:17:00,3.7,,
2025-12-30 07:22:00,3.9,,
2025-12-30 07:27:00,4.2,,
2025-12-30 07:32:00,4.6,,
2025-12-30 07:37:00,4.8,,
2025-12-30 07:42:00,4.9,,
2025-12-30 07:47:00,4.8,,
2025-12-30 07:52:00,4.8,,
2025-12-30 07:57:00,4.7,,
2025-12-30 08:02:00,4.6,,
2025-12-30 08:07:00,4.6,,
2025-12-30 08:12:00,4.6,,
2025-12-30 08:17:00,4.4,,
2025-12-30 08:22:00,4.4,,
2025-12-30 08:27:00,4.8,,
2025-12-30 08:32:00,4.6,,
2025-12-30 08:37:00,4.5,,
2025-12-30 08:42:00,4.4,,
2025-12-30 08:47:00,4.4,,
2025-12-30 08:52:00,4.7,,
2025-12-30 08:57:00,4.9,,
2025-12-30 09:02:00,5.0,,
2025-12-30 09:07:00,5.3,,
2025-12-30 09:12:00,5.4,40.0,5.0
2025-12-30 09:17:00,5.4,,
2025-12-30 09:22:00,5.6,,
2025-12-30 09:27:00,5.7,,
2025-12-30 09:32:00,5.4,,
2025-12-30 09:37:00,5.3,,
2025-12-30 09:42:00,5.8,,
2025-12-30 09:47:00,6.3,,
2025-12-30 09:52:00,6.9,,
2025-12-30 09:57:00,8.2,,
2025-12-30 10:02:00,9.3,,
2025-12-30 10:07:00,9.8,,
2025-12-30 10:12:00,10.2,,
2025-12-30 10:17:00,10.3,,
2025-12-30 10:22:00,10.4,,
2025-12-30 10:27:00,10.8,,
2025-12-30 10:32:00,11.6,,
2025-12-30 10:37:00,12.3,,
2025-12-30 10:42:00,13.0,,
2025-12-30 10:47:00,13.5,,
2025-12-30 10:52:00,14.1,,
2025-12-30 10:57:00,14.8,,
2025-12-30 11:02:00,14.9,,
2025-12-30 11:07:00,14.6,,
2025-12-30 11:12:00,14.1,30.0,1.85
2025-12-30 11:17:00,14.0,,
2025-12-30 11:22:00,13.9,,
2025-12-30 11:27:00,13.8,,
2025-12-30 11:32:00,13.7,,
2025-12-30 11:37:00,13.7,,
2025-12-30 11:42:00,13.4,,
2025-12-30 11:47:00,13.2,,
2025-12-30 11:52:00,13.0,,
2025-12-30 11:57:00,12.8,,
2025-12-30 12:02:00,12.4,,
2025-12-30 12:07:00,12.4,,
2025-12-30 12:12:00,12.8,,
2025-12-30 12:17:00,12.9,,
2025-12-30 12:22:00,13.1,,
2025-12-30 12:27:00,13.3,,
2025-12-30 12:32:00,13.8,,
2025-12-30 12:37:00,14.0,,
2025-12-30 12:42:00,14.6,,
2025-12-30 12:47:00,14.9,,
2025-12-30 12:52:00,15.1,,
2025-12-30 12:57:00,15.0,,
2025-12-30 13:02:00,14.9,,
2025-12-30 13:07:00,14.7,,
2025-12-30 13:12:00,14.4,,
2025-12-30 13:17:00,14.1,,
2025-12-30 13:22:00,13.7,,
2025-12-30 13:27:00,13.5,,
2025-12-30 13:32:00,13.3,,
2025-12-30 13:37:00,12.9,,
2025-12-30 13:42:00,12.5,,
2025-12-30 13:47:00,12.0,,
2025-12-30 13:52:00,11.3,,
2025-12-30 13:57:00,10.6,,
2025-12-30 14:02:00,10.1,,
2025-12-30 14:07:00,9.7,,
2025-12-30 14:12:00,9.3,,
2025-12-30 14:17:00,8.9,,
2025-12-30 14:22:00,8.4,,
2025-12-30 14:27:00,7.9,,
2025-12-30 14:32:00,7.4,,
2025-12-30 14:37:00,6.9,,
2025-12-30 14:42:00,6.3,,
2025-12-30 14:47:00,5.8,,
2025-12-30 14:52:00,5.2,,
2025-12-30 14:57:00,4.4,,
2025-12-30 15:02:00,4.0,,
2025-12-30 15:07:00,4.3,,
2025-12-30 15:12:00,5.1,,
2025-12-30 15:17:00,6.2,,
2025-12-30 15:22:00,7.3,,
2025-12-30 15:27:00,7.8,,
2025-12-30 15:32:00,8.1,,
2025-12-30 15:37:00,7.7,,
2025-12-30 15:42:00,7.3,,
2025-12-30 15:47:00,6.9,,
2025-12-30 15:52:00,6.4,,
2025-12-30 15:57:00,6.1,,
2025-12-30 16:02:00,5.9,,
2025-12-30 16:07:00,5.8,,
2025-12-30 16:12:00,5.8,,
2025-12-30 16:17:00,6.1,,
2025-12-30 16:22:00,6.7,,
2025-12-30 16:27:00,7.0,,
2025-12-30 16:32:00,6.8,,
2025-12-30 16:37:00,6.4,,
2025-12-30 16:42:00,6.5,,
2025-12-30 16:47:00,6.9,49.0,3.75
2025-12-30 16:52:00,7.3,,
2025-12-30 16:57:00,7.5,,
2025-12-30 17:02:00,7.8,,
2025-12-30 17:07:00,9.3,,
2025-12-30 17:12:00,10.9,,
2025-12-30 17:17:00,12.9,40.0,3.0
2025-12-30 17:22:00,14.4,,
2025-12-30 17:27:00,15.4,,
2025-12-30 17:32:00,16.2,,
2025-12-30 17:37:00,16.9,,
2025-12-30 17:42:00,17.4,,
2025-12-30 17:47:00,17.7,,
2025-12-30 17:52:00,18.0,,
2025-12-30 17:57:00,18.0,,
2025-12-30 18:02:00,18.5,,
2025-12-30 18:07:00,18.9,,
2025-12-30 18:12:00,19.6,,
2025-12-30 18:17:00,20.5,,
2025-12-30 18:22:00,20.9,,
2025-12-30 18:27:00,21.5,,
2025-12-30 18:32:00,21.9,,
2025-12-30 18:37:00,111.1,,
2025-12-30 18:42:00,111.1,,
2025-12-30 18:47:00,,,
2025-12-30 18:52:00,,,
2025-12-30 18:57:00,,,
2025-12-30 19:02:00,,,
2025-12-30 19:07:00,,,
2025-12-30 19:12:00,,,
2025-12-30 19:17:00,,,
2025-12-30 19:22:00,,,
2025-12-30 19:27:00,,,
2025-12-30 19:32:00,,,
2025-12-30 19:37:00,,,
2025-12-30 19:42:00,,,
2025-12-30 19:47:00,,,
2025-12-30 19:52:00,,,
2025-12-30 19:57:00,,,
2025-12-30 20:02:00,,,
2025-12-30 20:07:00,,0.0,1.75
2025-12-30 20:12:00,111.1,,
2025-12-30 20:17:00,111.1,,
2025-12-30 20:22:00,111.1,,
2025-12-30 20:27:00,111.1,,
2025-12-30 20:32:00,111.1,,
2025-12-30 20:37:00,111.1,,
2025-12-30 20:42:00,111.1,,
2025-12-30 20:47:00,111.1,,
2025-12-30 20:52:00,111.1,,
2025-12-30 20:57:00,111.1,,
2025-12-30 21:02:00,111.1,,
2025-12-30 21:07:00,21.8,,
2025-12-30 21:12:00,20.9,,
2025-12-30 21:17:00,19.2,,
2025-12-30 21:22:00,17.8,,
2025-12-30 21:27:00,15.9,,
2025-12-30 21:32:00,14.1,,
2025-12-30 21:37:00,12.6,,
2025-12-30 21:42:00,11.4,,
2025-12-30 21:47:00,10.3,,
2025-12-30 21:52:00,9.5,,
2025-12-30 21:57:00,8.7,,
2025-12-30 22:02:00,8.1,,
2025-12-30 22:07:00,7.3,,
2025-12-30 22:12:00,6.5,,
2025-12-30 22:17:00,6.1,,
2025-12-30 22:22:00,5.6,,
2025-12-30 22:27:00,5.2,,
2025-12-30 22:32:00,4.8,,
2025-12-30 22:37:00,4.6,,
2025-12-30 22:42:00,4.6,,
2025-12-30 22:47:00,4.4,,
2025-12-30 22:52:00,4.2,,
2025-12-30 22:57:00,3.9,,
2025-12-30 23:02:00,3.6,,
2025-12-30 23:07:00,3.4,,
2025-12-30 23:12:00,3.2,,
2025-12-30 23:17:00,3.1,,
2025-12-30 23:22:00,3.2,,
2025-12-30 23:27:00,3.4,,
2025-12-30 23:32:00,3.7,,
2025-12-30 23:37:00,3.7,,
2025-12-30 23:42:00,3.4,,
2025-12-30 23:47:00,3.2,,
2025-12-30 23:52:00,3.1,,
2025-12-30 23:57:00,3.1,,
2025-12-31 00:02:00,3.2,,
2025-12-31 00:07:00,3.2,,
2025-12-31 00:12:00,2.7,,
2025-12-31 00:17:00,3.4,,
2025-12-31 00:22:00,4.3,,
2025-12-31 00:27:00,4.9,,
2025-12-31 00:32:00,5.1,,
2025-12-31 00:37:00,4.8,,
2025-12-31 00:42:00,4.6,,
2025-12-31 00:47:00,4.3,,
2025-12-31 00:52:00,4.6,,
2025-12-31 00:57:00,5.0,,
2025-12-31 01:02:00,5.3,,
2025-12-31 01:07:00,5.7,,
2025-12-31 01:12:00,5.9,,
2025-12-31 01:17:00,5.9,,
2025-12-31 01:22:00,6.0,,
2025-12-31 01:27:00,5.9,,
2025-12-31 01:32:00,5.8,,
2025-12-31 01:37:00,5.9,,
2025-12-31 01:42:00,5.4,,
2025-12-31 01:47:00,5.1,,
2025-12-31 01:52:00,5.3,,
2025-12-31 01:57:00,5.6,,
2025-12-31 02:02:00,5.7,,
2025-12-31 02:07:00,5.8,,
2025-12-31 02:12:00,5.4,,
2025-12-31 02:17:00,5.3,,
2025-12-31 02:22:00,5.7,,
2025-12-31 02:27:00,5.8,,
2025-12-31 02:32:00,5.7,,
2025-12-31 02:37:00,3.8,,
2025-12-31 02:42:00,2.7,,
2025-12-31 02:47:00,2.6,,
2025-12-31 02:52:00,3.0,,
2025-12-31 02:57:00,3.9,,
2025-12-31 03:02:00,5.6,,
2025-12-31 03:07:00,8.0,,
2025-12-31 03:12:00,8.9,,
2025-12-31 03:17:00,9.0,,
2025-12-31 03:22:00,9.5,,
2025-12-31 03:27:00,9.7,,
2025-12-31 03:32:00,9.2,,
2025-12-31 03:37:00,9.3,,
2025-12-31 03:42:00,9.6,,
2025-12-31 03:47:00,9.7,,
2025-12-31 03:52:00,9.7,,
2025-12-31 03:57:00,9.9,,
2025-12-31 04:02:00,9.4,,
2025-12-31 04:07:00,9.3,,
2025-12-31 04:12:00,9.0,,
2025-12-31 04:17:00,8.8,,
2025-12-31 04:22:00,8.8,,
2025-12-31 04:27:00,8.8,,
2025-12-31 04:32:00,8.4,,
2025-12-31 04:37:00,8.2,,
2025-12-31 04:42:00,8.0,,
2025-12-31 04:47:00,8.0,,
2025-12-31 04:52:00,8.0,,
2025-12-31 04:57:00,7.9,,
2025-12-31 05:02:00,7.8,,
2025-12-31 05:07:00,7.8,,
2025-12-31 05:12:00,7.8,,
2025-12-31 05:17:00,8.2,,
2025-12-31 05:22:00,8.3,,
2025-12-31 05:27:00,8.4,,
2025-12-31 05:32:00,8.5,,
2025-12-31 05:37:00,8.5,,
2025-12-31 05:42:00,8.4,,
2025-12-31 05:47:00,8.3,,
2025-12-31 05:52:00,8.3,,
2025-12-31 05:57:00,8.2,,
2025-12-31 06:02:00,8.1,,
2025-12-31 06:07:00,8.3,,
2025-12-31 06:12:00,7.8,,
2025-12-31 06:17:00,7.8,,
2025-12-31 06:22:00,7.3,,
2025-12-31 06:27:00,6.9,,
2025-12-31 06:32:00,6.6,,
2025-12-31 06:37:00,6.4,,
2025-12-31 06:42:00,6.4,,
2025-12-31 06:47:00,6.3,,
2025-12-31 06:52:00,6.2,,
2025-12-31 06:57:00,6.1,,
2025-12-31 07:02:00,5.9,,
2025-12-31 07:07:00,5.7,,
2025-12-31 07:12:00,5.5,,
2025-12-31 07:17:00,5.2,,
2025-12-31 07:22:00,4.9,,
2025-12-31 07:27:00,4.8,,
2025-12-31 07:32:00,4.6,,
2025-12-31 07:37:00,4.4,,
2025-12-31 07:42:00,4.6,,
2025-12-31 07:47:00,4.4,,
2025-12-31 07:52:00,4.5,,
2025-12-31 07:57:00,4.5,,
2025-12-31 08:02:00,4.4,,
2025-12-31 08:07:00,4.4,,
2025-12-31 08:12:00,4.5,,
2025-12-31 08:17:00,4.6,,
2025-12-31 08:22:00,4.7,,
2025-12-31 08:27:00,4.8,,
2025-12-31 08:32:00,4.8,,
2025-12-31 08:37:00,4.8,,
2025-12-31 08:42:00,4.8,,
2025-12-31 08:47:00,4.8,,
2025-12-31 08:52:00,4.6,,
2025-12-31 08:57:00,4.7,,
2025-12-31 09:02:00,4.9,,
2025-12-31 09:07:00,4.9,,
2025-12-31 09:12:00,4.9,,
2025-12-31 09:17:00,4.9,,
2025-12-31 09:22:00,4.8,,
2025-12-31 09:27:00,4.7,,
2025-12-31 09:32:00,4.8,,
2025-12-31 09:37:00,4.9,,
2025-12-31 09:42:00,5.1,,
2025-12-31 09:47:00,5.2,40.0,5.0
2025-12-31 09:52:00,5.3,,
2025-12-31 09:57:00,5.6,,
2025-12-31 10:02:00,5.8,,
2025-12-31 10:07:00,6.0,,
2025-12-31 10:12:00,6.2,,
2025-12-31 10:17:00,6.8,,
2025-12-31 10:22:00,7.7,,
2025-12-31 10:27:00,8.7,,
2025-12-31 10:32:00,9.8,,
2025-12-31 10:37:00,10.8,,
2025-12-31 10:42:00,11.5,,
2025-12-31 10:47:00,12.5,,
2025-12-31 10:52:00,13.8,,
2025-12-31 10:57:00,14.2,,
2025-12-31 11:02:00,14.6,,
2025-12-31 11:07:00,14.7,,
2025-12-31 11:12:00,15.2,,
2025-12-31 11:17:00,15.7,,
2025-12-31 11:22:00,16.1,,
2025-12-31 11:27:00,16.2,,
2025-12-31 11:32:00,16.5,,
2025-12-31 11:37:00,16.9,,
2025-12-31 11:42:00,17.2,0.0,1.0
2025-12-31 11:47:00,17.0,,
2025-12-31 11:52:00,16.9,,
2025-12-31 11:57:00,16.5,,
2025-12-31 12:02:00,16.5,,
2025-12-31 12:07:00,16.1,,
2025-12-31 12:12:00,15.9,,
2025-12-31 12:17:00,15.8,,
2025-12-31 12:22:00,15.0,,
2025-12-31 12:27:00,14.2,,
2025-12-31 12:32:00,13.1,,
2025-12-31 12:37:00,12.1,,
2025-12-31 12:42:00,11.2,,
2025-12-31 12:47:00,10.3,,
2025-12-31 12:52:00,9.8,,
2025-12-31 12:57:00,9.3,,
2025-12-31 13:02:00,8.7,,
2025-12-31 13:07:00,7.8,,
2025-12-31 13:12:00,7.0,,
2025-12-31 13:17:00,6.6,,
2025-12-31 13:22:00,6.4,,
2025-12-31 13:27:00,5.4,,
2025-12-31 13:32:00,5.0,,
2025-12-31 13:37:00,4.7,,
2025-12-31 13:42:00,4.3,,
2025-12-31 13:47:00,3.7,,
2025-12-31 13:52:00,3.5,,
2025-12-31 13:57:00,3.8,,
2025-12-31 14:02:00,4.2,,
2025-12-31 14:07:00,5.1,,
2025-12-31 14:12:00,5.9,,
2025-12-31 14:17:00,6.9,,
2025-12-31 14:22:00,7.7,15.0,0.9
2025-12-31 14:27:00,8.4,,
2025-12-31 14:32:00,8.8,,
2025-12-31 14:37:00,9.3,,
2025-12-31 14:42:00,10.0,,
2025-12-31 14:47:00,10.3,,
2025-12-31 14:52:00,10.4,,
2025-12-31 14:57:00,10.6,,
2025-12-31 15:02:00,10.6,,
2025-12-31 15:07:00,10.3,,
2025-12-31 15:12:00,10.2,,
2025-12-31 15:17:00,10.1,,
2025-12-31 15:22:00,10.6,,
2025-12-31 15:27:00,11.5,,
2025-12-31 15:32:00,12.6,,
2025-12-31 15:37:00,13.7,,
2025-12-31 15:42:00,14.1,,
2025-12-31 15:47:00,14.3,,
2025-12-31 15:52:00,14.3,,
2025-12-31 15:57:00,14.6,,
2025-12-31 16:02:00,15.0,,
2025-12-31 16:07:00,15.3,,
2025-12-31 16:12:00,15.5,,
2025-12-31 16:17:00,15.5,,
2025-12-31 16:22:00,15.3,,
2025-12-31 16:27:00,14.7,,
2025-12-31 16:32:00,14.2,,
2025-12-31 16:37:00,13.6,,
2025-12-31 16:42:00,13.0,,
2025-12-31 16:47:00,12.6,,
2025-12-31 16:52:00,12.1,,
2025-12-31 16:57:00,11.8,,
2025-12-31 17:02:00,11.3,,
2025-12-31 17:07:00,10.8,,
2025-12-31 17:12:00,10.3,,
2025-12-31 17:17:00,9.8,,
2025-12-31 17:22:00,9.3,,
2025-12-31 17:27:00,9.0,,
2025-12-31 17:32:00,9.0,,
2025-12-31 17:37:00,8.5,,
2025-12-31 17:42:00,8.0,,
2025-12-31 17:47:00,7.3,,
2025-12-31 17:52:00,6.9,47.5,3.65
2025-12-31 17:57:00,6.6,,
2025-12-31 18:02:00,6.1,,
2025-12-31 18:07:00,5.6,,
2025-12-31 18:12:00,5.2,,
2025-12-31 18:17:00,5.5,30.0,2.5
2025-12-31 18:22:00,6.1,,
2025-12-31 18:27:00,6.8,,
2025-12-31 18:32:00,7.8,,
2025-12-31 18:37:00,8.3,,
2025-12-31 18:42:00,8.4,,
2025-12-31 18:47:00,8.5,,
2025-12-31 18:52:00,8.7,,
2025-12-31 18:57:00,8.9,,
2025-12-31 19:02:00,9.5,,
2025-12-31 19:07:00,10.3,,
2025-12-31 19:12:00,10.6,,
2025-12-31 19:17:00,10.6,,
2025-12-31 19:22:00,10.3,,
2025-12-31 19:27:00,10.2,,
2025-12-31 19:32:00,9.9,,
2025-12-31 19:37:00,9.8,,
2025-12-31 19:42:00,9.7,,
2025-12-31 19:47:00,9.5,,
2025-12-31 19:52:00,9.2,,
2025-12-31 19:57:00,8.4,,
2025-12-31 20:02:00,7.9,,
2025-12-31 20:07:00,7.4,,
2025-12-31 20:12:00,7.5,,
2025-12-31 20:17:00,7.8,,
2025-12-31 20:22:00,8.4,,
2025-12-31 20:27:00,8.9,,
2025-12-31 20:32:00,9.1,,
2025-12-31 20:37:00,8.9,,
2025-12-31 20:42:00,9.0,,
2025-12-31 20:47:00,9.1,,
2025-12-31 20:52:00,9.2,,
2025-12-31 20:57:00,8.8,,
2025-12-31 21:02:00,8.5,,
2025-12-31 21:07:00,8.2,,
2025-12-31 21:12:00,7.9,,
2025-12-31 21:17:00,8.2,,
2025-12-31 21:22:00,7.8,,
2025-12-31 21:27:00,7.7,,
2025-12-31 21:32:00,7.4,,
2025-12-31 21:37:00,7.2,,
2025-12-31 21:42:00,7.0,,
2025-12-31 21:47:00,6.8,,
2025-12-31 21:52:00,6.5,,
2025-12-31 21:57:00,6.3,,
2025-12-31 22:02:00,6.1,,
2025-12-31 22:07:00,5.9,,
2025-12-31 22:12:00,5.9,,
2025-12-31 22:17:00,5.6,,
2025-12-31 22:22:00,5.3,,
2025-12-31 22:27:00,5.2,,
2025-12-31 22:32:00,5.4,,
2025-12-31 22:37:00,5.4,,
2025-12-31 22:42:00,5.3,,
2025-12-31 22:47:00,5.2,,
2025-12-31 22:52:00,5.1,,
2025-12-31 22:57:00,4.8,,
2025-12-31 23:02:00,4.5,,
2025-12-31 23:07:00,4.3,,
2025-12-31 23:12:00,4.1,,
2025-12-31 23:17:00,4.0,,
2025-12-31 23:22:00,3.9,,
2025-12-31 23:27:00,3.9,,
2025-12-31 23:32:00,4.1,,
2025-12-31 23:37:00,4.4,,
2025-12-31 23:42:00,4.7,,
2025-12-31 23:47:00,4.9,,
2025-12-31 23:52:00,5.1,,
2025-12-31 23:57:00,5.1,,
2026-01-01 00:02:00,5.3,,
2026-01-01 00:07:00,5.7,,
2026-01-01 00:12:00,6.2,,
2026-01-01 00:17:00,6.8,,
2026-01-01 00:22:00,7.3,,
2026-01-01 00:27:00,7.9,,
2026-01-01 00:32:00,8.5,,
2026-01-01 00:37:00,8.9,,
2026-01-01 00:42:00,9.8,,
2026-01-01 00:47:00,10.1,,
2026-01-01 00:52:00,10.6,,
2026-01-01 00:57:00,11.1,,
2026-01-01 01:02:00,11.7,,
2026-01-01 01:07:00,12.5,,
2026-01-01 01:12:00,12.8,15.0,0.5
2026-01-01 01:17:00,13.9,,
2026-01-01 01:22:00,13.6,,
2026-01-01 01:27:00,13.0,,
2026-01-01 01:32:00,12.4,,
2026-01-01 01:37:00,11.8,,
2026-01-01 01:42:00,11.7,,
2026-01-01 01:47:00,11.5,,
2026-01-01 01:52:00,11.3,,
2026-01-01 01:57:00,11.3,,
2026-01-01 02:02:00,11.1,,
2026-01-01 02:07:00,10.9,,
2026-01-01 02:12:00,10.5,,
2026-01-01 02:17:00,10.1,,
2026-01-01 02:22:00,9.8,,
2026-01-01 02:27:00,9.6,,
2026-01-01 02:32:00,9.2,,
2026-01-01 02:37:00,8.8,,
2026-01-01 02:42:00,8.5,,
2026-01-01 02:47:00,7.8,,
2026-01-01 02:52:00,7.3,,
2026-01-01 02:57:00,7.0,,
2026-01-01 03:02:00,6.8,,
2026-01-01 03:07:00,6.6,,
2026-01-01 03:12:00,6.4,,
2026-01-01 03:17:00,6.7,,
2026-01-01 03:22:00,6.3,,
2026-01-01 03:27:00,5.9,,
2026-01-01 03:32:00,5.7,,
2026-01-01 03:37:00,5.5,,
2026-01-01 03:42:00,5.4,,
2026-01-01 03:47:00,5.3,,
2026-01-01 03:52:00,5.3,,
2026-01-01 03:57:00,5.3,,
2026-01-01 04:02:00,5.3,,
2026-01-01 04:07:00,5.0,,
2026-01-01 04:12:00,4.8,,
2026-01-01 04:17:00,4.6,,
2026-01-01 04:22:00,4.3,,
2026-01-01 04:27:00,4.2,,
2026-01-01 04:32:00,4.1,,
2026-01-01 04:37:00,4.1,,
2026-01-01 04:42:00,3.9,,
2026-01-01 04:47:00,3.9,,
2026-01-01 04:52:00,4.0,,
2026-01-01 04:57:00,3.9,,
2026-01-01 05:02:00,3.8,,
2026-01-01 05:07:00,3.8,,
2026-01-01 05:12:00,3.7,,
2026-01-01 05:17:00,3.6,,
2026-01-01 05:22:00,3.3,,
2026-01-01 05:27:00,3.2,,
2026-01-01 05:32:00,3.3,,
2026-01-01 05:37:00,3.3,,
2026-01-01 05:42:00,3.3,,
2026-01-01 05:47:00,3.4,,
2026-01-01 05:52:00,3.7,,
2026-01-01 05:57:00,4.3,,
2026-01-01 06:02:00,5.4,,
2026-01-01 06:07:00,6.5,,
2026-01-01 06:12:00,7.4,,
2026-01-01 06:17:00,7.8,,
2026-01-01 06:22:00,7.9,,
2026-01-01 06:27:00,7.8,,
2026-01-01 06:32:00,7.8,,
2026-01-01 06:37:00,7.7,,
2026-01-01 06:42:00,7.5,,
2026-01-01 06:47:00,7.6,,
2026-01-01 06:52:00,7.5,,
2026-01-01 06:57:00,7.4,,
2026-01-01 07:02:00,7.2,,
2026-01-01 07:07:00,7.1,,
2026-01-01 07:12:00,7.1,,
2026-01-01 07:17:00,7.1,,
2026-01-01 07:22:00,7.1,,
2026-01-01 07:27:00,7.1,,
2026-01-01 07:32:00,7.0,,
2026-01-01 07:37:00,7.0,,
2026-01-01 07:42:00,7.2,,
2026-01-01 07:47:00,7.4,,
2026-01-01 07:52:00,7.4,,
2026-01-01 07:57:00,7.2,,
2026-01-01 08:02:00,7.1,,
2026-01-01 08:07:00,7.0,,
2026-01-01 08:12:00,6.8,,
2026-01-01 08:17:00,6.7,,
2026-01-01 08:22:00,6.6,,
2026-01-01 08:27:00,6.4,,
2026-01-01 08:32:00,6.1,,
2026-01-01 08:37:00,5.9,,
2026-01-01 08:42:00,5.7,,
2026-01-01 08:47:00,5.6,,
2026-01-01 08:52:00,4.8,,
2026-01-01 08:57:00,5.3,,
2026-01-01 09:02:00,5.1,,
2026-01-01 09:07:00,5.0,,
2026-01-01 09:12:00,4.9,,
2026-01-01 09:17:00,4.7,,
2026-01-01 09:22:00,4.9,,
2026-01-01 09:27:00,4.9,,
2026-01-01 09:32:00,5.1,,
2026-01-01 09:37:00,5.3,,
2026-01-01 09:42:00,5.3,,
2026-01-01 09:47:00,5.4,,
2026-01-01 09:52:00,5.4,,
2026-01-01 09:57:00,5.3,,
2026-01-01 10:02:00,5.2,,
2026-01-01 10:07:00,5.2,,
2026-01-01 10:12:00,5.2,,
2026-01-01 10:17:00,5.3,,
2026-01-01 10:22:00,5.4,35.0,3.6
2026-01-01 10:27:00,5.7,,
2026-01-01 10:32:00,5.9,8.0,0.5
2026-01-01 10:37:00,6.1,,
2026-01-01 10:42:00,6.1,,
2026-01-01 10:47:00,6.1,,
2026-01-01 10:52:00,6.6,,
2026-01-01 10:57:00,7.7,,
2026-01-01 11:02:00,8.7,,
2026-01-01 11:07:00,9.6,,
2026-01-01 11:12:00,10.2,,
2026-01-01 11:17:00,10.4,,
2026-01-01 11:22:00,10.5,,
2026-01-01 11:27:00,10.8,,
2026-01-01 11:32:00,10.8,,
2026-01-01 11:37:00,10.8,,
2026-01-01 11:42:00,11.4,,
2026-01-01 11:47:00,11.6,,
2026-01-01 11:52:00,11.2,,
2026-01-01 11:57:00,10.9,,
2026-01-01 12:02:00,10.6,,
2026-01-01 12:07:00,10.4,,
2026-01-01 12:12:00,10.3,,
2026-01-01 12:17:00,10.0,,
2026-01-01 12:22:00,9.9,,
2026-01-01 12:27:00,9.8,,
2026-01-01 12:32:00,9.8,,
2026-01-01 12:37:00,9.9,,
2026-01-01 12:42:00,10.0,,
2026-01-01 12:47:00,10.0,,
2026-01-01 12:52:00,10.0,,
2026-01-01 12:57:00,10.1,,
2026-01-01 13:02:00,9.9,,
2026-01-01 13:07:00,9.7,,
2026-01-01 13:12:00,9.3,,
2026-01-01 13:17:00,8.7,,
2026-01-01 13:22:00,7.9,,
2026-01-01 13:27:00,7.1,,
2026-01-01 13:32:00,6.4,,
2026-01-01 13:37:00,5.9,,
2026-01-01 13:42:00,5.4,,
2026-01-01 13:47:00,5.1,,
2026-01-01 13:52:00,4.8,,
2026-01-01 13:57:00,4.6,,
2026-01-01 14:02:00,4.3,,
2026-01-01 14:07:00,4.1,,
2026-01-01 14:12:00,3.9,,
2026-01-01 14:17:00,4.1,,
2026-01-01 14:22:00,4.0,,
2026-01-01 14:27:00,4.0,,
2026-01-01 14:32:00,3.9,,
2026-01-01 14:37:00,3.8,,
2026-01-01 14:42:00,3.8,,
2026-01-01 14:47:00,3.7,,
2026-01-01 14:52:00,3.7,,
2026-01-01 14:57:00,3.8,,
2026-01-01 15:02:00,4.1,,
2026-01-01 15:07:00,4.3,,
2026-01-01 15:12:00,4.7,,
2026-01-01 15:17:00,5.3,,
2026-01-01 15:22:00,5.8,,
2026-01-01 15:27:00,6.2,,
2026-01-01 15:32:00,6.5,,
2026-01-01 15:37:00,7.0,15.0,0.9
2026-01-01 15:42:00,7.8,,
2026-01-01 15:47:00,8.7,,
2026-01-01 15:52:00,9.3,,
2026-01-01 15:57:00,9.5,,
2026-01-01 16:02:00,10.1,,
2026-01-01 16:07:00,10.4,,
2026-01-01 16:12:00,10.9,,
2026-01-01 16:17:00,11.5,,
2026-01-01 16:22:00,11.9,,
2026-01-01 16:27:00,12.3,,
2026-01-01 16:32:00,12.8,,
2026-01-01 16:37:00,13.3,,
2026-01-01 16:42:00,13.8,,
2026-01-01 16:47:00,14.4,,
2026-01-01 16:52:00,15.4,,
2026-01-01 16:57:00,16.1,,
2026-01-01 17:02:00,15.5,,
2026-01-01 17:07:00,16.5,,
2026-01-01 17:12:00,17.7,,
2026-01-01 17:17:00,18.2,,
2026-01-01 17:22:00,18.4,,
2026-01-01 17:27:00,18.0,,
2026-01-01 17:32:00,17.0,,
2026-01-01 17:37:00,16.9,,
2026-01-01 17:42:00,16.9,,
2026-01-01 17:47:00,16.8,,
2026-01-01 17:52:00,16.6,,
2026-01-01 17:57:00,16.3,,
2026-01-01 18:02:00,16.7,,
2026-01-01 18:07:00,15.9,,
2026-01-01 18:12:00,15.5,,
2026-01-01 18:17:00,15.0,,
2026-01-01 18:22:00,15.0,,
2026-01-01 18:27:00,14.3,,
2026-01-01 18:32:00,13.8,,
2026-01-01 18:37:00,13.4,,
2026-01-01 18:42:00,12.7,,
2026-01-01 18:47:00,11.9,,
2026-01-01 18:52:00,11.3,,
2026-01-01 18:57:00,10.8,,
2026-01-01 19:02:00,10.5,,
2026-01-01 19:07:00,10.2,,
2026-01-01 19:12:00,10.0,,
2026-01-01 19:17:00,9.3,51.0,4.25
2026-01-01 19:22:00,8.7,,
2026-01-01 19:27:00,7.9,,
2026-01-01 19:32:00,7.1,,
2026-01-01 19:37:00,5.8,,
2026-01-01 19:42:00,6.0,,
2026-01-01 19:47:00,5.7,,
2026-01-01 19:52:00,5.5,,
2026-01-01 19:57:00,5.3,,
2026-01-01 20:02:00,5.4,,
2026-01-01 20:07:00,5.6,,
2026-01-01 20:12:00,5.8,,
2026-01-01 20:17:00,5.9,15.0,1.25
2026-01-01 20:22:00,6.2,,
2026-01-01 20:27:00,6.5,,
2026-01-01 20:32:00,6.7,16.0,1.3
2026-01-01 20:37:00,6.7,,
2026-01-01 20:42:00,6.7,,
2026-01-01 20:47:00,6.5,,
2026-01-01 20:52:00,6.4,,
2026-01-01 20:57:00,6.5,,
2026-01-01 21:02:00,6.4,,
2026-01-01 21:07:00,6.1,,
2026-01-01 21:12:00,5.9,,
2026-01-01 21:17:00,5.8,,
2026-01-01 21:22:00,5.7,,
2026-01-01 21:27:00,5.6,,
2026-01-01 21:32:00,5.4,,
2026-01-01 21:37:00,5.3,,
2026-01-01 21:42:00,4.9,,
2026-01-01 21:47:00,4.6,,
2026-01-01 21:52:00,4.4,,
2026-01-01 21:57:00,4.4,,
2026-01-01 22:02:00,4.6,,
2026-01-01 22:07:00,4.8,,
2026-01-01 22:12:00,5.1,,
2026-01-01 22:17:00,5.4,,
2026-01-01 22:22:00,5.7,,
2026-01-01 22:27:00,5.8,,
2026-01-01 22:32:00,5.5,,
2026-01-01 22:37:00,5.1,,
2026-01-01 22:42:00,5.0,,
2026-01-01 22:47:00,4.9,,
2026-01-01 22:52:00,4.8,,
2026-01-01 22:57:00,4.7,,
2026-01-01 23:02:00,4.6,,
2026-01-01 23:07:00,4.3,,
2026-01-01 23:12:00,4.1,,
2026-01-01 23:17:00,4.2,,
2026-01-01 23:22:00,4.6,,
2026-01-01 23:27:00,4.6,,
2026-01-01 23:32:00,4.4,,
2026-01-01 23:37:00,4.2,,
2026-01-01 23:42:00,4.0,,
2026-01-01 23:47:00,4.1,,
2026-01-01 23:52:00,3.9,,
2026-01-01 23:57:00,3.6,,
2026-01-02 00:02:00,3.2,,
2026-01-02 00:07:00,3.0,,
2026-01-02 00:12:00,3.1,,
2026-01-02 00:17:00,3.2,,
2026-01-02 00:22:00,2.9,,
2026-01-02 00:27:00,2.8,,
2026-01-02 00:32:00,2.9,,
2026-01-02 00:37:00,3.2,,
2026-01-02 00:42:00,3.5,,
2026-01-02 00:47:00,3.6,,
2026-01-02 00:52:00,3.6,,
2026-01-02 00:57:00,3.7,,
2026-01-02 01:02:00,3.6,,
2026-01-02 01:07:00,3.7,,
2026-01-02 01:12:00,3.9,,
2026-01-02 01:17:00,4.3,,
2026-01-02 01:22:00,4.6,,
2026-01-02 01:27:00,4.8,,
2026-01-02 01:32:00,5.0,,
2026-01-02 01:37:00,5.2,,
2026-01-02 01:42:00,5.5,,
2026-01-02 01:47:00,5.6,,
2026-01-02 01:52:00,5.7,,
2026-01-02 01:57:00,5.5,,
2026-01-02 02:02:00,5.4,,
2026-01-02 02:07:00,5.4,,
2026-01-02 02:12:00,5.4,,
2026-01-02 02:17:00,5.3,,
2026-01-02 02:22:00,5.4,,
2026-01-02 02:27:00,5.6,,
2026-01-02 02:32:00,6.1,,
2026-01-02 02:37:00,6.2,,
2026-01-02 02:42:00,6.2,,
2026-01-02 02:47:00,6.0,,
2026-01-02 02:52:00,6.0,,
2026-01-02 02:57:00,6.3,,
2026-01-02 03:02:00,6.7,,
2026-01-02 03:07:00,7.2,,
2026-01-02 03:12:00,7.7,,
2026-01-02 03:17:00,7.9,,
2026-01-02 03:22:00,7.9,,
2026-01-02 03:27:00,7.9,,
2026-01-02 03:32:00,8.0,,
2026-01-02 03:37:00,8.3,,
2026-01-02 03:42:00,8.5,,
2026-01-02 03:47:00,8.4,,
2026-01-02 03:52:00,8.1,,
2026-01-02 03:57:00,8.3,,
2026-01-02 04:02:00,8.9,,
2026-01-02 04:07:00,9.0,,
2026-01-02 04:12:00,8.9,,
2026-01-02 04:17:00,8.9,,
2026-01-02 04:22:00,8.8,,
2026-01-02 04:27:00,8.9,,
2026-01-02 04:32:00,9.2,,
2026-01-02 04:37:00,8.8,,
2026-01-02 04:42:00,7.8,,
2026-01-02 04:47:00,8.7,,
2026-01-02 04:52:00,9.3,,
2026-01-02 04:57:00,9.7,,
2026-01-02 05:02:00,9.8,,
2026-01-02 05:07:00,9.4,,
2026-01-02 05:12:00,9.3,,
2026-01-02 05:17:00,9.4,,
2026-01-02 05:22:00,9.3,,
2026-01-02 05:27:00,9.5,,
2026-01-02 05:32:00,9.3,,
2026-01-02 05:37:00,9.1,,
2026-01-02 05:42:00,8.8,,
2026-01-02 05:47:00,8.5,,
2026-01-02 05:52:00,8.4,,
2026-01-02 05:57:00,8.2,,
2026-01-02 06:02:00,8.1,,
2026-01-02 06:07:00,7.9,,
2026-01-02 06:12:00,7.8,,
2026-01-02 06:17:00,7.8,,
2026-01-02 06:22:00,7.7,,
2026-01-02 06:27:00,7.6,,
2026-01-02 06:32:00,7.4,,
2026-01-02 06:37:00,7.0,,
2026-01-02 06:42:00,6.7,,
2026-01-02 06:47:00,6.5,,
2026-01-02 06:52:00,6.2,,
2026-01-02 06:57:00,5.9,,
2026-01-02 07:02:00,6.6,,
2026-01-02 07:07:00,6.5,,
2026-01-02 07:12:00,6.4,,
2026-01-02 07:17:00,5.9,,
2026-01-02 07:22:00,4.9,,
2026-01-02 07:27:00,4.6,,
2026-01-02 07:32:00,4.7,,
2026-01-02 07:37:00,5.2,,
2026-01-02 07:42:00,6.2,,
2026-01-02 07:47:00,6.3,,
2026-01-02 07:52:00,5.7,,
2026-01-02 07:57:00,5.6,,
2026-01-02 08:02:00,4.9,,
2026-01-02 08:07:00,5.3,,
2026-01-02 08:12:00,5.4,,
2026-01-02 08:17:00,5.4,,
2026-01-02 08:22:00,5.3,,
2026-01-02 08:27:00,5.1,,
2026-01-02 08:32:00,4.9,,
2026-01-02 08:37:00,4.9,,
2026-01-02 08:42:00,4.9,,
2026-01-02 08:47:00,5.2,,
2026-01-02 08:52:00,5.2,,
2026-01-02 08:57:00,5.1,,
2026-01-02 09:02:00,5.1,,
2026-01-02 09:07:00,5.1,,
2026-01-02 09:12:00,5.2,,
2026-01-02 09:17:00,5.2,34.0,4.25
2026-01-02 09:22:00,5.2,,
2026-01-02 09:27:00,5.1,,
2026-01-02 09:32:00,5.0,,
2026-01-02 09:37:00,4.8,,
2026-01-02 09:42:00,4.6,,
2026-01-02 09:47:00,4.3,,
2026-01-02 09:52:00,4.1,,
2026-01-02 09:57:00,4.4,,
2026-01-02 10:02:00,4.9,,
2026-01-02 10:07:00,5.7,,
2026-01-02 10:12:00,6.1,,
2026-01-02 10:17:00,6.5,,
2026-01-02 10:22:00,6.7,,
2026-01-02 10:27:00,7.2,,
2026-01-02 10:32:00,7.3,,
2026-01-02 10:37:00,7.5,,
2026-01-02 10:42:00,7.9,,
2026-01-02 10:47:00,8.4,,
2026-01-02 10:52:00,8.9,,
2026-01-02 10:57:00,9.5,,
2026-01-02 11:02:00,10.0,,
2026-01-02 11:07:00,10.4,,
2026-01-02 11:12:00,10.9,,
2026-01-02 11:17:00,11.2,,
2026-01-02 11:22:00,11.3,,
2026-01-02 11:27:00,11.2,,
2026-01-02 11:32:00,11.0,,
2026-01-02 11:37:00,10.7,,
2026-01-02 11:42:00,10.5,,
2026-01-02 11:47:00,10.5,,
2026-01-02 11:52:00,10.8,,
2026-01-02 11:57:00,10.9,,
2026-01-02 12:02:00,10.6,,
2026-01-02 12:07:00,10.3,,
2026-01-02 12:12:00,10.0,,
2026-01-02 12:17:00,9.6,,
2026-01-02 12:22:00,8.4,,
2026-01-02 12:27:00,7.1,,
2026-01-02 12:32:00,6.2,,
2026-01-02 12:37:00,5.7,,
2026-01-02 12:42:00,5.2,,
2026-01-02 12:47:00,4.6,,
2026-01-02 12:52:00,4.0,,
2026-01-02 12:57:00,3.6,,
2026-01-02 13:02:00,3.3,,
2026-01-02 13:07:00,3.3,,
2026-01-02 13:12:00,3.3,,
2026-01-02 13:17:00,3.4,,
2026-01-02 13:22:00,3.3,,
2026-01-02 13:27:00,3.2,,
2026-01-02 13:32:00,3.1,,
2026-01-02 13:37:00,3.1,,
2026-01-02 13:42:00,3.2,,
2026-01-02 13:47:00,3.4,,
2026-01-02 13:52:00,3.8,,
2026-01-02 13:57:00,4.2,,
2026-01-02 14:02:00,4.6,,
2026-01-02 14:07:00,5.0,,
2026-01-02 14:12:00,5.3,,
2026-01-02 14:17:00,5.8,,
2026-01-02 14:22:00,6.3,,
2026-01-02 14:27:00,6.7,,
2026-01-02 14:32:00,7.2,,
2026-01-02 14:37:00,7.4,,
2026-01-02 14:42:00,8.2,,
2026-01-02 14:47:00,9.2,,
2026-01-02 14:52:00,10.3,,
2026-01-02 14:57:00,11.1,,
2026-01-02 15:02:00,11.9,,
2026-01-02 15:07:00,12.9,,
2026-01-02 15:12:00,13.7,,
2026-01-02 15:17:00,13.9,,
2026-01-02 15:22:00,14.0,,
2026-01-02 15:27:00,14.1,26.5,1.65
2026-01-02 15:32:00,13.8,,
2026-01-02 15:37:00,15.0,,
2026-01-02 15:42:00,15.7,,
2026-01-02 15:47:00,16.2,,
2026-01-02 15:52:00,16.3,,
2026-01-02 15:57:00,15.8,,
2026-01-02 16:02:00,16.0,,
2026-01-02 16:07:00,15.7,,
2026-01-02 16:12:00,15.9,,
2026-01-02 16:17:00,15.5,,
2026-01-02 16:22:00,15.2,,
2026-01-02 16:27:00,14.4,,
2026-01-02 16:32:00,14.8,,
2026-01-02 16:37:00,14.2,0.0,1.0
2026-01-02 16:42:00,13.7,,
2026-01-02 16:47:00,13.4,,
2026-01-02 16:52:00,12.8,,
2026-01-02 16:57:00,11.5,,
2026-01-02 17:02:00,9.5,,
2026-01-02 17:07:00,10.6,,
2026-01-02 17:12:00,10.9,,
2026-01-02 17:17:00,10.8,,
2026-01-02 17:22:00,10.5,,
2026-01-02 17:27:00,10.4,,
2026-01-02 17:32:00,9.5,,
2026-01-02 17:37:00,9.3,,
2026-01-02 17:42:00,8.7,,
2026-01-02 17:47:00,6.9,,
2026-01-02 17:52:00,8.3,,
2026-01-02 17:57:00,8.2,,
2026-01-02 18:02:00,7.7,,
2026-01-02 18:07:00,7.0,40.0,3.3
2026-01-02 18:12:00,6.3,,
2026-01-02 18:17:00,5.9,,
2026-01-02 18:22:00,5.8,,
2026-01-02 18:27:00,5.8,,
2026-01-02 18:32:00,5.6,,
2026-01-02 18:37:00,5.1,,
2026-01-02 18:42:00,4.7,,
2026-01-02 18:47:00,4.4,,
2026-01-02 18:52:00,4.4,,
2026-01-02 18:57:00,4.7,,
2026-01-02 19:02:00,5.1,,
2026-01-02 19:07:00,5.6,,
2026-01-02 19:12:00,6.1,,
2026-01-02 19:17:00,6.8,,
2026-01-02 19:22:00,7.7,,
2026-01-02 19:27:00,8.4,,
2026-01-02 19:32:00,8.8,,
2026-01-02 19:37:00,9.4,,
2026-01-02 19:42:00,9.9,,
2026-01-02 19:47:00,10.2,,
2026-01-02 19:52:00,10.5,,
2026-01-02 19:57:00,10.6,,
2026-01-02 20:02:00,10.9,,
2026-01-02 20:07:00,,,
2026-01-02 20:12:00,,,
2026-01-02 20:17:00,,,
2026-01-02 20:22:00,10.3,,
2026-01-02 20:27:00,10.6,,
2026-01-02 20:32:00,10.5,,
2026-01-02 20:37:00,10.4,,
2026-01-02 20:42:00,11.2,,
2026-01-02 20:47:00,11.2,,
2026-01-02 20:52:00,11.1,,
2026-01-02 20:57:00,11.0,,
2026-01-02 21:02:00,10.4,,
2026-01-02 21:07:00,10.2,,
2026-01-02 21:12:00,9.6,,
2026-01-02 21:17:00,9.0,,
2026-01-02 21:22:00,8.9,,
2026-01-02 21:27:00,8.8,,
2026-01-02 21:32:00,8.1,,
2026-01-02 21:37:00,7.5,,
2026-01-02 21:42:00,7.5,,
2026-01-02 21:47:00,8.0,,
2026-01-02 21:52:00,8.2,,
2026-01-02 21:57:00,8.0,,
2026-01-02 22:02:00,7.5,,
2026-01-02 22:07:00,7.2,,
2026-01-02 22:12:00,6.9,,
2026-01-02 22:17:00,6.7,,
2026-01-02 22:22:00,6.4,,
2026-01-02 22:27:00,6.2,,
2026-01-02 22:32:00,5.9,,
2026-01-02 22:37:00,5.9,,
2026-01-02 22:42:00,5.8,,
2026-01-02 22:47:00,5.7,,
2026-01-02 22:52:00,5.6,,
2026-01-02 22:57:00,5.3,,
2026-01-02 23:02:00,4.9,,
2026-01-02 23:07:00,4.8,,
2026-01-02 23:12:00,4.8,,
2026-01-02 23:17:00,4.3,,
2026-01-02 23:22:00,3.9,,
2026-01-02 23:27:00,3.8,,
2026-01-02 23:32:00,3.8,,
2026-01-02 23:37:00,3.9,,
2026-01-02 23:42:00,4.3,,
2026-01-02 23:47:00,4.8,,
2026-01-02 23:52:00,4.9,,
2026-01-02 23:57:00,4.9,,
2026-01-03 00:02:00,5.7,,
2026-01-03 00:07:00,6.0,,
2026-01-03 00:12:00,6.0,,
2026-01-03 00:17:00,6.1,,
2026-01-03 00:22:00,6.0,,
2026-01-03 00:27:00,5.1,,
2026-01-03 00:32:00,5.7,,
2026-01-03 00:37:00,4.7,,
2026-01-03 00:42:00,5.1,,
2026-01-03 00:47:00,5.6,,
2026-01-03 00:52:00,5.9,,
2026-01-03 00:57:00,6.1,,
2026-01-03 01:02:00,5.7,,
2026-01-03 01:07:00,5.7,,
2026-01-03 01:12:00,4.1,,
2026-01-03 01:17:00,4.7,,
2026-01-03 01:22:00,5.5,,
2026-01-03 01:27:00,6.3,,
2026-01-03 01:32:00,7.0,,
2026-01-03 01:37:00,7.2,,
2026-01-03 01:42:00,6.9,,
2026-01-03 01:47:00,7.0,,
2026-01-03 01:52:00,7.4,,
2026-01-03 01:57:00,7.6,,
2026-01-03 02:02:00,7.9,,
2026-01-03 02:07:00,7.9,,
2026-01-03 02:12:00,8.0,,
2026-01-03 02:17:00,8.3,,
2026-01-03 02:22:00,7.0,,
2026-01-03 02:27:00,7.5,,
2026-01-03 02:32:00,6.6,,
2026-01-03 02:37:00,6.7,,
2026-01-03 02:42:00,7.6,,
2026-01-03 02:47:00,7.8,,
2026-01-03 02:52:00,7.0,,
2026-01-03 02:57:00,7.6,,
2026-01-03 03:02:00,6.8,,
2026-01-03 03:07:00,7.2,,
2026-01-03 03:12:00,7.1,,
2026-01-03 03:17:00,7.2,,
2026-01-03 03:22:00,7.1,,
2026-01-03 03:27:00,6.9,,
2026-01-03 03:32:00,7.1,,
2026-01-03 03:37:00,6.7,,
2026-01-03 03:42:00,6.5,,
2026-01-03 03:47:00,6.2,,
2026-01-03 03:52:00,5.7,,
2026-01-03 03:57:00,5.6,,
2026-01-03 04:02:00,5.5,,
2026-01-03 04:07:00,4.4,,
2026-01-03 04:12:00,4.9,,
2026-01-03 04:17:00,5.2,,
2026-01-03 04:22:00,5.1,,
2026-01-03 04:27:00,5.2,,
2026-01-03 04:32:00,4.9,,
2026-01-03 04:37:00,4.7,,
2026-01-03 04:42:00,4.8,,
2026-01-03 04:47:00,4.7,,
2026-01-03 04:52:00,4.2,,
2026-01-03 04:57:00,4.2,,
2026-01-03 05:02:00,4.1,,
2026-01-03 05:07:00,4.1,,
2026-01-03 05:12:00,4.2,,
2026-01-03 05:17:00,4.2,,
2026-01-03 05:22:00,4.2,,
2026-01-03 05:27:00,4.1,,
2026-01-03 05:32:00,3.9,,
2026-01-03 05:37:00,3.7,,
2026-01-03 05:42:00,3.6,,
2026-01-03 05:47:00,3.7,,
2026-01-03 05:52:00,3.9,,
2026-01-03 05:57:00,3.8,,
2026-01-03 06:02:00,3.8,,
2026-01-03 06:07:00,3.8,,
2026-01-03 06:12:00,3.9,,
2026-01-03 06:17:00,4.0,,
2026-01-03 06:22:00,3.8,,
2026-01-03 06:27:00,3.8,,
2026-01-03 06:32:00,4.2,,
2026-01-03 06:37:00,4.3,,
2026-01-03 06:42:00,4.3,,
2026-01-03 06:47:00,4.3,,
2026-01-03 06:52:00,4.3,,
2026-01-03 06:57:00,4.4,,
2026-01-03 07:02:00,4.6,,
2026-01-03 07:07:00,4.7,,
2026-01-03 07:12:00,4.8,,
2026-01-03 07:17:00,4.6,,
2026-01-03 07:22:00,4.3,,
2026-01-03 07:27:00,4.5,,
2026-01-03 07:32:00,5.1,,
2026-01-03 07:37:00,5.4,,
2026-01-03 07:42:00,4.6,,
2026-01-03 07:47:00,4.8,,
2026-01-03 07:52:00,4.9,,
2026-01-03 07:57:00,5.1,,
2026-01-03 08:02:00,5.1,,
2026-01-03 08:07:00,5.2,,
2026-01-03 08:12:00,5.3,,
2026-01-03 08:17:00,5.6,,
2026-01-03 08:22:00,5.2,,
2026-01-03 08:27:00,3.8,,
2026-01-03 08:32:00,4.9,,
2026-01-03 08:37:00,5.1,,
2026-01-03 08:42:00,5.3,,
2026-01-03 08:47:00,5.6,,
2026-01-03 08:52:00,4.7,,
2026-01-03 08:57:00,5.4,,
2026-01-03 09:02:00,5.4,,
2026-01-03 09:07:00,5.3,,
2026-01-03 09:12:00,5.5,,
2026-01-03 09:17:00,5.6,,
2026-01-03 09:22:00,5.5,,
2026-01-03 09:27:00,5.4,,
2026-01-03 09:32:00,4.9,,
2026-01-03 09:37:00,5.1,,
2026-01-03 09:42:00,5.1,,
2026-01-03 09:47:00,5.2,50.0,6.0
2026-01-03 09:52:00,5.3,,
2026-01-03 09:57:00,4.9,,
2026-01-03 10:02:00,4.6,,
2026-01-03 10:07:00,4.2,,
2026-01-03 10:12:00,3.9,,
2026-01-03 10:17:00,3.6,,
2026-01-03 10:22:00,3.4,,
2026-01-03 10:27:00,3.4,,
2026-01-03 10:32:00,4.0,,
2026-01-03 10:37:00,5.4,,
2026-01-03 10:42:00,6.8,,
2026-01-03 10:47:00,6.5,,
2026-01-03 10:52:00,7.2,,
2026-01-03 10:57:00,7.7,,
2026-01-03 11:02:00,8.3,,
2026-01-03 11:07:00,9.5,,
2026-01-03 11:12:00,11.0,,
2026-01-03 11:17:00,12.5,,
2026-01-03 11:22:00,13.7,,
2026-01-03 11:27:00,14.5,,
2026-01-03 11:32:00,15.3,,
2026-01-03 11:37:00,14.5,,
2026-01-03 11:42:00,14.2,,
2026-01-03 11:47:00,15.2,,
2026-01-03 11:52:00,16.1,,
2026-01-03 11:57:00,17.2,0.0,1.0
2026-01-03 12:02:00,17.8,0.0,1.0
2026-01-03 12:07:00,18.9,,
2026-01-03 12:12:00,19.0,,
2026-01-03 12:17:00,19.5,,
2026-01-03 12:22:00,20.0,,
2026-01-03 12:27:00,19.5,,
2026-01-03 12:32:00,21.1,,
2026-01-03 12:37:00,21.5,,
2026-01-03 12:42:00,22.1,,
2026-01-03 12:47:00,111.1,,
2026-01-03 12:52:00,111.1,,
2026-01-03 12:57:00,,,
2026-01-03 13:02:00,111.1,,
2026-01-03 13:07:00,111.1,,
2026-01-03 13:12:00,111.1,,
2026-01-03 13:17:00,111.1,,
2026-01-03 13:22:00,111.1,,
2026-01-03 13:27:00,111.1,,
2026-01-03 13:32:00,111.1,,
2026-01-03 13:37:00,111.1,,
2026-01-03 13:42:00,111.1,,
2026-01-03 13:47:00,,30.0,1.85
2026-01-03 13:52:00,,,
2026-01-03 13:57:00,,,
2026-01-03 14:02:00,,,
2026-01-03 14:07:00,111.1,,
2026-01-03 14:12:00,111.1,,
2026-01-03 14:17:00,111.1,,
2026-01-03 14:22:00,22.1,,
2026-01-03 14:27:00,20.5,,
2026-01-03 14:32:00,19.6,,
2026-01-03 14:37:00,,,
2026-01-03 14:42:00,,,
2026-01-03 14:47:00,,,
2026-01-03 14:52:00,,,
2026-01-03 14:57:00,19.1,,
2026-01-03 15:02:00,17.8,,
2026-01-03 15:07:00,17.4,,
2026-01-03 15:12:00,16.5,,
2026-01-03 15:17:00,14.6,,
2026-01-03 15:22:00,13.7,,
2026-01-03 15:27:00,12.5,,
2026-01-03 15:32:00,11.2,,
2026-01-03 15:37:00,10.2,,
2026-01-03 15:42:00,9.2,,
2026-01-03 15:47:00,8.2,,
2026-01-03 15:52:00,5.3,,
2026-01-03 15:57:00,,,
2026-01-03 16:02:00,,,
2026-01-03 16:07:00,,,
2026-01-03 16:12:00,,,
2026-01-03 16:17:00,5.8,,
2026-01-03 16:22:00,5.3,,
2026-01-03 16:27:00,4.9,,
2026-01-03 16:32:00,5.1,,
2026-01-03 16:37:00,5.6,,
2026-01-03 16:42:00,6.4,,
2026-01-03 16:47:00,7.5,,
2026-01-03 16:52:00,7.9,,
2026-01-03 16:57:00,7.7,,
2026-01-03 17:02:00,8.7,,
2026-01-03 17:07:00,8.4,,
2026-01-03 17:12:00,8.0,,
2026-01-03 17:17:00,7.9,,
2026-01-03 17:22:00,7.2,,
2026-01-03 17:27:00,6.6,,
2026-01-03 17:32:00,5.8,,
2026-01-03 17:37:00,5.2,,
2026-01-03 17:42:00,4.8,,
2026-01-03 17:47:00,4.6,,
2026-01-03 17:52:00,4.1,,
2026-01-03 17:57:00,3.7,,
2026-01-03 18:02:00,3.5,,
2026-01-03 18:07:00,3.4,,
2026-01-03 18:12:00,3.7,,
2026-01-03 18:17:00,4.3,,
2026-01-03 18:22:00,5.7,,
2026-01-03 18:27:00,7.3,,
2026-01-03 18:32:00,8.2,,
2026-01-03 18:37:00,8.2,,
2026-01-03 18:42:00,8.3,,
2026-01-03 18:47:00,8.0,,
2026-01-03 18:52:00,7.9,31.0,2.55
2026-01-03 18:57:00,8.3,,
2026-01-03 19:02:00,8.9,,
2026-01-03 19:07:00,10.4,,
2026-01-03 19:12:00,11.8,,
2026-01-03 19:17:00,12.4,,
2026-01-03 19:22:00,12.8,,
2026-01-03 19:27:00,13.2,8.0,0.65
2026-01-03 19:32:00,13.6,,
2026-01-03 19:37:00,13.4,,
2026-01-03 19:42:00,14.1,,
2026-01-03 19:47:00,14.9,,
2026-01-03 19:52:00,16.0,,
2026-01-03 19:57:00,16.7,,
2026-01-03 20:02:00,17.0,,
2026-01-03 20:07:00,16.3,,
2026-01-03 20:12:00,17.4,,
2026-01-03 20:17:00,17.0,,
2026-01-03 20:22:00,17.5,,
2026-01-03 20:27:00,17.8,,
2026-01-03 20:32:00,18.1,,
2026-01-03 20:37:00,18.0,,
2026-01-03 20:42:00,17.4,,
2026-01-03 20:47:00,15.8,,
2026-01-03 20:52:00,15.4,,
2026-01-03 20:57:00,16.0,,
2026-01-03 21:02:00,16.5,,
2026-01-03 21:07:00,17.3,,
2026-01-03 21:12:00,18.5,,
2026-01-03 21:17:00,18.4,,
2026-01-03 21:22:00,17.9,0.0,0.5
2026-01-03 21:27:00,17.8,,
2026-01-03 21:32:00,17.3,,
2026-01-03 21:37:00,16.3,,
2026-01-03 21:42:00,16.6,,
2026-01-03 21:47:00,15.6,,
2026-01-03 21:52:00,16.1,,
2026-01-03 21:57:00,16.4,,
2026-01-03 22:02:00,15.5,,
2026-01-03 22:07:00,14.4,,
2026-01-03 22:12:00,13.8,,
2026-01-03 22:17:00,13.6,,
2026-01-03 22:22:00,13.4,,
2026-01-03 22:27:00,13.5,,
2026-01-03 22:32:00,14.6,,
2026-01-03 22:37:00,14.5,,
2026-01-03 22:42:00,11.9,,
2026-01-03 22:47:00,8.3,,
2026-01-03 22:52:00,,,
2026-01-03 22:57:00,,,
2026-01-03 23:02:00,,,
2026-01-03 23:07:00,,,
2026-01-03 23:12:00,,,
2026-01-03 23:17:00,,,
2026-01-03 23:22:00,,,
2026-01-03 23:27:00,10.5,,
2026-01-03 23:32:00,10.3,,
2026-01-03 23:37:00,9.7,,
2026-01-03 23:42:00,9.2,,
2026-01-03 23:47:00,8.5,,
2026-01-03 23:52:00,8.0,,
2026-01-03 23:57:00,7.2,,
2026-01-04 00:02:00,7.5,,
2026-01-04 00:07:00,7.7,,
2026-01-04 00:12:00,5.2,,
2026-01-04 00:17:00,,,
2026-01-04 00:22:00,6.6,,
2026-01-04 00:27:00,6.4,,
2026-01-04 00:32:00,6.3,,
2026-01-04 00:37:00,5.8,,
2026-01-04 00:42:00,5.1,,
2026-01-04 00:47:00,4.6,,
2026-01-04 00:52:00,4.2,,
2026-01-04 00:57:00,5.0,,
2026-01-04 01:02:00,5.3,,
2026-01-04 01:07:00,5.5,,
2026-01-04 01:12:00,5.4,,
2026-01-04 01:17:00,4.5,,
2026-01-04 01:22:00,4.4,,
2026-01-04 01:27:00,4.2,,
2026-01-04 01:32:00,4.8,,
2026-01-04 01:37:00,4.2,,
2026-01-04 01:42:00,4.1,,
2026-01-04 01:47:00,4.2,,
2026-01-04 01:52:00,4.2,,
2026-01-04 01:57:00,4.9,,
2026-01-04 02:02:00,4.7,,
2026-01-04 02:07:00,4.7,,
2026-01-04 02:12:00,4.3,,
2026-01-04 02:17:00,4.2,,
2026-01-04 02:22:00,4.6,,
2026-01-04 02:27:00,4.1,,
2026-01-04 02:32:00,4.1,,
2026-01-04 02:37:00,3.9,,
2026-01-04 02:42:00,4.4,,
2026-01-04 02:47:00,4.9,,
2026-01-04 02:52:00,3.7,,
2026-01-04 02:57:00,3.8,,
2026-01-04 03:02:00,3.9,,
2026-01-04 03:07:00,2.7,,
2026-01-04 03:12:00,3.9,,
2026-01-04 03:17:00,4.3,,
2026-01-04 03:22:00,5.1,,
2026-01-04 03:27:00,5.2,,
2026-01-04 03:32:00,5.4,,
2026-01-04 03:37:00,5.7,,
2026-01-04 03:42:00,5.4,,
2026-01-04 03:47:00,5.7,,
2026-01-04 03:52:00,6.5,,
2026-01-04 03:57:00,6.7,,
2026-01-04 04:02:00,6.7,,
2026-01-04 04:07:00,6.5,,
2026-01-04 04:12:00,5.1,,
2026-01-04 04:17:00,5.5,,
2026-01-04 04:22:00,5.3,,
2026-01-04 04:27:00,5.7,,
2026-01-04 04:32:00,5.7,,
2026-01-04 04:37:00,5.9,,
2026-01-04 04:42:00,6.1,,
2026-01-04 04:47:00,6.0,,
2026-01-04 04:52:00,6.1,,
2026-01-04 04:57:00,6.1,,
2026-01-04 05:02:00,6.2,,
2026-01-04 05:07:00,6.2,,
2026-01-04 05:12:00,6.3,,
2026-01-04 05:17:00,6.4,,
2026-01-04 05:22:00,6.1,,
2026-01-04 05:27:00,6.2,,
2026-01-04 05:32:00,6.2,,
2026-01-04 05:37:00,6.1,,
2026-01-04 05:42:00,6.2,,
2026-01-04 05:47:00,6.1,,
2026-01-04 05:52:00,6.5,,
2026-01-04 05:57:00,5.4,,
2026-01-04 06:02:00,4.5,,
2026-01-04 06:07:00,5.2,,
2026-01-04 06:12:00,5.3,,
2026-01-04 06:17:00,5.5,,
2026-01-04 06:22:00,5.9,,
2026-01-04 06:27:00,6.1,,
2026-01-04 06:32:00,6.1,,
2026-01-04 06:37:00,6.6,,
2026-01-04 06:42:00,7.4,,
2026-01-04 06:47:00,7.9,,
2026-01-04 06:52:00,8.2,,
2026-01-04 06:57:00,8.2,,
2026-01-04 07:02:00,6.5,,
2026-01-04 07:07:00,6.9,,
2026-01-04 07:12:00,7.4,,
2026-01-04 07:17:00,6.4,,
2026-01-04 07:22:00,,,
2026-01-04 07:27:00,,,
2026-01-04 07:32:00,,,
2026-01-04 07:37:00,8.7,,
2026-01-04 07:42:00,9.0,,
2026-01-04 07:47:00,9.0,,
2026-01-04 07:52:00,9.2,,
2026-01-04 07:57:00,8.1,,
2026-01-04 08:02:00,8.3,,
2026-01-04 08:07:00,9.0,,
2026-01-04 08:12:00,8.9,,
2026-01-04 08:17:00,8.4,,
2026-01-04 08:22:00,8.5,,
2026-01-04 08:27:00,8.5,,
2026-01-04 08:32:00,8.4,,
2026-01-04 08:37:00,8.7,,
2026-01-04 08:42:00,8.6,,
2026-01-04 08:47:00,7.7,,
2026-01-04 08:52:00,8.0,,
2026-01-04 08:57:00,8.3,,
2026-01-04 09:02:00,8.2,,
2026-01-04 09:07:00,7.8,,
2026-01-04 09:12:00,6.9,,
2026-01-04 09:17:00,7.0,,
2026-01-04 09:22:00,7.4,,
2026-01-04 09:27:00,7.4,,
2026-01-04 09:32:00,7.3,,
2026-01-04 09:37:00,6.4,,
2026-01-04 09:42:00,5.3,,
2026-01-04 09:47:00,5.3,,
2026-01-04 09:52:00,5.1,,
2026-01-04 09:57:00,4.8,,
2026-01-04 10:02:00,5.3,,
2026-01-04 10:07:00,6.0,,
2026-01-04 10:12:00,5.8,,
2026-01-04 10:17:00,6.2,,
2026-01-04 10:22:00,6.1,,
2026-01-04 10:27:00,5.9,,
2026-01-04 10:32:00,5.8,,
2026-01-04 10:37:00,5.4,,
2026-01-04 10:42:00,5.1,,
2026-01-04 10:47:00,4.8,,
2026-01-04 10:52:00,4.6,,
2026-01-04 10:57:00,4.6,,
2026-01-04 11:02:00,4.4,,
2026-01-04 11:07:00,4.1,,
2026-01-04 11:12:00,3.9,,
2026-01-04 11:17:00,3.7,,
2026-01-04 11:22:00,3.6,,
2026-01-04 11:27:00,3.4,,
2026-01-04 11:32:00,3.6,,
2026-01-04 11:37:00,4.1,,
2026-01-04 11:42:00,4.9,,
2026-01-04 11:47:00,5.8,,
2026-01-04 11:52:00,7.5,,
2026-01-04 11:57:00,9.2,,
2026-01-04 12:02:00,10.7,,
2026-01-04 12:07:00,11.7,34.0,2.1
2026-01-04 12:12:00,12.4,,
2026-01-04 12:17:00,13.4,,
2026-01-04 12:22:00,14.1,,
2026-01-04 12:27:00,14.2,,
2026-01-04 12:32:00,14.4,,
2026-01-04 12:37:00,15.2,,
2026-01-04 12:42:00,,,
2026-01-04 12:47:00,,,
2026-01-04 12:52:00,,,
2026-01-04 12:57:00,,,
2026-01-04 13:02:00,,,
2026-01-04 13:07:00,16.9,,
2026-01-04 13:12:00,15.5,,
2026-01-04 13:17:00,,,
2026-01-04 13:22:00,,,
2026-01-04 13:27:00,,,
2026-01-04 13:32:00,,,
2026-01-04 13:37:00,,,
2026-01-04 13:42:00,18.2,,
2026-01-04 13:47:00,17.5,,
2026-01-04 13:52:00,18.1,,
2026-01-04 13:57:00,15.8,,
2026-01-04 14:02:00,,,
2026-01-04 14:07:00,,,
2026-01-04 14:12:00,,,
2026-01-04 14:17:00,16.4,,
2026-01-04 14:22:00,15.9,0.0,0.5
2026-01-04 14:27:00,14.9,,
2026-01-04 14:32:00,14.3,,
2026-01-04 14:37:00,15.6,,
2026-01-04 14:42:00,,,
2026-01-04 14:47:00,14.0,,
2026-01-04 14:52:00,13.5,,
2026-01-04 14:57:00,13.0,,
2026-01-04 15:02:00,11.8,,
2026-01-04 15:07:00,11.5,,
2026-01-04 15:12:00,10.8,,
2026-01-04 15:17:00,11.2,,
2026-01-04 15:22:00,11.2,,
2026-01-04 15:27:00,10.8,,
2026-01-04 15:32:00,10.4,,
2026-01-04 15:37:00,9.9,,
2026-01-04 15:42:00,8.0,,
2026-01-04 15:47:00,6.8,,
2026-01-04 15:52:00,5.4,,
2026-01-04 15:57:00,,,
2026-01-04 16:02:00,,,
2026-01-04 16:07:00,,,
2026-01-04 16:12:00,,,
2026-01-04 16:17:00,7.3,,
2026-01-04 16:22:00,6.8,,
2026-01-04 16:27:00,6.3,,
2026-01-04 16:32:00,5.7,,
2026-01-04 16:37:00,4.9,,
2026-01-04 16:42:00,4.8,,
2026-01-04 16:47:00,4.6,,
2026-01-04 16:52:00,4.2,,
2026-01-04 16:57:00,4.2,,
2026-01-04 17:02:00,4.1,,
2026-01-04 17:07:00,3.6,,
2026-01-04 17:12:00,3.3,,
2026-01-04 17:17:00,3.1,,
2026-01-04 17:22:00,2.8,,
2026-01-04 17:27:00,2.8,,
2026-01-04 17:32:00,2.8,,
2026-01-04 17:37:00,3.2,,
2026-01-04 17:42:00,3.9,,
2026-01-04 17:47:00,4.3,,
2026-01-04 17:52:00,4.6,,
2026-01-04 17:57:00,4.7,,
2026-01-04 18:02:00,4.5,,
2026-01-04 18:07:00,4.4,,
2026-01-04 18:12:00,4.2,,
2026-01-04 18:17:00,3.9,,
2026-01-04 18:22:00,3.7,,
2026-01-04 18:27:00,3.6,,
2026-01-04 18:32:00,3.4,,
2026-01-04 18:37:00,3.6,,
2026-01-04 18:42:00,3.9,,
2026-01-04 18:47:00,4.3,,
2026-01-04 18:52:00,4.8,,
2026-01-04 18:57:00,5.1,49.0,4.05
2026-01-04 19:02:00,5.6,,
2026-01-04 19:07:00,5.7,,
2026-01-04 19:12:00,6.3,30.0,2.5
2026-01-04 19:17:00,6.8,,
2026-01-04 19:22:00,7.2,,
2026-01-04 19:27:00,7.4,,
2026-01-04 19:32:00,8.2,,
2026-01-04 19:37:00,7.3,,
2026-01-04 19:42:00,8.0,,
2026-01-04 19:47:00,8.9,,
2026-01-04 19:52:00,8.4,,
2026-01-04 19:57:00,9.4,,
2026-01-04 20:02:00,10.3,,
2026-01-04 20:07:00,11.5,,
2026-01-04 20:12:00,11.8,,
2026-01-04 20:17:00,13.0,,
2026-01-04 20:22:00,13.6,,
2026-01-04 20:27:00,14.3,,
2026-01-04 20:32:00,14.7,,
2026-01-04 20:37:00,13.7,,
2026-01-04 20:42:00,14.9,,
2026-01-04 20:47:00,,,
2026-01-04 20:52:00,,,
2026-01-04 20:57:00,,,
2026-01-04 21:02:00,,,
2026-01-04 21:07:00,,,
2026-01-04 21:12:00,12.3,,
2026-01-04 21:17:00,11.8,,
2026-01-04 21:22:00,11.9,,
2026-01-04 21:27:00,11.5,,
2026-01-04 21:32:00,10.8,,
2026-01-04 21:37:00,10.7,,
2026-01-04 21:42:00,10.0,,
2026-01-04 21:47:00,11.4,,
2026-01-04 21:52:00,10.7,,
2026-01-04 21:57:00,10.5,,
2026-01-04 22:02:00,7.4,,
2026-01-04 22:07:00,,,
2026-01-04 22:12:00,,,
2026-01-04 22:17:00,,,
2026-01-04 22:22:00,,,
2026-01-04 22:27:00,,,
2026-01-04 22:32:00,8.5,,
2026-01-04 22:37:00,8.5,,
2026-01-04 22:42:00,8.4,,
2026-01-04 22:47:00,8.1,,
2026-01-04 22:52:00,7.6,,
2026-01-04 22:57:00,7.4,,
2026-01-04 23:02:00,7.4,,
2026-01-04 23:07:00,7.3,,
2026-01-04 23:12:00,6.9,,
2026-01-04 23:17:00,6.5,,
2026-01-04 23:22:00,4.4,,
2026-01-04 23:27:00,0.1,,
2026-01-04 23:32:00,0.1,,
2026-01-04 23:37:00,0.1,,
2026-01-04 23:42:00,0.1,,
2026-01-04 23:47:00,0.1,,
2026-01-04 23:52:00,0.1,,
2026-01-04 23:57:00,0.1,,
2026-01-05 00:02:00,0.1,,
2026-01-05 00:07:00,0.1,,
2026-01-05 00:12:00,3.2,,
2026-01-05 00:17:00,4.5,,
2026-01-05 00:22:00,5.3,,
2026-01-05 00:27:00,4.1,,
2026-01-05 00:32:00,2.7,,
2026-01-05 00:37:00,2.3,,
2026-01-05 00:42:00,2.3,,
2026-01-05 00:47:00,3.1,,
2026-01-05 00:52:00,4.1,,
2026-01-05 00:57:00,3.8,,
2026-01-05 01:02:00,3.8,,
2026-01-05 01:07:00,4.6,,
2026-01-05 01:12:00,5.2,,
2026-01-05 01:17:00,5.4,,
2026-01-05 01:22:00,5.4,,
2026-01-05 01:27:00,5.4,,
2026-01-05 01:32:00,4.6,,
2026-01-05 01:37:00,3.9,,
2026-01-05 01:42:00,4.3,,
2026-01-05 01:47:00,4.7,,
2026-01-05 01:52:00,5.1,,
2026-01-05 01:57:00,4.4,,
2026-01-05 02:02:00,4.6,,
2026-01-05 02:07:00,5.3,,
2026-01-05 02:12:00,6.0,,
2026-01-05 02:17:00,6.5,,
2026-01-05 02:22:00,6.8,,
2026-01-05 02:27:00,6.8,,
2026-01-05 02:32:00,7.0,,
2026-01-05 02:37:00,7.0,,
2026-01-05 02:42:00,7.1,,
2026-01-05 02:47:00,7.0,,
2026-01-05 02:52:00,6.1,,
2026-01-05 02:57:00,5.7,,
2026-01-05 03:02:00,5.8,,
2026-01-05 03:07:00,6.1,,
2026-01-05 03:12:00,6.5,,
2026-01-05 03:17:00,6.5,,
2026-01-05 03:22:00,5.9,,
2026-01-05 03:27:00,6.5,,
2026-01-05 03:32:00,6.0,,
2026-01-05 03:37:00,5.9,,
2026-01-05 03:42:00,5.7,,
2026-01-05 03:47:00,5.6,,
2026-01-05 03:52:00,5.3,,
2026-01-05 03:57:00,5.1,,
2026-01-05 04:02:00,5.3,,
2026-01-05 04:07:00,5.4,,
2026-01-05 04:12:00,5.4,,
2026-01-05 04:17:00,5.4,,
2026-01-05 04:22:00,5.2,,
2026-01-05 04:27:00,5.1,,
2026-01-05 04:32:00,2.8,,
2026-01-05 04:37:00,0.1,,
2026-01-05 04:42:00,0.1,,
2026-01-05 04:47:00,2.2,,
2026-01-05 04:52:00,3.7,,
2026-01-05 04:57:00,4.7,,
2026-01-05 05:02:00,5.1,,
2026-01-05 05:07:00,4.8,,
2026-01-05 05:12:00,4.5,,
2026-01-05 05:17:00,3.3,,
2026-01-05 05:22:00,3.1,,
2026-01-05 05:27:00,3.4,,
2026-01-05 05:32:00,4.4,,
2026-01-05 05:37:00,5.1,,
2026-01-05 05:42:00,5.3,,
2026-01-05 05:47:00,5.4,,
2026-01-05 05:52:00,5.8,,
2026-01-05 05:57:00,6.9,,
2026-01-05 06:02:00,7.9,,
2026-01-05 06:07:00,7.3,,
2026-01-05 06:12:00,6.8,,
2026-01-05 06:17:00,8.7,,
2026-01-05 06:22:00,9.6,,
2026-01-05 06:27:00,9.7,,
2026-01-05 06:32:00,10.2,,
2026-01-05 06:37:00,9.9,,
2026-01-05 06:42:00,9.0,,
2026-01-05 06:47:00,8.7,,
2026-01-05 06:52:00,,40.0,5.0
2026-01-05 06:57:00,,,
2026-01-05 07:02:00,,,
2026-01-05 07:07:00,,,
2026-01-05 07:12:00,,,
2026-01-05 07:17:00,,,
2026-01-05 07:22:00,,,
2026-01-05 07:27:00,8.0,,
2026-01-05 07:32:00,7.3,,
2026-01-05 07:37:00,9.0,,
2026-01-05 07:42:00,7.9,,
2026-01-05 07:47:00,6.9,,
2026-01-05 07:52:00,9.7,,
2026-01-05 07:57:00,,,
2026-01-05 08:02:00,,,
2026-01-05 08:07:00,10.3,,
2026-01-05 08:12:00,10.7,,
2026-01-05 08:17:00,11.2,,
2026-01-05 08:22:00,11.7,,
2026-01-05 08:27:00,12.5,,
2026-01-05 08:32:00,12.3,,
2026-01-05 08:37:00,12.3,,
2026-01-05 08:42:00,11.9,,
2026-01-05 08:47:00,12.2,,
2026-01-05 08:52:00,12.0,,
2026-01-05 08:57:00,11.9,,
2026-01-05 09:02:00,12.9,,
2026-01-05 09:07:00,13.5,,
2026-01-05 09:12:00,13.4,,
2026-01-05 09:17:00,12.8,,
2026-01-05 09:22:00,13.1,,
2026-01-05 09:27:00,12.9,,
2026-01-05 09:32:00,13.4,,
2026-01-05 09:37:00,14.4,,
2026-01-05 09:42:00,13.3,,
2026-01-05 09:47:00,12.2,,
2026-01-05 09:52:00,12.7,,
2026-01-05 09:57:00,,,
2026-01-05 10:02:00,,,
2026-01-05 10:07:00,,,
2026-01-05 10:12:00,,,
2026-01-05 10:17:00,16.3,,
2026-01-05 10:22:00,16.1,,
2026-01-05 10:27:00,15.3,,
2026-01-05 10:32:00,14.7,,
2026-01-05 10:37:00,15.3,,
2026-01-05 10:42:00,15.1,,
2026-01-05 10:47:00,15.0,,
2026-01-05 10:52:00,15.0,,
2026-01-05 10:57:00,14.4,,
2026-01-05 11:02:00,14.0,,
2026-01-05 11:07:00,12.0,,
2026-01-05 11:12:00,11.2,,
2026-01-05 11:17:00,11.4,,
2026-01-05 11:22:00,10.4,,
2026-01-05 11:27:00,10.3,,
2026-01-05 11:32:00,8.6,,
2026-01-05 11:37:00,,,
2026-01-05 11:42:00,9.6,,
2026-01-05 11:47:00,10.3,,
2026-01-05 11:52:00,10.4,,
2026-01-05 11:57:00,10.3,,
2026-01-05 12:02:00,10.4,,
2026-01-05 12:07:00,10.1,,
2026-01-05 12:12:00,8.8,56.0,3.5
2026-01-05 12:17:00,8.7,,
2026-01-05 12:22:00,8.1,,
2026-01-05 12:27:00,8.7,,
2026-01-05 12:32:00,9.2,,
2026-01-05 12:37:00,9.6,,
2026-01-05 12:42:00,9.4,,
2026-01-05 12:47:00,8.7,,
2026-01-05 12:52:00,8.2,,
2026-01-05 12:57:00,7.6,,
2026-01-05 13:02:00,7.2,,
2026-01-05 13:07:00,7.3,,
2026-01-05 13:12:00,7.0,,
2026-01-05 13:17:00,6.9,,
2026-01-05 13:22:00,5.9,,
2026-01-05 13:27:00,5.8,,
2026-01-05 13:32:00,4.9,,
2026-01-05 13:37:00,5.2,,
2026-01-05 13:42:00,5.0,,
2026-01-05 13:47:00,4.8,,
2026-01-05 13:52:00,4.4,,
2026-01-05 13:57:00,4.0,,
2026-01-05 14:02:00,4.1,,
2026-01-05 14:07:00,3.7,,
2026-01-05 14:12:00,3.5,,
2026-01-05 14:17:00,3.1,,
2026-01-05 14:22:00,2.8,,
2026-01-05 14:27:00,2.9,,
2026-01-05 14:32:00,3.3,,
2026-01-05 14:37:00,3.9,,
2026-01-05 14:42:00,3.2,,
2026-01-05 14:47:00,2.4,,
2026-01-05 14:52:00,3.4,,
2026-01-05 14:57:00,3.7,,
2026-01-05 15:02:00,3.8,,
2026-01-05 15:07:00,3.8,,
2026-01-05 15:12:00,3.4,,
2026-01-05 15:17:00,3.4,,
2026-01-05 15:22:00,3.6,,
2026-01-05 15:27:00,3.6,,
2026-01-05 15:32:00,3.4,,
2026-01-05 15:37:00,3.3,,
2026-01-05 15:42:00,3.4,,
2026-01-05 15:47:00,2.9,,
2026-01-05 15:52:00,2.7,,
2026-01-05 15:57:00,2.9,,
2026-01-05 16:02:00,3.4,,
2026-01-05 16:07:00,3.7,,
2026-01-05 16:12:00,3.8,,
2026-01-05 16:17:00,3.5,,
2026-01-05 16:22:00,3.7,,
2026-01-05 16:27:00,3.7,,
2026-01-05 16:32:00,3.6,,
2026-01-05 16:37:00,3.2,,
2026-01-05 16:42:00,2.9,,
2026-01-05 16:47:00,2.8,,
2026-01-05 16:52:00,2.7,,
2026-01-05 16:57:00,3.2,,
2026-01-05 17:02:00,4.2,,
2026-01-05 17:07:00,5.3,,
2026-01-05 17:12:00,6.1,,
2026-01-05 17:17:00,7.0,,
2026-01-05 17:22:00,7.0,,
2026-01-05 17:27:00,7.2,,
2026-01-05 17:32:00,6.8,,
2026-01-05 17:37:00,6.9,32.0,2.45
2026-01-05 17:42:00,6.7,,
2026-01-05 17:47:00,6.1,,
2026-01-05 17:52:00,5.7,,
2026-01-05 17:57:00,5.4,,
2026-01-05 18:02:00,5.4,,
2026-01-05 18:07:00,5.0,,
2026-01-05 18:12:00,4.3,,
2026-01-05 18:17:00,3.6,,
2026-01-05 18:22:00,2.9,,
2026-01-05 18:27:00,3.1,,
2026-01-05 18:32:00,3.9,,
2026-01-05 18:37:00,5.1,,
2026-01-05 18:42:00,5.6,,
2026-01-05 18:47:00,5.8,,
2026-01-05 18:52:00,6.0,,
2026-01-05 18:57:00,5.8,,
2026-01-05 19:02:00,5.6,,
2026-01-05 19:07:00,5.3,,
2026-01-05 19:12:00,5.1,,
2026-01-05 19:17:00,4.5,,
2026-01-05 19:22:00,4.9,,
2026-01-05 19:27:00,4.8,,
2026-01-05 19:32:00,4.6,,
2026-01-05 19:37:00,4.3,,
2026-01-05 19:42:00,,,
2026-01-05 19:47:00,,,
2026-01-05 19:52:00,4.4,,
2026-01-05 19:57:00,5.0,,
2026-01-05 20:02:00,4.8,,
2026-01-05 20:07:00,5.0,,
2026-01-05 20:12:00,4.8,,
2026-01-05 20:17:00,5.3,,
2026-01-05 20:22:00,4.5,,
2026-01-05 20:27:00,6.1,,
2026-01-05 20:32:00,7.0,,
2026-01-05 20:37:00,7.5,,
2026-01-05 20:42:00,7.8,,
2026-01-05 20:47:00,8.2,,
2026-01-05 20:52:00,8.5,,
2026-01-05 20:57:00,8.7,,
2026-01-05 21:02:00,8.8,,
2026-01-05 21:07:00,8.8,,
2026-01-05 21:12:00,8.8,,
2026-01-05 21:17:00,9.9,,
2026-01-05 21:22:00,8.7,,
2026-01-05 21:27:00,7.5,,
2026-01-05 21:32:00,,,
2026-01-05 21:37:00,,,
2026-01-05 21:42:00,,,
2026-01-05 21:47:00,,,
2026-01-05 21:52:00,,,
2026-01-05 21:57:00,,,
2026-01-05 22:02:00,,,
2026-01-05 22:07:00,,,
2026-01-05 22:12:00,,,
2026-01-05 22:17:00,,,
2026-01-05 22:22:00,,,
2026-01-05 22:27:00,,,
2026-01-05 22:32:00,,,
2026-01-05 22:37:00,,,
2026-01-05 22:42:00,,,
2026-01-05 22:47:00,,,
2026-01-05 22:52:00,,,
2026-01-05 22:57:00,,,
2026-01-05 23:02:00,,,
2026-01-05 23:07:00,11.0,,
2026-01-05 23:12:00,11.2,,
2026-01-05 23:17:00,11.2,,
2026-01-05 23:22:00,11.0,,
2026-01-05 23:27:00,10.8,,
2026-01-05 23:32:00,10.5,,
2026-01-05 23:37:00,10.3,,
2026-01-05 23:42:00,10.2,,
2026-01-05 23:47:00,9.9,,
2026-01-05 23:52:00,8.8,,
2026-01-05 23:57:00,,,
2026-01-06 00:02:00,,,
2026-01-06 00:07:00,,,
2026-01-06 00:12:00,,,
2026-01-06 00:17:00,,,
2026-01-06 00:22:00,,,
2026-01-06 00:27:00,,,
2026-01-06 00:32:00,,,
2026-01-06 00:37:00,,,
2026-01-06 00:42:00,7.5,,
2026-01-06 00:47:00,10.0,,
2026-01-06 00:52:00,,,
2026-01-06 00:57:00,,,
2026-01-06 01:02:00,8.8,,
2026-01-06 01:07:00,10.1,,
2026-01-06 01:12:00,9.9,,
2026-01-06 01:17:00,9.9,,
2026-01-06 01:22:00,10.7,,
2026-01-06 01:27:00,9.9,,
2026-01-06 01:32:00,5.9,,
2026-01-06 01:37:00,,,
2026-01-06 01:42:00,,,
2026-01-06 01:47:00,,,
2026-01-06 01:52:00,,,
2026-01-06 01:57:00,,,
2026-01-06 02:02:00,,,
2026-01-06 02:07:00,,,
2026-01-06 02:12:00,6.5,,
2026-01-06 02:17:00,6.4,,
2026-01-06 02:22:00,6.1,,
2026-01-06 02:27:00,6.2,,
2026-01-06 02:32:00,6.4,,
2026-01-06 02:37:00,5.8,,
2026-01-06 02:42:00,9.5,,
2026-01-06 02:47:00,,,
2026-01-06 02:52:00,,,
2026-01-06 02:57:00,9.5,,
2026-01-06 03:02:00,9.0,,
2026-01-06 03:07:00,9.2,,
2026-01-06 03:12:00,5.8,,
2026-01-06 03:17:00,,,
2026-01-06 03:22:00,,,
2026-01-06 03:27:00,,,
2026-01-06 03:32:00,,,
2026-01-06 03:37:00,,,
2026-01-06 03:42:00,,,
2026-01-06 03:47:00,9.3,,
2026-01-06 03:52:00,,,
2026-01-06 03:57:00,,,
2026-01-06 04:02:00,,,
2026-01-06 04:07:00,,,
2026-01-06 04:12:00,,,
2026-01-06 04:17:00,,,
2026-01-06 04:22:00,,,
2026-01-06 04:27:00,,,
2026-01-06 04:32:00,,,
2026-01-06 04:37:00,,,
2026-01-06 04:42:00,,,
2026-01-06 04:47:00,8.2,,
2026-01-06 04:52:00,8.4,,
2026-01-06 04:57:00,8.4,,
2026-01-06 05:02:00,8.2,,
2026-01-06 05:07:00,4.6,,
2026-01-06 05:12:00,,,
2026-01-06 05:17:00,,,
2026-01-06 05:22:00,,,
2026-01-06 05:27:00,6.4,,
2026-01-06 05:32:00,,,
2026-01-06 05:37:00,,,
2026-01-06 05:42:00,4.3,,
2026-01-06 05:47:00,0.1,,
2026-01-06 05:52:00,,,
2026-01-06 05:57:00,,,
2026-01-06 06:02:00,,,
2026-01-06 06:07:00,,,
2026-01-06 06:12:00,,,
2026-01-06 06:17:00,,,
2026-01-06 06:22:00,,,
2026-01-06 06:27:00,,,
2026-01-06 06:32:00,,,
2026-01-06 06:37:00,,,
2026-01-06 06:42:00,,,
2026-01-06 06:47:00,,,
2026-01-06 06:52:00,,,
2026-01-06 06:57:00,,,
2026-01-06 07:02:00,,40.0,5.0
2026-01-06 07:07:00,5.5,,
2026-01-06 07:12:00,5.8,,
2026-01-06 07:17:00,5.3,,
2026-01-06 07:22:00,5.4,,
2026-01-06 07:27:00,5.7,,
2026-01-06 07:32:00,5.6,,
2026-01-06 07:37:00,5.0,,
2026-01-06 07:42:00,4.7,,
2026-01-06 07:47:00,4.6,,
2026-01-06 07:52:00,4.8,,
2026-01-06 07:57:00,5.2,,
2026-01-06 08:02:00,5.3,,
2026-01-06 08:07:00,5.5,,
2026-01-06 08:12:00,5.2,,
2026-01-06 08:17:00,5.7,,
2026-01-06 08:22:00,5.8,,
2026-01-06 08:27:00,5.3,,
2026-01-06 08:32:00,4.3,,
2026-01-06 08:37:00,2.9,,
2026-01-06 08:42:00,2.8,,
2026-01-06 08:47:00,3.5,,
2026-01-06 08:52:00,3.7,,
2026-01-06 08:57:00,4.1,,
2026-01-06 09:02:00,4.7,,
2026-01-06 09:07:00,5.1,,
2026-01-06 09:12:00,5.0,,
2026-01-06 09:17:00,5.1,,
2026-01-06 09:22:00,4.7,,
2026-01-06 09:27:00,4.9,,
2026-01-06 09:32:00,4.6,,
2026-01-06 09:37:00,5.5,,
2026-01-06 09:42:00,6.3,,
2026-01-06 09:47:00,6.8,,
2026-01-06 09:52:00,7.0,,
2026-01-06 09:57:00,6.8,,
2026-01-06 10:02:00,5.7,,
2026-01-06 10:07:00,6.8,,
2026-01-06 10:12:00,6.6,,
2026-01-06 10:17:00,7.7,,
2026-01-06 10:22:00,,,
2026-01-06 10:27:00,,,
2026-01-06 10:32:00,,,
2026-01-06 10:37:00,,,
2026-01-06 10:42:00,,,
2026-01-06 10:47:00,,,
2026-01-06 10:52:00,,,
2026-01-06 10:57:00,6.5,,
2026-01-06 11:02:00,,,
2026-01-06 11:07:00,,,
2026-01-06 11:12:00,,,
2026-01-06 11:17:00,,,
2026-01-06 11:22:00,,,
2026-01-06 11:27:00,,,
2026-01-06 11:32:00,,,
2026-01-06 11:37:00,,,
2026-01-06 11:42:00,,,
2026-01-06 11:47:00,,,
2026-01-06 11:52:00,,,
2026-01-06 11:57:00,7.9,,
2026-01-06 12:02:00,9.5,,
2026-01-06 12:07:00,,,
2026-01-06 12:12:00,,,
2026-01-06 12:17:00,,,
2026-01-06 12:22:00,,,
2026-01-06 12:27:00,,,
2026-01-06 12:32:00,,,
2026-01-06 12:37:00,9.8,,
2026-01-06 12:42:00,10.1,,
2026-01-06 12:47:00,9.8,,
2026-01-06 12:52:00,11.3,,
2026-01-06 12:57:00,11.5,,
2026-01-06 13:02:00,11.7,,
2026-01-06 13:07:00,11.9,,
2026-01-06 13:12:00,11.3,,
2026-01-06 13:17:00,7.4,,
2026-01-06 13:22:00,,,
2026-01-06 13:27:00,,,
2026-01-06 13:32:00,,,
2026-01-06 13:37:00,,,
2026-01-06 13:42:00,9.3,,
2026-01-06 13:47:00,,,
2026-01-06 13:52:00,,,
2026-01-06 13:57:00,9.2,,
2026-01-06 14:02:00,9.0,,
2026-01-06 14:07:00,8.6,,
2026-01-06 14:12:00,9.3,,
