timestamp,cgm,carbs,insulin
2025-10-23 09:04:00,7.7,,
2025-10-23 09:09:00,7.5,,
2025-10-23 09:14:00,6.0,,
2025-10-23 09:19:00,6.1,,
2025-10-23 09:24:00,6.1,,
2025-10-23 09:29:00,5.8,,
2025-10-23 09:34:00,5.8,,
2025-10-23 09:39:00,5.8,,
2025-10-23 09:44:00,5.8,,
2025-10-23 09:49:00,5.9,,
2025-10-23 09:54:00,6.1,,
2025-10-23 09:59:00,6.1,,
2025-10-23 10:04:00,6.1,,
2025-10-23 10:09:00,6.2,,
2025-10-23 10:14:00,6.1,,
2025-10-23 10:19:00,6.0,,
2025-10-23 10:24:00,5.8,,
2025-10-23 10:29:00,5.6,,
2025-10-23 10:34:00,5.4,,
2025-10-23 10:39:00,5.1,,
2025-10-23 10:44:00,5.0,,
2025-10-23 10:49:00,5.2,,
2025-10-23 10:54:00,5.2,,
2025-10-23 10:59:00,5.1,,
2025-10-23 11:04:00,5.0,,
2025-10-23 11:09:00,5.0,,
2025-10-23 11:14:00,5.0,,
2025-10-23 11:19:00,5.1,,
2025-10-23 11:24:00,5.6,,
2025-10-23 11:29:00,5.9,,
2025-10-23 11:34:00,6.4,12.0,0.6
2025-10-23 11:39:00,6.9,,
2025-10-23 11:44:00,7.2,,
2025-10-23 11:49:00,7.3,,
2025-10-23 11:54:00,7.6,,
2025-10-23 11:59:00,8.6,,
2025-10-23 12:04:00,8.7,,
2025-10-23 12:09:00,9.4,,
2025-10-23 12:14:00,9.8,,
2025-10-23 12:19:00,9.6,,
2025-10-23 12:24:00,9.4,,
2025-10-23 12:29:00,9.3,,
2025-10-23 12:34:00,9.3,,
2025-10-23 12:39:00,9.1,,
2025-10-23 12:44:00,8.8,,
2025-10-23 12:49:00,8.3,,
2025-10-23 12:54:00,7.7,,
2025-10-23 12:59:00,6.8,,
2025-10-23 13:04:00,5.9,,
2025-10-23 13:09:00,4.8,,
2025-10-23 13:14:00,4.6,,
2025-10-23 13:19:00,4.7,,
2025-10-23 13:24:00,4.4,,
2025-10-23 13:29:00,4.3,,
2025-10-23 13:34:00,4.6,,
2025-10-23 13:39:00,4.4,,
2025-10-23 13:44:00,4.2,,
2025-10-23 13:49:00,4.1,,
2025-10-23 13:54:00,4.1,,
2025-10-23 13:59:00,4.1,,
2025-10-23 14:04:00,4.0,,
2025-10-23 14:09:00,4.0,,
2025-10-23 14:14:00,4.1,25.0,0.85
2025-10-23 14:19:00,4.1,,
2025-10-23 14:24:00,4.8,,
2025-10-23 14:29:00,6.1,,
2025-10-23 14:34:00,7.2,,
2025-10-23 14:39:00,7.8,,
2025-10-23 14:44:00,7.7,,
2025-10-23 14:49:00,7.1,,
2025-10-23 14:54:00,6.4,,
2025-10-23 14:59:00,6.1,,
2025-10-23 15:04:00,6.1,,
2025-10-23 15:09:00,6.0,,
2025-10-23 15:14:00,6.4,,
2025-10-23 15:19:00,6.6,,
2025-10-23 15:24:00,6.4,,
2025-10-23 15:29:00,6.2,,
2025-10-23 15:34:00,5.6,,
2025-10-23 15:39:00,5.5,,
2025-10-23 15:44:00,5.6,30.0,1.5
2025-10-23 15:49:00,5.4,,
2025-10-23 15:54:00,5.4,,
2025-10-23 15:59:00,5.6,,
2025-10-23 16:04:00,6.1,,
2025-10-23 16:09:00,6.1,,
2025-10-23 16:14:00,5.8,,
2025-10-23 16:19:00,5.0,,
2025-10-23 16:24:00,3.2,,
2025-10-23 16:29:00,2.7,,
2025-10-23 16:34:00,2.9,,
2025-10-23 16:39:00,3.4,,
2025-10-23 16:44:00,3.6,,
2025-10-23 16:49:00,4.4,,
2025-10-23 16:54:00,4.8,,
2025-10-23 16:59:00,5.2,,
2025-10-23 17:04:00,5.1,0.0,0.1
2025-10-23 17:09:00,5.1,,
2025-10-23 17:14:00,5.3,,
2025-10-23 17:19:00,5.1,,
2025-10-23 17:24:00,4.8,,
2025-10-23 17:29:00,4.2,,
2025-10-23 17:34:00,3.7,,
2025-10-23 17:39:00,3.5,,
2025-10-23 17:44:00,3.6,,
2025-10-23 17:49:00,3.8,,
2025-10-23 17:54:00,3.7,,
2025-10-23 17:59:00,3.6,,
2025-10-23 18:04:00,3.8,,
2025-10-23 18:09:00,4.0,,
2025-10-23 18:14:00,4.3,,
2025-10-23 18:19:00,4.2,,
2025-10-23 18:24:00,4.3,10.0,0.5
2025-10-23 18:29:00,3.8,,
2025-10-23 18:34:00,3.9,,
2025-10-23 18:39:00,4.2,,
2025-10-23 18:44:00,4.4,7.0,0.35
2025-10-23 18:49:00,5.3,,
2025-10-23 18:54:00,6.2,,
2025-10-23 18:59:00,7.0,,
2025-10-23 19:04:00,7.3,5.0,0.3
2025-10-23 19:09:00,7.1,,
2025-10-23 19:14:00,7.3,,
2025-10-23 19:19:00,6.8,,
2025-10-23 19:24:00,6.6,,
2025-10-23 19:29:00,6.7,,
2025-10-23 19:34:00,6.6,,
2025-10-23 19:39:00,6.3,,
2025-10-23 19:44:00,6.1,,
2025-10-23 19:49:00,5.8,,
2025-10-23 19:54:00,5.4,,
2025-10-23 19:59:00,5.2,7.0,0.35
2025-10-23 20:04:00,5.1,,
2025-10-23 20:09:00,4.9,,
2025-10-23 20:14:00,5.0,,
2025-10-23 20:19:00,5.2,,
2025-10-23 20:24:00,5.4,,
2025-10-23 20:29:00,5.7,,
2025-10-23 20:34:00,6.5,7.0,0.4
2025-10-23 20:39:00,6.8,0.0,0.2
2025-10-23 20:44:00,7.0,0.0,0.05
2025-10-23 20:49:00,6.9,,
2025-10-23 20:54:00,6.3,,
2025-10-23 20:59:00,6.8,,
2025-10-23 21:04:00,6.9,,
2025-10-23 21:09:00,7.0,,
2025-10-23 21:14:00,6.4,,
2025-10-23 21:19:00,5.9,,
2025-10-23 21:24:00,5.4,,
2025-10-23 21:29:00,5.4,,
2025-10-23 21:34:00,5.0,,
2025-10-23 21:39:00,4.9,,
2025-10-23 21:44:00,5.1,,
2025-10-23 21:49:00,5.2,,
2025-10-23 21:54:00,5.5,,
2025-10-23 21:59:00,5.6,,
2025-10-23 22:04:00,5.7,,
2025-10-23 22:09:00,5.7,,
2025-10-23 22:14:00,5.9,,
2025-10-23 22:19:00,5.8,,
2025-10-23 22:24:00,6.2,,
2025-10-23 22:29:00,5.6,,
2025-10-23 22:34:00,4.6,,
2025-10-23 22:40:00,4.7,,
2025-10-23 22:44:00,4.8,,
2025-10-23 22:49:00,5.0,,
2025-10-23 22:54:00,5.2,,
2025-10-23 22:59:00,5.4,,
2025-10-23 23:04:00,5.7,,
2025-10-23 23:09:00,6.9,,
2025-10-23 23:14:00,8.2,,
2025-10-23 23:19:00,7.8,,
2025-10-23 23:24:00,7.4,,
2025-10-23 23:29:00,7.4,,
2025-10-23 23:34:00,7.4,,
2025-10-23 23:39:00,7.5,,
2025-10-23 23:44:00,7.7,,
2025-10-23 23:49:00,7.8,,
2025-10-23 23:54:00,7.8,,
2025-10-23 23:59:00,7.9,,
2025-10-24 00:04:00,8.0,,
2025-10-24 00:09:00,8.1,,
2025-10-24 00:14:00,8.2,,
2025-10-24 00:19:00,8.2,,
2025-10-24 00:24:00,8.2,,
2025-10-24 00:29:00,7.8,,
2025-10-24 00:34:00,8.0,,
2025-10-24 00:39:00,8.3,,
2025-10-24 00:44:00,7.7,,
2025-10-24 00:49:00,7.4,,
2025-10-24 00:54:00,7.3,,
2025-10-24 00:59:00,7.5,,
2025-10-24 01:04:00,7.3,,
2025-10-24 01:09:00,7.2,,
2025-10-24 01:14:00,7.1,,
2025-10-24 01:19:00,7.0,,
2025-10-24 01:24:00,6.9,,
2025-10-24 01:29:00,6.7,,
2025-10-24 01:34:00,6.7,,
2025-10-24 01:39:00,6.1,,
2025-10-24 01:44:00,5.1,,
2025-10-24 01:49:00,5.3,,
2025-10-24 01:54:00,5.6,,
2025-10-24 01:59:00,6.7,,
2025-10-24 02:04:00,6.3,,
2025-10-24 02:09:00,6.2,,
2025-10-24 02:14:00,6.2,,
2025-10-24 02:19:00,6.3,,
2025-10-24 02:24:00,6.3,,
2025-10-24 02:29:00,6.7,,
2025-10-24 02:34:00,6.7,,
2025-10-24 02:39:00,6.7,,
2025-10-24 02:44:00,6.7,,
2025-10-24 02:49:00,6.7,,
2025-10-24 02:54:00,6.8,,
2025-10-24 02:59:00,6.8,,
2025-10-24 03:04:00,6.9,,
2025-10-24 03:09:00,6.9,,
2025-10-24 03:14:00,7.0,,
2025-10-24 03:19:00,7.0,,
2025-10-24 03:24:00,6.8,,
2025-10-24 03:29:00,6.8,,
2025-10-24 03:34:00,6.5,,
2025-10-24 03:39:00,6.7,,
2025-10-24 03:44:00,6.5,,
2025-10-24 03:49:00,6.4,,
2025-10-24 03:54:00,6.4,,
2025-10-24 03:59:00,6.4,,
2025-10-24 04:04:00,6.4,,
2025-10-24 04:09:00,6.1,,
2025-10-24 04:14:00,6.2,,
2025-10-24 04:19:00,6.1,,
2025-10-24 04:24:00,5.9,,
2025-10-24 04:29:00,6.3,,
2025-10-24 04:34:00,6.2,,
2025-10-24 04:39:00,6.3,,
2025-10-24 04:44:00,6.3,,
2025-10-24 04:49:00,6.2,,
2025-10-24 04:54:00,6.1,,
2025-10-24 04:59:00,6.0,,
2025-10-24 05:04:00,6.2,,
2025-10-24 05:09:00,6.3,,
2025-10-24 05:14:00,6.4,,
2025-10-24 05:19:00,6.4,,
2025-10-24 05:24:00,6.5,,
2025-10-24 05:29:00,6.4,,
2025-10-24 05:34:00,6.3,,
2025-10-24 05:39:00,6.3,,
2025-10-24 05:44:00,6.2,,
2025-10-24 05:49:00,6.3,,
2025-10-24 05:54:00,6.2,,
2025-10-24 05:59:00,5.7,,
2025-10-24 06:04:00,5.6,,
2025-10-24 06:09:00,5.6,,
2025-10-24 06:14:00,5.7,,
2025-10-24 06:19:00,5.8,,
2025-10-24 06:24:00,5.9,,
2025-10-24 06:29:00,5.9,,
2025-10-24 06:34:00,5.9,,
2025-10-24 06:39:00,5.9,,
2025-10-24 06:44:00,6.1,,
2025-10-24 06:49:00,6.2,,
2025-10-24 06:54:00,6.2,,
2025-10-24 06:59:00,6.3,0.0,0.1
2025-10-24 07:04:00,6.3,,
2025-10-24 07:09:00,6.1,,
2025-10-24 07:14:00,5.9,,
2025-10-24 07:19:00,5.8,,
2025-10-24 07:24:00,5.6,,
2025-10-24 07:29:00,5.9,,
2025-10-24 07:34:00,5.9,,
2025-10-24 07:39:00,5.3,,
2025-10-24 07:44:00,5.8,,
2025-10-24 07:49:00,5.6,,
2025-10-24 07:54:00,5.6,,
2025-10-24 07:59:00,5.7,,
2025-10-24 08:04:00,5.4,,
2025-10-24 08:09:00,5.3,,
2025-10-24 08:14:00,5.2,,
2025-10-24 08:19:00,5.4,,
2025-10-24 08:24:00,5.7,,
2025-10-24 08:29:00,5.8,10.0,0.55
2025-10-24 08:34:00,5.9,,
2025-10-24 08:39:00,6.5,13.0,0.7
2025-10-24 08:44:00,6.6,,
2025-10-24 08:49:00,6.8,,
2025-10-24 08:54:00,7.1,,
2025-10-24 08:59:00,8.2,,
2025-10-24 09:04:00,8.7,,
2025-10-24 09:09:00,9.8,,
2025-10-24 09:14:00,9.3,,
2025-10-24 09:19:00,9.5,0.0,0.05
2025-10-24 09:24:00,10.2,,
2025-10-24 09:29:00,10.4,,
2025-10-24 09:34:00,10.3,,
2025-10-24 09:39:00,10.3,,
2025-10-24 09:44:00,10.3,,
2025-10-24 09:49:00,10.0,,
2025-10-24 09:54:00,9.8,,
2025-10-24 09:59:00,9.6,,
2025-10-24 10:04:00,9.4,,
2025-10-24 10:09:00,9.3,,
2025-10-24 10:14:00,9.2,,
2025-10-24 10:19:00,8.7,,
2025-10-24 10:24:00,8.5,,
2025-10-24 10:29:00,8.3,,
2025-10-24 10:34:00,8.2,,
2025-10-24 10:39:00,8.0,,
2025-10-24 10:44:00,7.8,,
2025-10-24 10:49:00,7.5,,
2025-10-24 10:54:00,7.2,,
2025-10-24 10:59:00,6.9,,
2025-10-24 11:04:00,6.9,,
2025-10-24 11:09:00,6.7,,
2025-10-24 11:14:00,6.3,,
2025-10-24 11:19:00,6.1,,
2025-10-24 11:24:00,6.3,,
2025-10-24 11:29:00,6.2,,
2025-10-24 11:34:00,5.9,35.0,1.55
2025-10-24 11:39:00,5.9,,
2025-10-24 11:44:00,5.9,,
2025-10-24 11:49:00,5.7,,
2025-10-24 11:54:00,6.3,,
2025-10-24 11:59:00,6.7,,
2025-10-24 12:04:00,7.2,,
2025-10-24 12:09:00,7.4,,
2025-10-24 12:14:00,7.9,,
2025-10-24 12:19:00,8.1,,
2025-10-24 12:24:00,8.3,,
2025-10-24 12:29:00,8.4,,
2025-10-24 12:34:00,8.3,,
2025-10-24 12:39:00,7.9,0.0,0.1
2025-10-24 12:44:00,8.0,,
2025-10-24 12:49:00,8.3,,
2025-10-24 12:54:00,8.8,0.0,0.1
2025-10-24 12:59:00,9.0,,
2025-10-24 13:04:00,9.0,0.0,0.15
2025-10-24 13:09:00,8.9,,
2025-10-24 13:14:00,9.0,,
2025-10-24 13:19:00,9.3,0.0,0.3
2025-10-24 13:24:00,9.2,,
2025-10-24 13:29:00,8.9,,
2025-10-24 13:34:00,8.3,,
2025-10-24 13:39:00,7.9,,
2025-10-24 13:44:00,7.8,,
2025-10-24 13:49:00,7.5,,
2025-10-24 13:54:00,7.1,,
2025-10-24 13:59:00,6.5,,
2025-10-24 14:04:00,5.8,,
2025-10-24 14:09:00,5.5,,
2025-10-24 14:14:00,5.2,,
2025-10-24 14:19:00,5.2,,
2025-10-24 14:24:00,5.4,,
2025-10-24 14:29:00,5.5,,
2025-10-24 14:34:00,5.5,,
2025-10-24 14:39:00,5.4,,
2025-10-24 14:44:00,5.4,,
2025-10-24 14:49:00,5.6,,
2025-10-24 14:54:00,5.4,,
2025-10-24 14:59:00,4.7,,
2025-10-24 15:04:00,4.1,,
2025-10-24 15:09:00,3.5,,
2025-10-24 15:14:00,3.2,,
2025-10-24 15:19:00,3.2,30.0,1.5
2025-10-24 15:24:00,4.2,,
2025-10-24 15:29:00,5.2,,
2025-10-24 15:34:00,5.8,,
2025-10-24 15:39:00,7.1,,
2025-10-24 15:44:00,7.9,,
2025-10-24 15:49:00,8.7,,
2025-10-24 15:54:00,8.5,0.0,0.15
2025-10-24 15:59:00,8.7,,
2025-10-24 16:04:00,8.4,,
2025-10-24 16:09:00,8.5,,
2025-10-24 16:14:00,8.7,,
2025-10-24 16:19:00,8.4,,
2025-10-24 16:24:00,7.7,,
2025-10-24 16:29:00,6.8,,
2025-10-24 16:34:00,6.6,,
2025-10-24 16:39:00,6.7,,
2025-10-24 16:44:00,6.4,,
2025-10-24 16:49:00,6.5,,
2025-10-24 16:54:00,6.9,,
2025-10-24 16:59:00,7.2,,
2025-10-24 17:04:00,7.5,,
2025-10-24 17:09:00,8.0,,
2025-10-24 17:14:00,8.3,,
2025-10-24 17:19:00,8.3,,
2025-10-24 17:24:00,8.3,0.0,0.3
2025-10-24 17:29:00,7.4,,
2025-10-24 17:34:00,7.0,,
2025-10-24 17:39:00,7.1,,
2025-10-24 17:44:00,7.0,,
2025-10-24 17:49:00,6.8,,
2025-10-24 17:54:00,6.4,,
2025-10-24 17:59:00,6.1,,
2025-10-24 18:04:00,5.6,32.0,1.6
2025-10-24 18:09:00,5.7,,
2025-10-24 18:14:00,5.3,,
2025-10-24 18:19:00,5.1,,
2025-10-24 18:24:00,5.0,,
2025-10-24 18:29:00,4.7,,
2025-10-24 18:34:00,4.9,,
2025-10-24 18:39:00,5.6,0.0,0.15
2025-10-24 18:44:00,6.0,3.0,0.15
2025-10-24 18:49:00,5.8,,
2025-10-24 18:54:00,5.7,,
2025-10-24 18:59:00,5.2,,
2025-10-24 19:04:00,4.7,,
2025-10-24 19:09:00,4.2,,
2025-10-24 19:14:00,3.5,,
2025-10-24 19:19:00,3.0,,
2025-10-24 19:24:00,2.8,5.0,
2025-10-24 19:29:00,3.2,,
2025-10-24 19:34:00,3.6,,
2025-10-24 19:39:00,3.6,,
2025-10-24 19:44:00,3.7,,
2025-10-24 19:49:00,3.9,,
2025-10-24 19:54:00,4.1,,
2025-10-24 19:59:00,4.3,,
2025-10-24 20:04:00,4.4,,
2025-10-24 20:09:00,4.3,,
2025-10-24 20:14:00,4.4,,
2025-10-24 20:19:00,4.4,,
2025-10-24 20:24:00,4.8,,
2025-10-24 20:29:00,5.4,,
2025-10-24 20:34:00,5.8,,
2025-10-24 20:39:00,6.3,,
2025-10-24 20:44:00,7.3,,
2025-10-24 20:49:00,7.7,0.0,0.35
2025-10-24 20:54:00,8.2,,
2025-10-24 20:59:00,8.4,,
2025-10-24 21:04:00,8.3,,
2025-10-24 21:09:00,8.5,,
2025-10-24 21:14:00,8.8,,
2025-10-24 21:19:00,8.8,,
2025-10-24 21:24:00,9.3,,
2025-10-24 21:29:00,9.3,,
2025-10-24 21:34:00,8.8,0.0,0.35
2025-10-24 21:39:00,8.4,3.0,0.15
2025-10-24 21:44:00,8.6,,
2025-10-24 21:49:00,8.8,,
2025-10-24 21:54:00,8.6,,
2025-10-24 21:59:00,7.9,,
2025-10-24 22:04:00,7.2,,
2025-10-24 22:09:00,6.1,,
2025-10-24 22:14:00,5.9,,
2025-10-24 22:19:00,5.7,,
2025-10-24 22:24:00,5.3,,
2025-10-24 22:30:00,5.0,,
2025-10-24 22:34:00,5.1,,
2025-10-24 22:39:00,5.2,,
2025-10-24 22:44:00,5.4,,
2025-10-24 22:49:00,5.1,,
2025-10-24 22:54:00,5.0,,
2025-10-24 22:59:00,5.1,,
2025-10-24 23:04:00,4.9,,
2025-10-24 23:09:00,5.3,,
2025-10-24 23:14:00,5.6,,
2025-10-24 23:19:00,5.8,,
2025-10-24 23:24:00,5.9,,
2025-10-24 23:29:00,6.1,,
2025-10-24 23:34:00,6.3,,
2025-10-24 23:39:00,6.4,,
2025-10-24 23:44:00,6.5,,
2025-10-24 23:49:00,6.6,,
2025-10-24 23:54:00,6.7,,
2025-10-24 23:59:00,6.4,,
2025-10-25 00:04:00,6.5,,
2025-10-25 00:09:00,6.8,,
2025-10-25 00:14:00,6.8,,
2025-10-25 00:19:00,6.8,,
2025-10-25 00:24:00,6.8,,
2025-10-25 00:29:00,6.7,,
2025-10-25 00:34:00,7.2,,
2025-10-25 00:39:00,7.4,,
2025-10-25 00:44:00,7.5,,
2025-10-25 00:49:00,7.6,,
2025-10-25 00:54:00,7.7,,
2025-10-25 00:59:00,7.7,,
2025-10-25 01:04:00,7.7,,
2025-10-25 01:09:00,6.7,,
2025-10-25 01:14:00,7.1,,
2025-10-25 01:19:00,8.4,,
2025-10-25 01:24:00,8.5,,
2025-10-25 01:29:00,8.6,,
2025-10-25 01:34:00,8.8,,
2025-10-25 01:39:00,8.7,,
2025-10-25 01:44:00,8.9,,
2025-10-25 01:49:00,9.2,,
2025-10-25 01:54:00,9.3,,
2025-10-25 01:59:00,9.3,,
2025-10-25 02:04:00,9.3,,
2025-10-25 02:09:00,9.4,,
2025-10-25 02:14:00,9.5,,
2025-10-25 02:19:00,9.7,,
2025-10-25 02:24:00,9.8,,
2025-10-25 02:29:00,9.8,,
2025-10-25 02:34:00,9.9,,
2025-10-25 02:39:00,9.8,,
2025-10-25 02:44:00,9.5,,
2025-10-25 02:49:00,9.0,,
2025-10-25 02:54:00,8.9,,
2025-10-25 02:59:00,8.9,,
2025-10-25 03:04:00,8.9,,
2025-10-25 03:09:00,8.1,,
2025-10-25 03:14:00,8.5,,
2025-10-25 03:19:00,8.5,,
2025-10-25 03:24:00,8.5,,
2025-10-25 03:29:00,8.5,,
2025-10-25 03:34:00,8.0,,
2025-10-25 03:39:00,7.5,,
2025-10-25 03:44:00,7.7,,
2025-10-25 03:49:00,7.5,,
2025-10-25 03:54:00,7.4,,
2025-10-25 03:59:00,7.4,,
2025-10-25 04:04:00,7.4,,
2025-10-25 04:09:00,8.2,,
2025-10-25 04:14:00,8.7,,
2025-10-25 04:19:00,8.1,,
2025-10-25 04:24:00,7.9,,
2025-10-25 04:29:00,8.0,,
2025-10-25 04:34:00,8.0,,
2025-10-25 04:40:00,7.9,,
2025-10-25 04:44:00,7.7,,
2025-10-25 04:49:00,7.8,,
2025-10-25 04:54:00,7.7,,
2025-10-25 04:59:00,7.5,,
2025-10-25 05:04:00,7.6,,
2025-10-25 05:09:00,7.5,,
2025-10-25 05:14:00,7.4,,
2025-10-25 05:19:00,7.5,,
2025-10-25 05:24:00,7.7,,
2025-10-25 05:29:00,7.8,,
2025-10-25 05:34:00,7.8,,
2025-10-25 05:39:00,7.9,,
2025-10-25 05:44:00,8.0,,
2025-10-25 05:49:00,8.0,,
2025-10-25 05:54:00,8.2,,
2025-10-25 05:59:00,8.1,,
2025-10-25 06:04:00,8.3,,
2025-10-25 06:09:00,8.6,,
2025-10-25 06:14:00,8.6,,
2025-10-25 06:19:00,8.5,,
2025-10-25 06:24:00,8.6,,
2025-10-25 06:29:00,8.8,,
2025-10-25 06:34:00,8.6,,
2025-10-25 06:40:00,8.2,,
2025-10-25 06:44:00,7.7,,
2025-10-25 06:49:00,8.0,,
2025-10-25 06:54:00,8.3,,
2025-10-25 06:59:00,8.1,,
2025-10-25 07:04:00,8.2,,
2025-10-25 07:09:00,8.2,,
2025-10-25 07:14:00,8.2,,
2025-10-25 07:19:00,7.8,,
2025-10-25 07:24:00,7.7,,
2025-10-25 07:29:00,7.7,,
2025-10-25 07:34:00,7.6,,
2025-10-25 07:39:00,7.5,,
2025-10-25 07:44:00,7.7,,
2025-10-25 07:49:00,7.7,,
2025-10-25 07:54:00,7.5,,
2025-10-25 07:59:00,6.5,,
2025-10-25 08:04:00,6.8,,
2025-10-25 08:09:00,7.7,,
2025-10-25 08:14:00,7.0,,
2025-10-25 08:19:00,7.7,,
2025-10-25 08:24:00,7.5,,
2025-10-25 08:29:00,7.3,0.0,0.25
2025-10-25 08:34:00,7.5,,
2025-10-25 08:40:00,7.3,,
2025-10-25 08:44:00,7.1,,
2025-10-25 08:49:00,6.7,,
2025-10-25 08:54:00,6.6,,
2025-10-25 08:59:00,6.5,,
2025-10-25 09:04:00,6.2,,
2025-10-25 09:09:00,6.1,,
2025-10-25 09:14:00,6.1,,
2025-10-25 09:19:00,5.8,,
2025-10-25 09:24:00,5.7,,
2025-10-25 09:29:00,5.6,,
2025-10-25 09:34:00,5.3,,
2025-10-25 09:39:00,5.2,5.0,0.25
2025-10-25 09:44:00,5.4,,
2025-10-25 09:49:00,5.6,,
2025-10-25 09:54:00,5.7,,
2025-10-25 09:59:00,5.8,,
2025-10-25 10:04:00,6.4,4.0,0.2
2025-10-25 10:09:00,7.0,,
2025-10-25 10:14:00,7.3,,
2025-10-25 10:19:00,7.3,,
2025-10-25 10:24:00,7.7,,
2025-10-25 10:29:00,7.8,,
2025-10-25 10:34:00,7.7,,
2025-10-25 10:40:00,7.6,,
2025-10-25 10:44:00,7.7,10.0,0.5
2025-10-25 10:49:00,7.5,,
2025-10-25 10:54:00,7.3,,
2025-10-25 10:59:00,7.0,30.0,1.5
2025-10-25 11:04:00,6.8,,
2025-10-25 11:09:00,6.8,,
2025-10-25 11:14:00,6.8,10.0,0.5
2025-10-25 11:19:00,7.0,,
2025-10-25 11:24:00,8.3,5.0,0.3
2025-10-25 11:29:00,9.8,,
2025-10-25 11:34:00,10.5,10.0,0.5
2025-10-25 11:39:00,11.1,,
2025-10-25 11:44:00,12.6,,
2025-10-25 11:49:00,13.2,3.0,0.15
2025-10-25 11:54:00,12.8,,
2025-10-25 11:59:00,12.3,,
2025-10-25 12:04:00,11.5,,
2025-10-25 12:09:00,10.5,,
2025-10-25 12:14:00,10.4,,
2025-10-25 12:19:00,11.0,5.0,0.25
2025-10-25 12:24:00,11.3,,
2025-10-25 12:29:00,10.9,,
2025-10-25 12:34:00,10.3,10.0,0.5
2025-10-25 12:39:00,9.4,,
2025-10-25 12:44:00,8.5,,
2025-10-25 12:49:00,7.7,,
2025-10-25 12:54:00,7.3,,
2025-10-25 12:59:00,6.9,,
2025-10-25 13:04:00,6.4,,
2025-10-25 13:09:00,5.9,,
2025-10-25 13:14:00,5.2,,
2025-10-25 13:19:00,4.2,,
2025-10-25 13:24:00,3.5,5.0,
2025-10-25 13:29:00,3.1,,
2025-10-25 13:34:00,3.3,,
2025-10-25 13:39:00,3.4,,
2025-10-25 13:44:00,3.6,,
2025-10-25 13:49:00,3.7,,
2025-10-25 13:54:00,4.2,,
2025-10-25 13:59:00,5.0,0.0,0.2
2025-10-25 14:04:00,5.8,,
2025-10-25 14:09:00,5.6,,
2025-10-25 14:14:00,5.3,,
2025-10-25 14:19:00,4.8,,
2025-10-25 14:24:00,4.2,,
2025-10-25 14:29:00,4.3,,
2025-10-25 14:34:00,4.8,,
2025-10-25 14:39:00,5.5,0.0,0.15
2025-10-25 14:44:00,5.8,,
2025-10-25 14:49:00,6.5,0.0,0.1
2025-10-25 14:54:00,6.8,,
2025-10-25 14:59:00,6.9,,
2025-10-25 15:04:00,7.1,,
2025-10-25 15:09:00,7.0,,
2025-10-25 15:14:00,7.0,,
2025-10-25 15:19:00,6.8,,
2025-10-25 15:24:00,6.4,,
2025-10-25 15:29:00,6.3,,
2025-10-25 15:34:00,6.4,,
2025-10-25 15:39:00,6.5,,
2025-10-25 15:44:00,6.3,0.0,0.1
2025-10-25 15:49:00,6.1,,
2025-10-25 15:54:00,6.2,,
2025-10-25 15:59:00,5.7,,
2025-10-25 16:04:00,5.6,,
2025-10-25 16:09:00,5.4,,
2025-10-25 16:14:00,5.5,,
2025-10-25 16:19:00,5.2,,
2025-10-25 16:24:00,5.1,,
2025-10-25 16:29:00,5.0,,
2025-10-25 16:34:00,4.8,,
2025-10-25 16:39:00,4.5,,
2025-10-25 16:44:00,4.2,,
2025-10-25 16:50:00,3.8,,
2025-10-25 16:54:00,3.6,,
2025-10-25 16:59:00,3.6,,
2025-10-25 17:04:00,3.2,,
2025-10-25 17:09:00,3.3,,
2025-10-25 17:14:00,3.3,,
2025-10-25 17:19:00,3.4,,
2025-10-25 17:24:00,4.3,,
2025-10-25 17:29:00,5.4,30.0,1.5
2025-10-25 17:34:00,5.4,,
2025-10-25 17:39:00,6.2,,
2025-10-25 17:44:00,6.8,,
2025-10-25 17:49:00,7.3,4.0,0.2
2025-10-25 17:54:00,8.0,,
2025-10-25 17:59:00,8.7,,
2025-10-25 18:04:00,8.4,,
2025-10-25 18:09:00,8.4,,
2025-10-25 18:14:00,8.3,,
2025-10-25 18:19:00,8.2,,
2025-10-25 18:24:00,7.8,,
2025-10-25 18:29:00,7.3,,
2025-10-25 18:34:00,6.8,,
2025-10-25 18:39:00,6.4,,
2025-10-25 18:44:00,5.9,3.0,0.15
2025-10-25 18:50:00,5.2,,
2025-10-25 18:54:00,6.0,,
2025-10-25 18:59:00,6.5,,
2025-10-25 19:04:00,7.2,,
2025-10-25 19:09:00,7.8,25.0,1.25
2025-10-25 19:14:00,8.0,,
2025-10-25 19:19:00,8.5,,
2025-10-25 19:24:00,8.4,,
2025-10-25 19:29:00,7.7,5.0,0.25
2025-10-25 19:34:00,7.4,,
2025-10-25 19:39:00,7.0,,
2025-10-25 19:44:00,6.8,,
2025-10-25 19:49:00,6.5,,
2025-10-25 19:54:00,6.5,,
2025-10-25 19:59:00,6.2,,
2025-10-25 20:04:00,5.8,,
2025-10-25 20:09:00,5.3,,
2025-10-25 20:14:00,4.7,,
2025-10-25 20:19:00,4.3,,
2025-10-25 20:24:00,3.7,,
2025-10-25 20:29:00,3.3,,
2025-10-25 20:34:00,2.9,,
2025-10-25 20:39:00,2.9,,
2025-10-25 20:44:00,3.1,,
2025-10-25 20:49:00,3.7,,
2025-10-25 20:55:00,4.1,,
2025-10-25 21:00:00,4.3,,
2025-10-25 21:04:00,4.4,,
2025-10-25 21:09:00,4.2,,
2025-10-25 21:14:00,4.2,,
2025-10-25 21:19:00,4.3,,
2025-10-25 21:24:00,4.3,,
2025-10-25 21:29:00,4.2,,
2025-10-25 21:34:00,3.7,,
2025-10-25 21:39:00,3.8,,
2025-10-25 21:44:00,3.7,,
2025-10-25 21:49:00,4.0,,
2025-10-25 21:54:00,4.4,,
2025-10-25 21:59:00,5.0,,
2025-10-25 22:04:00,5.1,,
2025-10-25 22:09:00,5.8,,
2025-10-25 22:14:00,6.0,,
2025-10-25 22:19:00,5.8,,
2025-10-25 22:24:00,5.8,,
2025-10-25 22:29:00,6.2,,
2025-10-25 22:34:00,6.9,,
2025-10-25 22:39:00,7.5,,
2025-10-25 22:44:00,7.9,,
2025-10-25 22:49:00,8.2,,
2025-10-25 22:54:00,8.3,,
2025-10-25 23:00:00,8.4,,
2025-10-25 23:04:00,8.6,,
2025-10-25 23:09:00,8.7,,
2025-10-25 23:14:00,8.6,0.0,0.4
2025-10-25 23:19:00,8.6,,
2025-10-25 23:24:00,8.5,,
2025-10-25 23:29:00,8.2,,
2025-10-25 23:34:00,7.7,,
2025-10-25 23:39:00,7.3,,
2025-10-25 23:44:00,7.0,,
2025-10-25 23:49:00,6.9,,
2025-10-25 23:54:00,6.7,,
2025-10-25 23:59:00,6.2,,
2025-10-26 00:04:00,6.1,,
2025-10-26 00:09:00,5.8,,
2025-10-26 00:14:00,5.6,,
2025-10-26 00:19:00,5.4,,
2025-10-26 00:24:00,5.3,,
2025-10-26 00:29:00,5.2,,
2025-10-26 00:34:00,5.3,,
2025-10-26 00:39:00,5.4,,
2025-10-26 00:44:00,5.5,,
2025-10-26 00:49:00,5.6,,
2025-10-26 00:54:00,5.7,,
2025-10-26 00:59:00,5.8,,
2025-10-26 01:04:00,5.9,,
2025-10-26 01:09:00,5.8,,
2025-10-26 01:14:00,6.2,,
2025-10-26 01:19:00,6.3,,
2025-10-26 01:24:00,6.2,,
2025-10-26 01:29:00,6.0,,
2025-10-26 01:34:00,5.8,,
2025-10-26 01:39:00,5.8,,
2025-10-26 01:44:00,5.8,,
2025-10-26 01:49:00,5.7,,
2025-10-26 01:54:00,5.6,,
2025-10-26 01:59:00,5.6,,
2025-10-26 02:04:00,5.3,,
2025-10-26 02:09:00,5.3,,
2025-10-26 02:14:00,5.1,,
2025-10-26 02:19:00,4.9,,
2025-10-26 02:24:00,5.1,,
2025-10-26 02:29:00,4.6,,
2025-10-26 02:34:00,4.4,,
2025-10-26 02:39:00,4.6,,
2025-10-26 02:44:00,4.4,,
2025-10-26 02:49:00,4.3,,
2025-10-26 02:54:00,4.4,,
2025-10-26 02:59:00,4.1,,
2025-10-26 03:04:00,3.9,,
2025-10-26 03:09:00,4.3,,
2025-10-26 03:14:00,4.9,,
2025-10-26 03:19:00,5.1,,
2025-10-26 03:24:00,5.2,,
2025-10-26 03:29:00,5.1,,
2025-10-26 03:34:00,5.2,,
2025-10-26 03:39:00,5.3,,
2025-10-26 03:44:00,5.3,,
2025-10-26 03:49:00,5.3,,
2025-10-26 03:54:00,5.2,,
2025-10-26 03:59:00,5.1,,
2025-10-26 04:04:00,5.1,,
2025-10-26 04:09:00,5.2,,
2025-10-26 04:14:00,5.2,,
2025-10-26 04:19:00,5.3,,
2025-10-26 04:24:00,5.4,,
2025-10-26 04:29:00,5.4,,
2025-10-26 04:34:00,5.3,,
2025-10-26 04:39:00,5.3,,
2025-10-26 04:44:00,5.4,,
2025-10-26 04:49:00,5.6,,
2025-10-26 04:54:00,5.6,,
2025-10-26 04:59:00,5.8,,
2025-10-26 05:04:00,6.0,,
2025-10-26 05:10:00,6.1,,
2025-10-26 05:14:00,6.1,,
2025-10-26 05:19:00,6.1,,
2025-10-26 05:24:00,6.2,,
2025-10-26 05:29:00,6.2,,
2025-10-26 05:34:00,6.3,,
2025-10-26 05:39:00,6.3,,
2025-10-26 05:44:00,6.4,,
2025-10-26 05:49:00,6.4,,
2025-10-26 05:54:00,6.6,,
2025-10-26 05:59:00,6.5,,
2025-10-26 06:04:00,6.3,,
2025-10-26 06:09:00,6.1,,
2025-10-26 06:14:00,5.8,,
2025-10-26 06:19:00,5.6,,
2025-10-26 06:24:00,5.6,,
2025-10-26 06:29:00,5.4,,
2025-10-26 06:34:00,5.3,,
2025-10-26 06:39:00,5.4,,
2025-10-26 06:44:00,5.7,,
2025-10-26 06:49:00,5.9,,
2025-10-26 06:54:00,6.0,,
2025-10-26 06:59:00,6.1,,
2025-10-26 07:04:00,6.3,,
2025-10-26 07:09:00,6.5,,
2025-10-26 07:14:00,6.4,,
2025-10-26 07:19:00,6.2,,
2025-10-26 07:24:00,6.3,,
2025-10-26 07:29:00,6.1,,
2025-10-26 07:34:00,5.7,,
2025-10-26 07:39:00,5.7,0.0,0.1
2025-10-26 07:44:00,5.6,,
2025-10-26 07:49:00,5.7,10.0,0.55
2025-10-26 07:54:00,6.2,,
2025-10-26 07:59:00,7.3,,
2025-10-26 08:04:00,9.2,,
2025-10-26 08:09:00,10.5,5.0,0.25
2025-10-26 08:14:00,12.9,5.0,0.25
2025-10-26 08:19:00,14.5,,
2025-10-26 08:24:00,14.7,,
2025-10-26 08:29:00,14.9,,
2025-10-26 08:34:00,15.7,10.0,0.55
2025-10-26 08:39:00,15.3,,
2025-10-26 08:44:00,16.2,,
2025-10-26 08:49:00,16.2,,
2025-10-26 08:54:00,16.2,,
2025-10-26 08:59:00,16.2,,
2025-10-26 09:04:00,15.5,,
2025-10-26 09:09:00,15.5,,
2025-10-26 09:14:00,15.8,0.0,0.2
2025-10-26 09:19:00,15.9,0.0,0.15
2025-10-26 09:24:00,15.6,,
2025-10-26 09:29:00,14.9,,
2025-10-26 09:34:00,14.3,,
2025-10-26 09:39:00,14.2,,
2025-10-26 09:44:00,13.8,,
2025-10-26 09:49:00,13.6,,
2025-10-26 09:54:00,12.8,,
2025-10-26 09:59:00,12.0,20.0,0.9
2025-10-26 10:04:00,11.9,,
2025-10-26 10:09:00,11.7,20.0,0.6
2025-10-26 10:14:00,11.5,,
2025-10-26 10:19:00,11.7,,
2025-10-26 10:24:00,10.9,,
2025-10-26 10:29:00,10.3,,
2025-10-26 10:34:00,9.0,,
2025-10-26 10:39:00,7.9,,
2025-10-26 10:44:00,7.6,,
2025-10-26 10:49:00,7.2,,
2025-10-26 10:54:00,7.0,,
2025-10-26 10:59:00,6.4,,
2025-10-26 11:04:00,6.2,,
2025-10-26 11:09:00,6.3,,
2025-10-26 11:14:00,6.6,,
2025-10-26 11:19:00,6.7,,
2025-10-26 11:24:00,7.3,,
2025-10-26 11:29:00,7.7,,
2025-10-26 11:34:00,8.2,,
2025-10-26 11:39:00,8.4,,
2025-10-26 11:44:00,8.5,,
2025-10-26 11:49:00,8.9,,
2025-10-26 11:54:00,8.6,,
2025-10-26 11:59:00,8.2,,
2025-10-26 12:04:00,7.5,,
2025-10-26 12:09:00,6.8,,
2025-10-26 12:14:00,6.2,,
2025-10-26 12:19:00,5.8,,
2025-10-26 12:24:00,5.1,,
2025-10-26 12:29:00,4.7,,
2025-10-26 12:34:00,4.8,,
2025-10-26 12:39:00,4.8,,
2025-10-26 12:44:00,4.9,,
2025-10-26 12:49:00,5.0,,
2025-10-26 12:54:00,5.4,,
2025-10-26 12:59:00,5.4,,
2025-10-26 13:04:00,5.7,,
2025-10-26 13:09:00,5.4,,
2025-10-26 13:14:00,5.1,,
2025-10-26 13:20:00,4.8,,
2025-10-26 13:24:00,4.3,,
2025-10-26 13:29:00,3.9,,
2025-10-26 13:34:00,3.9,,
2025-10-26 13:39:00,3.9,,
2025-10-26 13:44:00,4.2,,
2025-10-26 13:49:00,3.8,,
2025-10-26 13:54:00,3.7,,
2025-10-26 13:59:00,4.1,,
2025-10-26 14:04:00,4.2,,
2025-10-26 14:09:00,4.4,,
2025-10-26 14:14:00,4.8,,
2025-10-26 14:19:00,4.9,,
2025-10-26 14:24:00,5.1,,
2025-10-26 14:29:00,5.5,,
2025-10-26 14:34:00,5.4,,
2025-10-26 14:39:00,5.5,,
2025-10-26 14:44:00,5.6,,
2025-10-26 14:49:00,5.8,,
2025-10-26 14:54:00,6.2,,
2025-10-26 14:59:00,6.6,,
2025-10-26 15:04:00,6.7,,
2025-10-26 15:09:00,7.0,,
2025-10-26 15:14:00,7.7,,
2025-10-26 15:19:00,8.0,,
2025-10-26 15:24:00,8.5,,
2025-10-26 15:29:00,8.8,,
2025-10-26 15:34:00,8.9,,
2025-10-26 15:39:00,9.2,,
2025-10-26 15:44:00,9.4,,
2025-10-26 15:49:00,9.9,,
2025-10-26 15:54:00,9.7,,
2025-10-26 15:59:00,9.4,,
2025-10-26 16:04:00,9.2,,
2025-10-26 16:09:00,9.0,,
2025-10-26 16:14:00,8.9,,
2025-10-26 16:19:00,8.6,,
2025-10-26 16:24:00,8.2,,
2025-10-26 16:29:00,7.8,,
2025-10-26 16:34:00,7.4,,
2025-10-26 16:39:00,6.7,,
2025-10-26 16:44:00,6.2,,
2025-10-26 16:49:00,5.8,,
2025-10-26 16:54:00,5.6,,
2025-10-26 16:59:00,5.3,,
2025-10-26 17:04:00,4.9,,
2025-10-26 17:09:00,4.7,,
2025-10-26 17:15:00,4.4,,
2025-10-26 17:19:00,4.3,,
2025-10-26 17:24:00,4.3,,
2025-10-26 17:29:00,4.2,,
2025-10-26 17:34:00,4.2,,
2025-10-26 17:40:00,4.5,,
2025-10-26 17:44:00,4.3,,
2025-10-26 17:49:00,4.6,,
2025-10-26 17:54:00,5.0,,
2025-10-26 17:59:00,5.2,,
2025-10-26 18:04:00,5.4,,
2025-10-26 18:09:00,5.6,,
2025-10-26 18:15:00,5.5,,
2025-10-26 18:19:00,5.6,,
2025-10-26 18:24:00,5.9,,
2025-10-26 18:29:00,6.1,,
2025-10-26 18:34:00,6.1,,
2025-10-26 18:39:00,6.0,,
2025-10-26 18:45:00,6.3,,
2025-10-26 18:49:00,6.8,,
2025-10-26 18:54:00,7.4,,
2025-10-26 18:59:00,7.5,,
2025-10-26 19:05:00,7.8,,
2025-10-26 19:10:00,8.4,,
2025-10-26 19:14:00,8.9,,
2025-10-26 19:19:00,9.2,,
2025-10-26 19:24:00,9.2,,
2025-10-26 19:29:00,9.5,,
2025-10-26 19:35:00,9.6,,
2025-10-26 19:39:00,10.5,,
2025-10-26 19:44:00,11.2,,
2025-10-26 19:49:00,11.8,,
2025-10-26 19:54:00,12.0,,
2025-10-26 20:00:00,12.4,,
2025-10-26 20:04:00,12.7,,
2025-10-26 20:09:00,12.8,,
2025-10-26 20:15:00,12.5,,
2025-10-26 20:20:00,12.3,,
2025-10-26 20:24:00,11.9,,
2025-10-26 20:30:00,11.0,,
2025-10-26 20:34:00,9.4,,
2025-10-26 20:39:00,7.7,,
2025-10-26 20:45:00,6.5,,
2025-10-26 20:50:00,6.0,,
2025-10-26 20:54:00,5.4,,
2025-10-26 21:00:00,5.2,,
2025-10-26 21:04:00,5.3,,
2025-10-26 21:09:00,5.3,,
2025-10-26 21:15:00,5.1,,
2025-10-26 21:20:00,5.1,,
2025-10-26 21:25:00,5.3,,
2025-10-26 21:30:00,5.1,,
2025-10-26 21:35:00,5.1,,
2025-10-26 21:40:00,4.9,,
2025-10-26 21:45:00,4.7,,
2025-10-26 21:50:00,4.8,,
2025-10-26 21:55:00,5.2,,
2025-10-26 22:00:00,5.5,,
2025-10-26 22:05:00,5.7,,
2025-10-26 22:10:00,5.9,,
2025-10-26 22:15:00,6.1,,
2025-10-26 22:20:00,6.5,,
2025-10-26 22:25:00,6.3,0.0,0.1
2025-10-26 22:29:00,6.3,,
2025-10-26 22:34:00,6.5,,
2025-10-26 22:40:00,6.5,,
2025-10-26 22:44:00,6.5,0.0,0.05
2025-10-26 22:50:00,6.6,,
2025-10-26 22:55:00,6.6,,
2025-10-26 23:00:00,6.5,,
2025-10-26 23:04:00,6.6,,
2025-10-26 23:10:00,6.8,,
2025-10-26 23:15:00,7.0,,
2025-10-26 23:20:00,7.1,,
2025-10-26 23:25:00,7.0,,
2025-10-26 23:30:00,6.7,,
2025-10-26 23:35:00,6.6,,
2025-10-26 23:40:00,6.7,,
2025-10-26 23:45:00,6.8,,
2025-10-26 23:50:00,6.9,,
2025-10-26 23:55:00,7.0,,
2025-10-27 00:00:00,7.2,,
2025-10-27 00:05:00,7.5,,
2025-10-27 00:10:00,7.7,,
2025-10-27 00:15:00,7.8,,
2025-10-27 00:19:00,7.9,,
2025-10-27 00:24:00,8.2,,
2025-10-27 00:29:00,8.4,,
2025-10-27 00:34:00,8.7,,
2025-10-27 00:39:00,8.9,,
2025-10-27 00:44:00,8.5,,
2025-10-27 00:49:00,8.4,,
2025-10-27 00:54:00,8.3,,
2025-10-27 00:59:00,8.5,,
2025-10-27 01:04:00,8.5,,
2025-10-27 01:09:00,8.5,,
2025-10-27 01:15:00,8.2,,
2025-10-27 01:20:00,8.2,,
2025-10-27 01:25:00,8.0,,
2025-10-27 01:30:00,7.9,,
2025-10-27 01:35:00,7.9,,
2025-10-27 01:40:00,7.8,,
2025-10-27 01:45:00,7.7,,
2025-10-27 01:50:00,7.7,,
2025-10-27 01:55:00,7.7,,
2025-10-27 02:00:00,7.5,,
2025-10-27 02:05:00,7.5,,
2025-10-27 02:09:00,7.5,,
2025-10-27 02:14:00,7.4,,
2025-10-27 02:19:00,7.2,,
2025-10-27 02:24:00,6.9,,
2025-10-27 02:29:00,6.6,,
2025-10-27 02:34:00,6.4,,
2025-10-27 02:39:00,6.5,,
2025-10-27 02:44:00,6.5,,
2025-10-27 02:49:00,6.0,,
2025-10-27 02:54:00,5.9,,
2025-10-27 02:59:00,5.9,,
2025-10-27 03:04:00,6.1,,
2025-10-27 03:09:00,6.2,,
2025-10-27 03:14:00,6.2,,
2025-10-27 03:19:00,6.3,,
2025-10-27 03:24:00,6.4,,
2025-10-27 03:29:00,6.7,,
2025-10-27 03:34:00,6.8,,
2025-10-27 03:40:00,6.9,,
2025-10-27 03:45:00,6.9,,
2025-10-27 03:50:00,6.8,,
2025-10-27 03:55:00,6.7,,
2025-10-27 04:00:00,6.3,,
2025-10-27 04:05:00,6.4,,
2025-10-27 04:10:00,6.3,,
2025-10-27 04:15:00,6.1,,
2025-10-27 04:20:00,5.9,,
2025-10-27 04:25:00,5.7,,
2025-10-27 04:30:00,5.7,,
2025-10-27 04:35:00,5.7,,
2025-10-27 04:40:00,5.8,,
2025-10-27 04:45:00,5.9,,
2025-10-27 04:50:00,6.1,,
2025-10-27 04:55:00,6.2,,
2025-10-27 05:00:00,6.4,,
2025-10-27 05:05:00,6.5,,
2025-10-27 05:10:00,6.5,,
2025-10-27 05:15:00,6.6,,
2025-10-27 05:20:00,6.8,,
2025-10-27 05:25:00,7.1,,
2025-10-27 05:30:00,7.2,,
2025-10-27 05:35:00,7.0,,
2025-10-27 05:40:00,7.2,0.0,0.25
2025-10-27 05:45:00,7.3,,
2025-10-27 05:50:00,7.1,,
2025-10-27 05:55:00,7.2,,
2025-10-27 06:00:00,7.3,,
2025-10-27 06:05:00,7.0,,
2025-10-27 06:10:00,6.8,,
2025-10-27 06:15:00,6.5,,
2025-10-27 06:20:00,6.4,,
2025-10-27 06:25:00,6.4,,
2025-10-27 06:30:00,6.3,,
2025-10-27 06:35:00,6.1,,
2025-10-27 06:40:00,5.9,,
2025-10-27 06:45:00,5.8,,
2025-10-27 06:50:00,5.9,,
2025-10-27 06:55:00,6.1,,
2025-10-27 07:00:00,6.0,,
2025-10-27 07:05:00,6.2,,
2025-10-27 07:10:00,6.2,,
2025-10-27 07:15:00,6.2,,
2025-10-27 07:20:00,6.4,,
2025-10-27 07:25:00,6.5,,
2025-10-27 07:30:00,6.5,0.0,0.15
2025-10-27 07:35:00,6.5,,
2025-10-27 07:40:00,6.7,0.0,0.1
2025-10-27 07:45:00,6.7,,
2025-10-27 07:50:00,6.7,,
2025-10-27 07:55:00,6.5,,
2025-10-27 08:00:00,6.6,,
2025-10-27 08:05:00,6.4,,
2025-10-27 08:09:00,6.1,6.0,0.3
2025-10-27 08:15:00,5.9,,
2025-10-27 08:20:00,5.9,3.0,0.15
2025-10-27 08:24:00,5.9,,
2025-10-27 08:30:00,5.9,,
2025-10-27 08:35:00,6.4,,
2025-10-27 08:40:00,7.0,,
2025-10-27 08:45:00,6.9,,
2025-10-27 08:49:00,7.1,2.0,0.1
2025-10-27 08:55:00,7.0,2.0,0.1
2025-10-27 08:59:00,7.0,,
2025-10-27 09:04:00,6.9,,
2025-10-27 09:09:00,7.4,,
2025-10-27 09:14:00,7.9,,
2025-10-27 09:19:00,8.2,,
2025-10-27 09:24:00,8.6,,
2025-10-27 09:29:00,9.7,,
2025-10-27 09:34:00,10.8,,
2025-10-27 09:39:00,11.5,,
2025-10-27 09:44:00,12.6,,
2025-10-27 09:49:00,13.2,,
2025-10-27 09:54:00,14.2,,
2025-10-27 09:59:00,14.8,,
2025-10-27 10:04:00,15.3,,
2025-10-27 10:09:00,15.7,,
2025-10-27 10:14:00,15.7,,
2025-10-27 10:19:00,15.8,,
2025-10-27 10:24:00,16.0,,
2025-10-27 10:29:00,16.3,,
2025-10-27 10:34:00,16.3,,
2025-10-27 10:39:00,16.1,,
2025-10-27 10:44:00,16.1,,
2025-10-27 10:49:00,16.2,,
2025-10-27 10:54:00,16.2,,
2025-10-27 10:59:00,16.2,,
2025-10-27 11:04:00,16.1,,
2025-10-27 11:09:00,16.1,,
2025-10-27 11:14:00,15.7,,
2025-10-27 11:19:00,15.5,,
2025-10-27 11:24:00,15.2,,
2025-10-27 11:29:00,14.4,,
2025-10-27 11:34:00,14.6,12.0,1.05
2025-10-27 11:39:00,13.8,,
2025-10-27 11:44:00,13.3,,
2025-10-27 11:49:00,13.1,,
2025-10-27 11:54:00,13.2,,
2025-10-27 11:59:00,13.0,,
2025-10-27 12:04:00,13.2,,
2025-10-27 12:09:00,13.2,,
2025-10-27 12:14:00,13.1,,
2025-10-27 12:19:00,12.5,,
2025-10-27 12:24:00,11.9,,
2025-10-27 12:29:00,11.2,,
2025-10-27 12:34:00,10.7,,
2025-10-27 12:39:00,10.0,,
2025-10-27 12:44:00,9.4,,
2025-10-27 12:49:00,8.6,,
2025-10-27 12:54:00,7.9,,
2025-10-27 12:59:00,7.3,,
2025-10-27 13:04:00,6.4,,
2025-10-27 13:09:00,6.2,,
2025-10-27 13:14:00,5.7,,
2025-10-27 13:19:00,5.6,,
2025-10-27 13:24:00,5.3,,
2025-10-27 13:29:00,4.9,,
2025-10-27 13:34:00,4.7,,
2025-10-27 13:39:00,4.6,,
2025-10-27 13:44:00,4.2,,
2025-10-27 13:49:00,3.8,,
2025-10-27 13:54:00,3.7,,
2025-10-27 13:59:00,3.3,,
2025-10-27 14:04:00,3.4,,
2025-10-27 14:09:00,4.1,,
2025-10-27 14:14:00,5.9,27.0,1.35
2025-10-27 14:19:00,7.4,,
2025-10-27 14:24:00,7.4,,
2025-10-27 14:29:00,9.2,,
2025-10-27 14:34:00,10.3,,
2025-10-27 14:39:00,10.9,,
2025-10-27 14:44:00,11.3,,
2025-10-27 14:49:00,11.5,,
2025-10-27 14:54:00,12.0,,
2025-10-27 14:59:00,12.2,,
2025-10-27 15:04:00,12.0,,
2025-10-27 15:09:00,12.0,,
2025-10-27 15:14:00,11.5,,
2025-10-27 15:19:00,11.0,,
2025-10-27 15:24:00,10.5,,
2025-10-27 15:29:00,10.0,,
2025-10-27 15:34:00,9.7,,
2025-10-27 15:39:00,9.2,,
2025-10-27 15:45:00,8.0,27.0,1.35
2025-10-27 15:50:00,8.0,,
2025-10-27 15:55:00,8.3,,
2025-10-27 16:00:00,8.0,,
2025-10-27 16:05:00,7.7,,
2025-10-27 16:09:00,7.8,,
2025-10-27 16:14:00,7.8,,
2025-10-27 16:19:00,7.5,,
2025-10-27 16:24:00,7.4,,
2025-10-27 16:30:00,7.3,,
2025-10-27 16:34:00,6.7,,
2025-10-27 16:40:00,6.1,,
2025-10-27 16:44:00,5.8,,
2025-10-27 16:50:00,4.9,,
2025-10-27 16:55:00,4.5,,
2025-10-27 17:00:00,4.4,,
2025-10-27 17:05:00,4.5,,
2025-10-27 17:10:00,4.6,,
2025-10-27 17:15:00,4.9,,
2025-10-27 17:20:00,5.1,,
2025-10-27 17:25:00,5.2,,
2025-10-27 17:30:00,5.6,,
2025-10-27 17:34:00,5.7,0.0,0.15
2025-10-27 17:39:00,5.3,,
2025-10-27 17:45:00,5.8,,
2025-10-27 17:49:00,6.1,,
2025-10-27 17:55:00,6.4,0.0,0.2
2025-10-27 18:00:00,6.2,,
2025-10-27 18:04:00,6.1,20.0,1.0
2025-10-27 18:10:00,5.9,,
2025-10-27 18:14:00,6.0,,
2025-10-27 18:20:00,6.1,,
2025-10-27 18:24:00,6.0,5.0,0.25
2025-10-27 18:30:00,5.6,,
2025-10-27 18:34:00,5.2,,
2025-10-27 18:40:00,4.5,,
2025-10-27 18:44:00,4.1,,
2025-10-27 18:50:00,4.5,,
2025-10-27 18:55:00,4.7,,
2025-10-27 19:00:00,4.7,,
2025-10-27 19:04:00,4.9,,
2025-10-27 19:09:00,5.3,,
2025-10-27 19:14:00,5.7,,
2025-10-27 19:20:00,5.9,,
2025-10-27 19:24:00,6.0,,
2025-10-27 19:29:00,6.1,,
2025-10-27 19:34:00,6.4,,
2025-10-27 19:40:00,6.5,,
2025-10-27 19:44:00,6.4,,
2025-10-27 19:50:00,6.3,0.0,0.15
2025-10-27 19:55:00,6.3,5.0,0.25
2025-10-27 20:00:00,5.9,,
2025-10-27 20:05:00,6.2,,
2025-10-27 20:10:00,6.5,,
2025-10-27 20:15:00,6.7,,
2025-10-27 20:20:00,6.4,20.0,1.0
2025-10-27 20:25:00,5.9,,
2025-10-27 20:30:00,5.9,,
2025-10-27 20:35:00,5.9,,
2025-10-27 20:40:00,5.7,,
2025-10-27 20:45:00,5.3,,
2025-10-27 20:50:00,4.2,,
2025-10-27 20:55:00,2.8,,
2025-10-27 21:00:00,2.2,,
2025-10-27 21:05:00,2.4,,
2025-10-27 21:10:00,3.2,,
2025-10-27 21:15:00,4.4,,
2025-10-27 21:20:00,5.9,,
2025-10-27 21:25:00,6.4,,
2025-10-27 21:30:00,6.8,10.0,0.5
2025-10-27 21:35:00,7.0,,
2025-10-27 21:40:00,7.3,,
2025-10-27 21:45:00,7.2,,
2025-10-27 21:50:00,7.5,,
2025-10-27 21:55:00,7.5,,
2025-10-27 22:00:00,7.5,,
2025-10-27 22:05:00,7.8,,
2025-10-27 22:10:00,7.6,,
2025-10-27 22:15:00,7.4,,
2025-10-27 22:20:00,7.4,,
2025-10-27 22:25:00,7.6,,
2025-10-27 22:30:00,7.9,,
2025-10-27 22:35:00,8.3,0.0,0.3
2025-10-27 22:40:00,8.5,,
2025-10-27 22:45:00,8.6,0.0,0.1
2025-10-27 22:50:00,8.7,,
2025-10-27 22:55:00,9.2,,
2025-10-27 23:00:00,9.4,0.0,0.2
2025-10-27 23:05:00,9.4,0.0,0.05
2025-10-27 23:10:00,9.5,,
2025-10-27 23:15:00,9.8,0.0,0.1
2025-10-27 23:20:00,10.0,,
2025-10-27 23:25:00,9.7,,
2025-10-27 23:30:00,9.8,,
2025-10-27 23:35:00,9.8,,
2025-10-27 23:40:00,9.8,,
2025-10-27 23:45:00,10.0,,
2025-10-27 23:50:00,10.1,,
2025-10-27 23:55:00,10.1,,
2025-10-28 00:00:00,10.2,,
2025-10-28 00:05:00,10.2,,
2025-10-28 00:10:00,10.1,,
2025-10-28 00:15:00,10.2,,
2025-10-28 00:19:00,10.2,,
2025-10-28 00:24:00,10.3,,
2025-10-28 00:29:00,10.3,,
2025-10-28 00:34:00,10.1,,
2025-10-28 00:39:00,10.0,,
2025-10-28 00:44:00,10.0,,
2025-10-28 00:49:00,9.8,,
2025-10-28 00:54:00,9.7,,
2025-10-28 00:59:00,9.8,,
2025-10-28 01:04:00,9.3,,
2025-10-28 01:09:00,9.0,,
2025-10-28 01:14:00,9.0,,
2025-10-28 01:19:00,9.1,,
2025-10-28 01:24:00,9.3,,
2025-10-28 01:29:00,9.3,,
2025-10-28 01:34:00,9.4,,
2025-10-28 01:39:00,9.4,,
2025-10-28 01:44:00,9.3,,
2025-10-28 01:49:00,9.0,,
2025-10-28 01:54:00,9.3,,
2025-10-28 01:59:00,9.3,,
2025-10-28 02:04:00,9.0,0.0,0.45
2025-10-28 02:09:00,8.5,,
2025-10-28 02:14:00,8.5,,
2025-10-28 02:19:00,8.4,,
2025-10-28 02:24:00,8.0,,
2025-10-28 02:29:00,8.1,,
2025-10-28 02:34:00,7.6,,
2025-10-28 02:39:00,7.4,,
2025-10-28 02:44:00,7.2,,
2025-10-28 02:49:00,7.0,,
2025-10-28 02:54:00,6.8,,
2025-10-28 02:59:00,6.8,,
2025-10-28 03:04:00,6.7,,
2025-10-28 03:09:00,6.7,,
2025-10-28 03:14:00,6.3,,
2025-10-28 03:19:00,5.9,,
2025-10-28 03:24:00,5.9,,
2025-10-28 03:29:00,5.7,,
2025-10-28 03:34:00,5.3,,
2025-10-28 03:40:00,5.1,,
2025-10-28 03:45:00,4.9,,
2025-10-28 03:50:00,5.0,,
2025-10-28 03:55:00,4.9,,
2025-10-28 04:00:00,4.9,,
2025-10-28 04:05:00,4.9,,
2025-10-28 04:10:00,5.0,,
2025-10-28 04:15:00,5.0,,
2025-10-28 04:20:00,5.0,,
2025-10-28 04:25:00,5.2,,
2025-10-28 04:30:00,5.0,,
2025-10-28 04:35:00,4.8,,
2025-10-28 04:40:00,4.9,,
2025-10-28 04:45:00,4.9,,
2025-10-28 04:50:00,4.9,,
2025-10-28 04:55:00,5.2,,
2025-10-28 05:00:00,5.4,,
2025-10-28 05:05:00,5.8,,
2025-10-28 05:10:00,6.0,,
2025-10-28 05:15:00,6.2,,
2025-10-28 05:20:00,6.4,,
2025-10-28 05:25:00,6.3,,
2025-10-28 05:30:00,6.4,,
2025-10-28 05:35:00,6.7,,
2025-10-28 05:40:00,6.9,,
2025-10-28 05:45:00,7.0,,
2025-10-28 05:50:00,7.2,,
2025-10-28 05:55:00,7.3,,
2025-10-28 06:00:00,7.2,,
2025-10-28 06:05:00,6.8,,
2025-10-28 06:10:00,6.1,,
2025-10-28 06:15:00,6.2,,
2025-10-28 06:20:00,6.2,,
2025-10-28 06:25:00,6.2,,
2025-10-28 06:30:00,6.2,,
2025-10-28 06:34:00,6.2,,
2025-10-28 06:39:00,6.5,,
2025-10-28 06:44:00,6.8,,
2025-10-28 06:49:00,6.7,,
2025-10-28 06:54:00,6.9,,
2025-10-28 06:59:00,6.5,,
2025-10-28 07:04:00,7.2,,
2025-10-28 07:09:00,7.5,,
2025-10-28 07:14:00,7.6,,
2025-10-28 07:19:00,7.8,0.0,0.3
2025-10-28 07:24:00,7.8,0.0,0.15
2025-10-28 07:29:00,7.5,,
2025-10-28 07:34:00,7.9,,
2025-10-28 07:39:00,7.9,,
2025-10-28 07:44:00,7.7,0.0,0.15
2025-10-28 07:49:00,7.5,,
2025-10-28 07:54:00,7.4,,
2025-10-28 07:59:00,7.0,,
2025-10-28 08:04:00,6.8,,
2025-10-28 08:09:00,6.5,,
2025-10-28 08:14:00,6.1,45.0,2.4
2025-10-28 08:19:00,5.8,,
2025-10-28 08:24:00,5.7,,
2025-10-28 08:29:00,5.6,,
2025-10-28 08:34:00,5.4,,
2025-10-28 08:39:00,5.6,,
2025-10-28 08:44:00,6.0,,
2025-10-28 08:49:00,6.7,,
2025-10-28 08:54:00,7.0,,
2025-10-28 08:59:00,7.9,,
2025-10-28 09:04:00,7.6,,
2025-10-28 09:09:00,6.6,,
2025-10-28 09:14:00,5.8,,
2025-10-28 09:19:00,5.7,,
2025-10-28 09:24:00,5.6,,
2025-10-28 09:29:00,5.5,,
2025-10-28 09:34:00,5.3,,
2025-10-28 09:39:00,5.2,,
2025-10-28 09:44:00,5.1,,
2025-10-28 09:49:00,5.0,,
2025-10-28 09:55:00,4.9,,
2025-10-28 10:00:00,4.9,,
2025-10-28 10:05:00,5.3,,
2025-10-28 10:10:00,5.4,,
2025-10-28 10:15:00,5.3,,
2025-10-28 10:19:00,5.6,,
2025-10-28 10:24:00,5.7,,
2025-10-28 10:29:00,5.7,,
2025-10-28 10:34:00,5.7,,
2025-10-28 10:39:00,5.7,,
2025-10-28 10:45:00,5.7,,
2025-10-28 10:50:00,5.5,,
2025-10-28 10:55:00,5.2,,
2025-10-28 11:00:00,5.2,,
2025-10-28 11:05:00,5.4,,
2025-10-28 11:09:00,5.2,,
2025-10-28 11:14:00,4.8,,
2025-10-28 11:19:00,4.9,,
2025-10-28 11:24:00,5.2,,
2025-10-28 11:29:00,4.9,,
2025-10-28 11:35:00,5.2,17.0,0.55
2025-10-28 11:40:00,5.1,,
2025-10-28 11:45:00,5.0,,
2025-10-28 11:50:00,5.2,,
2025-10-28 11:55:00,5.9,,
2025-10-28 11:59:00,7.3,,
2025-10-28 12:04:00,8.2,,
2025-10-28 12:09:00,8.9,,
2025-10-28 12:14:00,9.2,,
2025-10-28 12:19:00,9.7,,
2025-10-28 12:25:00,10.2,,
2025-10-28 12:30:00,10.8,,
2025-10-28 12:35:00,10.7,,
2025-10-28 12:40:00,11.0,,
2025-10-28 12:45:00,11.5,,
2025-10-28 12:50:00,12.1,,
2025-10-28 12:55:00,12.4,,
2025-10-28 13:00:00,12.2,,
2025-10-28 13:05:00,11.5,,
2025-10-28 13:10:00,10.9,,
2025-10-28 13:15:00,10.9,,
2025-10-28 13:20:00,10.6,,
2025-10-28 13:25:00,10.2,,
2025-10-28 13:30:00,9.4,,
2025-10-28 13:35:00,9.3,,
2025-10-28 13:40:00,8.3,,
2025-10-28 13:45:00,6.9,,
2025-10-28 13:50:00,5.8,,
2025-10-28 13:55:00,5.2,,
2025-10-28 14:00:00,4.3,,
2025-10-28 14:05:00,3.9,,
2025-10-28 14:10:00,4.0,,
2025-10-28 14:15:00,4.7,30.0,1.25
2025-10-28 14:20:00,5.6,,
2025-10-28 14:25:00,5.8,,
2025-10-28 14:30:00,6.2,,
2025-10-28 14:35:00,6.7,,
2025-10-28 14:40:00,7.2,,
2025-10-28 14:45:00,7.1,,
2025-10-28 14:50:00,6.8,,
2025-10-28 14:55:00,6.5,,
2025-10-28 15:00:00,6.4,,
2025-10-28 15:05:00,6.7,,
2025-10-28 15:10:00,6.7,,
2025-10-28 15:15:00,6.5,,
2025-10-28 15:20:00,5.9,,
2025-10-28 15:25:00,5.3,,
2025-10-28 15:30:00,4.8,,
2025-10-28 15:35:00,4.5,,
2025-10-28 15:40:00,4.1,,
2025-10-28 15:45:00,3.6,,
2025-10-28 15:50:00,3.2,25.0,1.0
2025-10-28 15:55:00,3.1,,
2025-10-28 16:00:00,3.2,,
2025-10-28 16:05:00,3.7,,
2025-10-28 16:10:00,4.3,,
2025-10-28 16:15:00,4.7,,
2025-10-28 16:20:00,5.2,,
2025-10-28 16:25:00,4.9,,
2025-10-28 16:30:00,4.6,,
2025-10-28 16:35:00,4.3,,
2025-10-28 16:40:00,4.2,,
2025-10-28 16:45:00,3.9,,
2025-10-28 16:50:00,3.5,,
2025-10-28 16:55:00,3.6,,
2025-10-28 17:00:00,3.7,,
2025-10-28 17:05:00,4.1,,
2025-10-28 17:10:00,4.3,,
2025-10-28 17:15:00,4.3,,
2025-10-28 17:20:00,4.1,,
2025-10-28 17:25:00,4.0,,
2025-10-28 17:30:00,4.3,,
2025-10-28 17:35:00,4.6,,
2025-10-28 17:40:00,4.8,,
2025-10-28 17:45:00,4.9,,
2025-10-28 17:50:00,5.3,,
2025-10-28 17:55:00,5.4,,
2025-10-28 18:00:00,5.4,,
2025-10-28 18:05:00,5.3,,
2025-10-28 18:10:00,5.8,15.0,0.75
2025-10-28 18:15:00,6.5,,
2025-10-28 18:20:00,7.1,,
2025-10-28 18:25:00,7.6,5.0,0.25
2025-10-28 18:30:00,7.9,,
2025-10-28 18:35:00,7.4,,
2025-10-28 18:40:00,6.4,,
2025-10-28 18:45:00,4.6,,
2025-10-28 18:50:00,2.7,,
2025-10-28 18:55:00,2.4,,
2025-10-28 19:00:00,2.3,10.0,
2025-10-28 19:05:00,3.0,,
2025-10-28 19:10:00,3.8,,
2025-10-28 19:15:00,4.6,,
2025-10-28 19:20:00,4.4,,
2025-10-28 19:25:00,4.4,,
2025-10-28 19:30:00,5.4,,
2025-10-28 19:35:00,6.2,,
2025-10-28 19:40:00,6.7,0.0,0.4
2025-10-28 19:45:00,6.9,,
2025-10-28 19:50:00,6.8,,
2025-10-28 19:55:00,6.7,,
2025-10-28 20:00:00,7.2,,
2025-10-28 20:05:00,7.2,,
2025-10-28 20:10:00,7.2,,
2025-10-28 20:15:00,6.6,,
2025-10-28 20:20:00,5.8,,
2025-10-28 20:25:00,5.2,,
2025-10-28 20:30:00,4.6,,
2025-10-28 20:35:00,4.5,,
2025-10-28 20:40:00,4.3,,
2025-10-28 20:45:00,4.4,,
2025-10-28 20:50:00,4.6,,
2025-10-28 20:55:00,4.7,,
2025-10-28 21:00:00,5.1,,
2025-10-28 21:05:00,5.4,,
2025-10-28 21:10:00,5.1,,
2025-10-28 21:15:00,5.1,,
2025-10-28 21:20:00,5.2,,
2025-10-28 21:25:00,5.5,,
2025-10-28 21:30:00,5.4,,
2025-10-28 21:35:00,5.3,,
2025-10-28 21:40:00,5.5,,
2025-10-28 21:45:00,5.8,,
2025-10-28 21:50:00,5.9,,
2025-10-28 21:55:00,6.3,,
2025-10-28 22:00:00,6.9,,
2025-10-28 22:05:00,7.3,,
2025-10-28 22:10:00,7.5,,
2025-10-28 22:15:00,7.8,0.0,0.4
2025-10-28 22:20:00,8.0,,
2025-10-28 22:25:00,7.8,,
2025-10-28 22:30:00,8.0,,
2025-10-28 22:35:00,8.3,,
2025-10-28 22:40:00,8.4,,
2025-10-28 22:45:00,8.3,0.0,0.15
2025-10-28 22:50:00,8.3,,
2025-10-28 22:55:00,8.4,,
2025-10-28 23:00:00,8.2,0.0,0.1
2025-10-28 23:05:00,8.3,,
2025-10-28 23:10:00,8.1,,
2025-10-28 23:15:00,8.0,,
2025-10-28 23:20:00,8.0,,
2025-10-28 23:25:00,8.0,,
2025-10-28 23:30:00,8.0,,
2025-10-28 23:35:00,8.0,,
2025-10-28 23:40:00,8.0,,
2025-10-28 23:45:00,8.0,,
2025-10-28 23:50:00,7.7,,
2025-10-28 23:55:00,7.9,,
2025-10-29 00:00:00,8.0,,
2025-10-29 00:05:00,7.9,,
2025-10-29 00:10:00,7.9,,
2025-10-29 00:15:00,7.9,,
2025-10-29 00:20:00,7.9,,
2025-10-29 00:25:00,8.0,,
2025-10-29 00:30:00,8.0,,
2025-10-29 00:35:00,8.0,,
2025-10-29 00:40:00,8.0,,
2025-10-29 00:45:00,8.1,,
2025-10-29 00:50:00,7.9,,
2025-10-29 00:55:00,7.8,,
2025-10-29 01:00:00,7.7,,
2025-10-29 01:05:00,7.8,,
2025-10-29 01:10:00,7.8,,
2025-10-29 01:15:00,7.9,,
2025-10-29 01:20:00,8.0,,
2025-10-29 01:25:00,8.1,,
2025-10-29 01:30:00,8.2,,
2025-10-29 01:35:00,8.1,,
2025-10-29 01:40:00,8.0,,
2025-10-29 01:45:00,8.0,,
2025-10-29 01:50:00,8.1,,
2025-10-29 01:55:00,8.0,,
2025-10-29 02:00:00,7.9,,
2025-10-29 02:05:00,7.5,,
2025-10-29 02:10:00,7.6,,
2025-10-29 02:15:00,7.4,,
2025-10-29 02:20:00,6.9,,
2025-10-29 02:25:00,7.3,,
2025-10-29 02:30:00,7.3,0.0,0.35
2025-10-29 02:35:00,6.8,,
2025-10-29 02:40:00,6.9,,
2025-10-29 02:45:00,7.0,,
2025-10-29 02:50:00,6.9,,
2025-10-29 02:55:00,6.8,,
2025-10-29 03:00:00,6.7,,
2025-10-29 03:05:00,6.6,,
2025-10-29 03:10:00,6.5,,
2025-10-29 03:15:00,6.4,,
2025-10-29 03:20:00,6.3,,
2025-10-29 03:25:00,6.3,,
2025-10-29 03:30:00,6.2,,
2025-10-29 03:35:00,6.2,,
2025-10-29 03:40:00,6.1,,
2025-10-29 03:45:00,5.9,,
2025-10-29 03:50:00,5.8,,
2025-10-29 03:55:00,5.5,,
2025-10-29 04:00:00,5.5,,
2025-10-29 04:05:00,5.7,,
2025-10-29 04:10:00,5.8,,
2025-10-29 04:15:00,6.1,,
2025-10-29 04:20:00,6.0,,
2025-10-29 04:25:00,6.0,,
2025-10-29 04:30:00,6.1,,
2025-10-29 04:35:00,6.2,,
2025-10-29 04:40:00,6.6,,
2025-10-29 04:45:00,6.7,,
2025-10-29 04:50:00,6.6,,
2025-10-29 04:55:00,6.3,,
2025-10-29 05:00:00,6.4,,
2025-10-29 05:05:00,6.5,,
2025-10-29 05:10:00,6.5,,
2025-10-29 05:15:00,6.4,,
2025-10-29 05:20:00,6.3,,
2025-10-29 05:25:00,6.3,,
2025-10-29 05:30:00,6.3,,
2025-10-29 05:35:00,6.3,,
2025-10-29 05:40:00,6.4,,
2025-10-29 05:45:00,6.5,,
2025-10-29 05:50:00,6.5,,
2025-10-29 05:55:00,6.7,,
2025-10-29 06:00:00,6.6,,
2025-10-29 06:05:00,6.4,,
2025-10-29 06:10:00,6.4,,
2025-10-29 06:15:00,6.5,,
2025-10-29 06:20:00,6.5,,
2025-10-29 06:25:00,6.7,,
2025-10-29 06:30:00,6.8,,
2025-10-29 06:35:00,6.3,,
2025-10-29 06:40:00,7.0,,
2025-10-29 06:45:00,7.2,,
2025-10-29 06:50:00,7.2,,
2025-10-29 06:55:00,7.3,,
2025-10-29 07:00:00,7.4,,
2025-10-29 07:05:00,7.3,,
2025-10-29 07:10:00,7.2,,
2025-10-29 07:15:00,7.0,,
2025-10-29 07:20:00,6.8,,
2025-10-29 07:25:00,6.7,0.0,0.15
2025-10-29 07:30:00,6.8,,
2025-10-29 07:35:00,6.8,,
2025-10-29 07:40:00,7.1,,
2025-10-29 07:45:00,7.0,,
2025-10-29 07:50:00,6.5,0.0,0.1
2025-10-29 07:55:00,6.5,,
2025-10-29 08:00:00,6.6,,
2025-10-29 08:05:00,6.6,,
2025-10-29 08:10:00,6.8,,
2025-10-29 08:15:00,6.8,,
2025-10-29 08:20:00,6.8,35.0,1.9
2025-10-29 08:25:00,6.6,,
2025-10-29 08:30:00,6.4,,
2025-10-29 08:35:00,6.0,,
2025-10-29 08:40:00,5.9,,
2025-10-29 08:45:00,6.3,,
2025-10-29 08:50:00,6.8,,
2025-10-29 08:55:00,7.2,8.0,0.4
2025-10-29 09:00:00,7.7,3.0,0.15
2025-10-29 09:05:00,7.8,,
2025-10-29 09:10:00,6.9,,
2025-10-29 09:15:00,6.3,,
2025-10-29 09:20:00,6.7,,
2025-10-29 09:25:00,6.9,,
2025-10-29 09:30:00,6.7,,
2025-10-29 09:35:00,6.7,,
2025-10-29 09:40:00,6.5,,
2025-10-29 09:45:00,6.1,,
2025-10-29 09:50:00,5.7,,
2025-10-29 09:55:00,6.0,,
2025-10-29 10:00:00,5.8,,
2025-10-29 10:05:00,5.4,,
2025-10-29 10:10:00,5.2,,
2025-10-29 10:15:00,4.9,,
2025-10-29 10:20:00,4.6,,
2025-10-29 10:25:00,4.1,,
2025-10-29 10:30:00,3.8,,
2025-10-29 10:35:00,3.9,,
2025-10-29 10:40:00,3.8,,
2025-10-29 10:45:00,3.5,7.0,
2025-10-29 10:50:00,4.2,,
2025-10-29 10:55:00,4.8,,
2025-10-29 11:00:00,4.8,,
2025-10-29 11:05:00,5.5,,
2025-10-29 11:10:00,6.2,,
2025-10-29 11:15:00,5.9,,
2025-10-29 11:20:00,6.2,,
2025-10-29 11:25:00,6.2,,
2025-10-29 11:30:00,6.1,,
2025-10-29 11:35:00,6.1,12.0,0.55
2025-10-29 11:40:00,6.1,,
2025-10-29 11:45:00,6.3,,
2025-10-29 11:50:00,6.4,,
2025-10-29 11:55:00,6.4,,
2025-10-29 12:00:00,6.8,,
2025-10-29 12:05:00,7.4,,
2025-10-29 12:10:00,8.5,,
2025-10-29 12:15:00,8.3,,
2025-10-29 12:20:00,8.7,,
2025-10-29 12:25:00,8.6,,
2025-10-29 12:30:00,8.4,,
2025-10-29 12:35:00,8.8,,
2025-10-29 12:40:00,8.8,,
2025-10-29 12:45:00,8.8,,
2025-10-29 12:50:00,8.8,,
2025-10-29 12:55:00,9.0,,
2025-10-29 13:00:00,8.8,,
2025-10-29 13:05:00,8.9,,
2025-10-29 13:10:00,9.0,,
2025-10-29 13:15:00,9.2,,
2025-10-29 13:20:00,9.2,,
2025-10-29 13:25:00,9.0,,
2025-10-29 13:30:00,9.2,,
2025-10-29 13:35:00,9.2,,
2025-10-29 13:40:00,9.3,,
2025-10-29 13:45:00,9.2,,
2025-10-29 13:50:00,9.2,,
2025-10-29 13:55:00,8.6,,
2025-10-29 14:00:00,8.5,,
2025-10-29 14:05:00,8.6,,
2025-10-29 14:10:00,8.7,,
2025-10-29 14:15:00,8.5,,
2025-10-29 14:20:00,8.5,30.0,1.65
2025-10-29 14:25:00,8.7,,
2025-10-29 14:30:00,9.7,,
2025-10-29 14:35:00,11.0,,
2025-10-29 14:40:00,11.3,,
2025-10-29 14:45:00,10.8,,
2025-10-29 14:50:00,9.7,,
2025-10-29 14:55:00,8.5,,
2025-10-29 15:00:00,7.3,,
2025-10-29 15:05:00,6.4,,
2025-10-29 15:10:00,6.1,,
2025-10-29 15:15:00,5.7,,
2025-10-29 15:20:00,5.1,,
2025-10-29 15:25:00,4.5,,
2025-10-29 15:30:00,3.9,,
2025-10-29 15:35:00,3.4,,
2025-10-29 15:40:00,3.3,,
2025-10-29 15:45:00,3.2,25.0,1.25
2025-10-29 15:50:00,3.2,,
2025-10-29 15:55:00,3.3,,
2025-10-29 16:00:00,3.2,,
2025-10-29 16:05:00,3.7,,
2025-10-29 16:10:00,3.6,,
2025-10-29 16:15:00,3.3,,
2025-10-29 16:20:00,3.6,,
2025-10-29 16:25:00,4.5,,
2025-10-29 16:30:00,5.1,,
2025-10-29 16:35:00,4.7,,
2025-10-29 16:40:00,3.9,,
2025-10-29 16:45:00,3.9,,
2025-10-29 16:50:00,4.1,,
2025-10-29 16:55:00,4.3,,
2025-10-29 17:00:00,4.6,,
2025-10-29 17:05:00,4.9,,
2025-10-29 17:10:00,5.0,,
2025-10-29 17:15:00,5.1,,
2025-10-29 17:20:00,5.1,,
2025-10-29 17:25:00,4.9,,
2025-10-29 17:30:00,5.0,,
2025-10-29 17:35:00,4.9,,
2025-10-29 17:40:00,5.1,,
2025-10-29 17:45:00,5.3,,
2025-10-29 17:50:00,5.9,12.0,0.6
2025-10-29 17:55:00,6.1,,
2025-10-29 18:00:00,6.3,,
2025-10-29 18:05:00,6.6,,
2025-10-29 18:10:00,6.6,,
2025-10-29 18:15:00,6.8,,
2025-10-29 18:20:00,6.9,,
2025-10-29 18:25:00,7.2,,
2025-10-29 18:30:00,7.5,,
2025-10-29 18:35:00,7.3,0.0,0.15
2025-10-29 18:40:00,6.7,,
2025-10-29 18:45:00,6.8,,
2025-10-29 18:50:00,6.9,,
2025-10-29 18:55:00,7.0,11.0,0.55
2025-10-29 19:00:00,6.8,,
2025-10-29 19:05:00,6.7,,
2025-10-29 19:10:00,6.8,,
2025-10-29 19:15:00,6.8,,
2025-10-29 19:20:00,7.1,,
2025-10-29 19:25:00,6.7,,
2025-10-29 19:30:00,6.1,,
2025-10-29 19:35:00,5.9,,
2025-10-29 19:40:00,6.0,2.0,0.2
2025-10-29 19:45:00,6.2,,
2025-10-29 19:50:00,6.1,,
2025-10-29 19:55:00,5.5,15.0,0.75
2025-10-29 20:00:00,5.6,,
2025-10-29 20:05:00,5.1,,
2025-10-29 20:10:00,4.2,,
2025-10-29 20:15:00,3.4,,
2025-10-29 20:20:00,3.3,10.0,0.5
2025-10-29 20:25:00,3.4,,
2025-10-29 20:30:00,3.4,,
2025-10-29 20:35:00,3.2,,
2025-10-29 20:40:00,3.2,,
2025-10-29 20:45:00,2.7,,
2025-10-29 20:50:00,2.9,,
2025-10-29 20:55:00,3.8,,
2025-10-29 21:00:00,3.6,,
2025-10-29 21:05:00,3.4,,
2025-10-29 21:10:00,4.0,,
2025-10-29 21:15:00,3.8,,
2025-10-29 21:20:00,4.1,,
2025-10-29 21:25:00,4.3,,
2025-10-29 21:30:00,4.7,,
2025-10-29 21:35:00,5.1,,
2025-10-29 21:40:00,5.4,,
2025-10-29 21:45:00,5.6,,
2025-10-29 21:50:00,5.9,,
2025-10-29 21:55:00,6.4,,
2025-10-29 22:00:00,6.8,,
2025-10-29 22:05:00,6.9,,
2025-10-29 22:10:00,6.5,,
2025-10-29 22:15:00,6.3,0.0,0.1
2025-10-29 22:20:00,6.2,,
2025-10-29 22:25:00,6.9,,
2025-10-29 22:30:00,7.3,0.0,0.2
2025-10-29 22:35:00,7.4,,
2025-10-29 22:40:00,7.5,,
2025-10-29 22:45:00,7.7,0.0,0.1
2025-10-29 22:50:00,7.8,,
2025-10-29 22:55:00,7.8,,
2025-10-29 23:00:00,7.9,0.0,0.1
2025-10-29 23:05:00,7.9,,
2025-10-29 23:10:00,7.9,,
2025-10-29 23:15:00,7.9,,
2025-10-29 23:20:00,7.4,,
2025-10-29 23:25:00,7.2,,
2025-10-29 23:30:00,7.4,,
2025-10-29 23:35:00,7.3,,
2025-10-29 23:40:00,7.3,,
2025-10-29 23:45:00,6.8,,
2025-10-29 23:50:00,6.7,,
2025-10-29 23:55:00,6.6,,
2025-10-30 00:00:00,6.5,,
2025-10-30 00:05:00,6.4,,
2025-10-30 00:10:00,6.3,,
2025-10-30 00:15:00,6.2,,
2025-10-30 00:20:00,6.2,,
2025-10-30 00:25:00,6.2,,
2025-10-30 00:30:00,6.1,,
2025-10-30 00:35:00,6.1,,
2025-10-30 00:40:00,6.0,,
2025-10-30 00:45:00,5.9,,
2025-10-30 00:50:00,5.8,,
2025-10-30 00:55:00,5.8,,
2025-10-30 01:00:00,5.6,,
2025-10-30 01:05:00,5.4,,
2025-10-30 01:10:00,5.2,,
2025-10-30 01:15:00,5.4,,
2025-10-30 01:20:00,5.7,,
2025-10-30 01:25:00,5.6,,
2025-10-30 01:30:00,5.7,,
2025-10-30 01:35:00,5.7,,
2025-10-30 01:40:00,5.7,,
2025-10-30 01:45:00,5.8,,
2025-10-30 01:50:00,5.7,,
2025-10-30 01:55:00,5.8,,
2025-10-30 02:00:00,5.9,,
2025-10-30 02:05:00,6.1,,
2025-10-30 02:10:00,6.2,,
2025-10-30 02:15:00,6.3,,
2025-10-30 02:20:00,6.3,,
2025-10-30 02:25:00,6.3,,
2025-10-30 02:30:00,6.4,,
2025-10-30 02:35:00,6.3,0.0,0.15
2025-10-30 02:40:00,6.3,,
2025-10-30 02:45:00,6.2,,
2025-10-30 02:50:00,5.8,,
2025-10-30 02:55:00,5.6,,
2025-10-30 03:00:00,5.3,,
2025-10-30 03:05:00,5.4,,
2025-10-30 03:10:00,5.4,,
2025-10-30 03:15:00,5.2,,
2025-10-30 03:20:00,5.0,,
2025-10-30 03:25:00,4.7,,
2025-10-30 03:30:00,4.5,,
2025-10-30 03:35:00,4.3,,
2025-10-30 03:40:00,4.2,,
2025-10-30 03:45:00,4.2,,
2025-10-30 03:50:00,4.3,,
2025-10-30 03:55:00,4.4,,
2025-10-30 04:00:00,4.7,,
2025-10-30 04:05:00,4.8,,
2025-10-30 04:10:00,5.0,,
2025-10-30 04:15:00,5.1,,
2025-10-30 04:20:00,5.2,,
2025-10-30 04:25:00,5.3,,
2025-10-30 04:30:00,5.3,,
2025-10-30 04:35:00,5.2,,
2025-10-30 04:40:00,5.3,,
2025-10-30 04:45:00,5.4,,
2025-10-30 04:50:00,5.6,,
2025-10-30 04:55:00,5.8,,
2025-10-30 05:00:00,6.1,,
2025-10-30 05:05:00,6.2,,
2025-10-30 05:10:00,6.2,,
2025-10-30 05:15:00,6.2,,
2025-10-30 05:20:00,6.0,,
2025-10-30 05:25:00,6.1,,
2025-10-30 05:30:00,6.2,,
2025-10-30 05:35:00,6.3,,
2025-10-30 05:40:00,6.4,,
2025-10-30 05:45:00,6.4,,
2025-10-30 05:50:00,6.4,,
2025-10-30 05:55:00,6.5,,
2025-10-30 06:00:00,6.7,,
2025-10-30 06:05:00,6.7,,
2025-10-30 06:10:00,6.9,,
2025-10-30 06:15:00,7.1,,
2025-10-30 06:20:00,7.2,,
2025-10-30 06:25:00,7.2,,
2025-10-30 06:30:00,7.5,,
2025-10-30 06:35:00,7.8,,
2025-10-30 06:40:00,7.8,,
2025-10-30 06:45:00,7.9,,
2025-10-30 06:50:00,7.7,,
2025-10-30 06:55:00,7.7,,
2025-10-30 07:00:00,7.7,,
2025-10-30 07:05:00,7.9,,
2025-10-30 07:10:00,7.9,,
2025-10-30 07:15:00,7.7,,
2025-10-30 07:20:00,7.8,0.0,0.4
2025-10-30 07:25:00,7.8,,
2025-10-30 07:30:00,8.0,,
2025-10-30 07:35:00,8.0,0.0,0.05
2025-10-30 07:40:00,7.8,,
2025-10-30 07:45:00,7.5,,
2025-10-30 07:50:00,7.4,,
2025-10-30 07:55:00,7.1,,
2025-10-30 08:00:00,6.5,,
2025-10-30 08:05:00,6.2,,
2025-10-30 08:10:00,6.1,,
2025-10-30 08:15:00,6.1,35.0,1.9
2025-10-30 08:20:00,5.8,,
2025-10-30 08:25:00,5.7,,
2025-10-30 08:30:00,5.5,,
2025-10-30 08:35:00,5.2,,
2025-10-30 08:40:00,4.9,,
2025-10-30 08:45:00,5.0,,
2025-10-30 08:50:00,5.3,,
2025-10-30 08:55:00,5.7,,
2025-10-30 09:00:00,6.1,,
2025-10-30 09:05:00,6.3,,
2025-10-30 09:10:00,6.3,,
2025-10-30 09:15:00,5.9,,
2025-10-30 09:20:00,6.6,,
2025-10-30 09:25:00,7.1,,
2025-10-30 09:30:00,7.3,,
2025-10-30 09:35:00,7.4,,
2025-10-30 09:40:00,7.3,,
2025-10-30 09:45:00,7.4,,
2025-10-30 09:50:00,7.5,,
2025-10-30 09:55:00,7.2,,
2025-10-30 10:00:00,7.0,,
2025-10-30 10:05:00,6.9,,
2025-10-30 10:10:00,6.4,,
2025-10-30 10:15:00,6.1,,
2025-10-30 10:20:00,5.6,,
2025-10-30 10:25:00,5.5,,
2025-10-30 10:30:00,5.5,,
2025-10-30 10:35:00,5.2,,
2025-10-30 10:40:00,4.7,,
2025-10-30 10:45:00,4.2,,
2025-10-30 10:50:00,4.1,,
2025-10-30 10:55:00,4.2,,
2025-10-30 11:00:00,4.3,,
2025-10-30 11:05:00,4.6,,
2025-10-30 11:10:00,4.9,,
2025-10-30 11:15:00,4.9,,
2025-10-30 11:20:00,5.0,,
2025-10-30 11:25:00,5.4,,
2025-10-30 11:30:00,5.8,,
2025-10-30 11:35:00,5.8,8.0,0.4
2025-10-30 11:40:00,5.5,,
2025-10-30 11:45:00,5.3,,
2025-10-30 11:50:00,5.1,,
2025-10-30 11:55:00,5.9,,
2025-10-30 12:00:00,6.6,,
2025-10-30 12:05:00,7.4,,
2025-10-30 12:10:00,8.2,,
2025-10-30 12:15:00,8.4,,
2025-10-30 12:20:00,8.9,,
2025-10-30 12:25:00,9.6,,
2025-10-30 12:30:00,9.5,,
2025-10-30 12:35:00,9.4,,
2025-10-30 12:40:00,9.3,,
2025-10-30 12:45:00,8.7,,
2025-10-30 12:50:00,8.0,,
2025-10-30 12:55:00,7.5,,
2025-10-30 13:00:00,7.3,,
2025-10-30 13:05:00,6.8,,
2025-10-30 13:10:00,6.3,,
2025-10-30 13:15:00,5.8,,
2025-10-30 13:20:00,5.3,,
2025-10-30 13:25:00,4.6,,
2025-10-30 13:30:00,4.0,,
2025-10-30 13:35:00,3.8,,
2025-10-30 13:40:00,3.5,,
2025-10-30 13:45:00,3.3,,
2025-10-30 13:50:00,3.3,,
2025-10-30 13:55:00,3.8,,
2025-10-30 14:00:00,4.8,,
2025-10-30 14:05:00,6.9,,
2025-10-30 14:10:00,7.8,,
2025-10-30 14:15:00,7.9,25.0,1.65
2025-10-30 14:20:00,8.5,,
2025-10-30 14:25:00,8.5,,
2025-10-30 14:30:00,9.4,,
2025-10-30 14:35:00,10.3,,
2025-10-30 14:40:00,10.4,,
2025-10-30 14:45:00,9.9,,
2025-10-30 14:50:00,9.0,,
2025-10-30 14:55:00,8.5,,
2025-10-30 15:00:00,7.8,,
2025-10-30 15:05:00,7.3,,
2025-10-30 15:10:00,6.9,,
2025-10-30 15:15:00,6.5,,
2025-10-30 15:20:00,6.2,,
2025-10-30 15:25:00,5.7,,
2025-10-30 15:30:00,5.3,,
2025-10-30 15:35:00,4.8,,
2025-10-30 15:40:00,4.6,,
2025-10-30 15:45:00,4.8,,
2025-10-30 15:50:00,4.8,,
2025-10-30 15:55:00,4.7,,
2025-10-30 16:00:00,4.7,,
2025-10-30 16:05:00,4.3,20.0,1.0
2025-10-30 16:10:00,3.8,,
2025-10-30 16:15:00,3.2,,
2025-10-30 16:20:00,3.2,,
2025-10-30 16:25:00,4.0,,
2025-10-30 16:30:00,4.6,,
2025-10-30 16:35:00,4.7,,
2025-10-30 16:40:00,4.7,,
2025-10-30 16:45:00,4.6,,
2025-10-30 16:50:00,4.3,,
2025-10-30 16:55:00,3.8,,
2025-10-30 17:00:00,3.7,,
2025-10-30 17:05:00,3.6,,
2025-10-30 17:10:00,3.2,,
2025-10-30 17:15:00,3.1,,
2025-10-30 17:20:00,3.1,,
2025-10-30 17:25:00,3.4,,
2025-10-30 17:30:00,3.6,,
2025-10-30 17:35:00,3.8,,
2025-10-30 17:40:00,4.0,,
2025-10-30 17:45:00,4.4,,
2025-10-30 17:50:00,4.7,,
2025-10-30 17:55:00,4.9,,
2025-10-30 18:00:00,5.1,,
2025-10-30 18:05:00,5.1,,
2025-10-30 18:10:00,5.1,,
2025-10-30 18:15:00,5.3,25.0,1.25
2025-10-30 18:20:00,5.1,,
2025-10-30 18:25:00,5.2,,
2025-10-30 18:30:00,5.3,,
2025-10-30 18:35:00,5.2,,
2025-10-30 18:40:00,5.1,,
2025-10-30 18:45:00,4.9,,
2025-10-30 18:50:00,4.6,,
2025-10-30 18:55:00,4.3,,
2025-10-30 19:00:00,3.9,,
2025-10-30 19:05:00,3.4,,
2025-10-30 19:10:00,3.4,,
2025-10-30 19:15:00,3.7,,
2025-10-30 19:20:00,4.0,,
2025-10-30 19:25:00,4.6,,
2025-10-30 19:30:00,4.8,,
2025-10-30 19:35:00,5.2,0.0,0.2
2025-10-30 19:40:00,5.2,,
2025-10-30 19:45:00,4.8,,
2025-10-30 19:50:00,5.1,25.0,1.25
2025-10-30 19:55:00,4.6,,
2025-10-30 20:00:00,3.8,,
2025-10-30 20:05:00,3.8,,
2025-10-30 20:10:00,4.1,,
2025-10-30 20:15:00,4.5,,
2025-10-30 20:20:00,4.9,5.0,0.25
2025-10-30 20:25:00,5.2,,
2025-10-30 20:30:00,5.1,,
2025-10-30 20:35:00,4.8,,
2025-10-30 20:40:00,4.3,,
2025-10-30 20:45:00,3.7,,
2025-10-30 20:50:00,2.8,,
2025-10-30 20:55:00,2.7,,
2025-10-30 21:00:00,3.3,,
2025-10-30 21:05:00,3.5,,
2025-10-30 21:10:00,4.1,,
2025-10-30 21:15:00,4.4,,
2025-10-30 21:20:00,4.6,,
2025-10-30 21:25:00,4.4,,
2025-10-30 21:30:00,4.2,,
2025-10-30 21:35:00,4.1,,
2025-10-30 21:40:00,4.3,,
2025-10-30 21:45:00,4.4,,
2025-10-30 21:50:00,4.4,,
2025-10-30 21:55:00,4.7,,
2025-10-30 22:00:00,5.3,,
2025-10-30 22:05:00,5.7,,
2025-10-30 22:10:00,6.0,,
2025-10-30 22:15:00,6.5,,
2025-10-30 22:20:00,6.8,0.0,0.3
2025-10-30 22:25:00,7.2,,
2025-10-30 22:30:00,8.0,,
2025-10-30 22:35:00,8.8,,
2025-10-30 22:40:00,9.2,0.0,0.4
2025-10-30 22:45:00,9.4,,
2025-10-30 22:50:00,10.2,,
2025-10-30 22:55:00,10.8,0.0,0.5
2025-10-30 23:00:00,11.3,,
2025-10-30 23:05:00,11.7,,
2025-10-30 23:10:00,12.0,,
2025-10-30 23:15:00,12.4,,
2025-10-30 23:20:00,12.7,,
2025-10-30 23:25:00,12.6,,
2025-10-30 23:30:00,12.2,,
2025-10-30 23:35:00,12.3,,
2025-10-30 23:40:00,12.3,0.0,0.1
2025-10-30 23:45:00,12.2,,
2025-10-30 23:50:00,11.9,,
2025-10-30 23:55:00,11.5,,
2025-10-31 00:00:00,11.4,,
2025-10-31 00:05:00,11.4,,
2025-10-31 00:10:00,11.3,,
2025-10-31 00:15:00,11.3,,
2025-10-31 00:20:00,11.2,0.0,0.15
2025-10-31 00:25:00,11.0,,
2025-10-31 00:30:00,10.7,,
2025-10-31 00:35:00,10.2,,
2025-10-31 00:40:00,10.1,,
2025-10-31 00:45:00,10.0,,
2025-10-31 00:50:00,9.6,,
2025-10-31 00:55:00,9.3,,
2025-10-31 01:00:00,8.8,,
2025-10-31 01:05:00,8.2,,
2025-10-31 01:10:00,7.7,,
2025-10-31 01:15:00,7.2,,
2025-10-31 01:20:00,6.8,,
2025-10-31 01:25:00,6.4,,
2025-10-31 01:30:00,6.1,,
2025-10-31 01:35:00,5.8,,
2025-10-31 01:40:00,5.3,,
2025-10-31 01:45:00,5.1,,
2025-10-31 01:50:00,4.8,,
2025-10-31 01:55:00,4.6,,
2025-10-31 02:00:00,4.4,,
2025-10-31 02:05:00,4.4,,
2025-10-31 02:10:00,4.7,,
2025-10-31 02:15:00,4.4,,
2025-10-31 02:20:00,4.2,,
2025-10-31 02:25:00,3.7,,
2025-10-31 02:30:00,3.5,,
2025-10-31 02:35:00,3.7,,
2025-10-31 02:40:00,3.7,,
2025-10-31 02:45:00,3.7,,
2025-10-31 02:50:00,3.7,,
2025-10-31 02:55:00,3.7,,
2025-10-31 03:00:00,3.7,,
2025-10-31 03:05:00,3.8,,
2025-10-31 03:10:00,3.9,,
2025-10-31 03:15:00,3.9,,
2025-10-31 03:20:00,3.9,,
2025-10-31 03:25:00,3.8,,
2025-10-31 03:30:00,3.7,,
2025-10-31 03:35:00,4.1,,
2025-10-31 03:40:00,4.3,,
2025-10-31 03:45:00,4.5,,
2025-10-31 03:50:00,4.6,,
2025-10-31 03:55:00,5.0,,
2025-10-31 04:00:00,5.0,,
2025-10-31 04:05:00,4.8,,
2025-10-31 04:10:00,4.3,,
2025-10-31 04:15:00,4.8,,
2025-10-31 04:20:00,4.9,,
2025-10-31 04:25:00,4.9,,
2025-10-31 04:30:00,4.7,,
2025-10-31 04:35:00,4.9,,
2025-10-31 04:40:00,5.2,,
2025-10-31 04:45:00,5.3,,
2025-10-31 04:50:00,5.4,,
2025-10-31 04:55:00,5.6,,
2025-10-31 05:00:00,5.7,,
2025-10-31 05:05:00,5.7,,
2025-10-31 05:10:00,5.8,,
2025-10-31 05:15:00,5.9,,
2025-10-31 05:20:00,5.9,,
2025-10-31 05:25:00,6.4,,
2025-10-31 05:30:00,6.4,,
2025-10-31 05:35:00,6.1,,
2025-10-31 05:40:00,5.8,,
2025-10-31 05:45:00,5.5,,
2025-10-31 05:50:00,5.7,,
2025-10-31 05:55:00,5.6,,
2025-10-31 06:00:00,5.3,,
2025-10-31 06:05:00,5.2,,
2025-10-31 06:10:00,5.1,,
2025-10-31 06:15:00,4.9,,
2025-10-31 06:20:00,4.7,,
2025-10-31 06:25:00,4.7,,
2025-10-31 06:30:00,4.6,,
2025-10-31 06:35:00,4.6,,
2025-10-31 06:40:00,4.7,,
2025-10-31 06:45:00,4.7,,
2025-10-31 06:50:00,4.8,,
2025-10-31 06:55:00,4.8,,
2025-10-31 07:00:00,4.9,,
2025-10-31 07:05:00,5.3,,
2025-10-31 07:10:00,5.4,,
2025-10-31 07:15:00,5.3,,
2025-10-31 07:20:00,5.1,,
2025-10-31 07:25:00,5.4,,
2025-10-31 07:30:00,5.9,,
2025-10-31 07:35:00,6.1,0.0,0.25
2025-10-31 07:40:00,5.9,,
2025-10-31 07:45:00,5.8,,
2025-10-31 07:50:00,5.7,,
2025-10-31 07:55:00,5.7,,
2025-10-31 08:00:00,5.5,,
2025-10-31 08:05:00,5.4,,
2025-10-31 08:10:00,5.2,,
2025-10-31 08:15:00,4.8,,
2025-10-31 08:20:00,4.8,,
2025-10-31 08:25:00,4.8,25.0,1.35
2025-10-31 08:30:00,4.9,,
2025-10-31 08:35:00,4.8,,
2025-10-31 08:40:00,4.7,,
2025-10-31 08:45:00,4.7,,
2025-10-31 08:50:00,4.9,,
2025-10-31 08:55:00,5.3,,
2025-10-31 09:00:00,5.3,,
2025-10-31 09:05:00,5.5,,
2025-10-31 09:10:00,5.5,,
2025-10-31 09:15:00,5.1,,
2025-10-31 09:20:00,5.1,,
2025-10-31 09:25:00,5.2,,
2025-10-31 09:30:00,5.6,,
2025-10-31 09:35:00,5.8,,
2025-10-31 09:40:00,5.9,,
2025-10-31 09:45:00,6.2,,
2025-10-31 09:50:00,6.3,,
2025-10-31 09:55:00,6.7,,
2025-10-31 10:00:00,7.2,,
2025-10-31 10:05:00,7.3,,
2025-10-31 10:10:00,7.5,,
2025-10-31 10:15:00,7.9,,
2025-10-31 10:20:00,8.0,,
2025-10-31 10:25:00,8.0,,
2025-10-31 10:30:00,8.0,,
2025-10-31 10:35:00,8.1,,
2025-10-31 10:40:00,8.1,,
2025-10-31 10:45:00,8.3,,
2025-10-31 10:50:00,8.2,,
2025-10-31 10:55:00,8.0,,
2025-10-31 11:00:00,8.0,,
2025-10-31 11:05:00,8.1,,
2025-10-31 11:10:00,7.9,,
2025-10-31 11:15:00,7.7,,
2025-10-31 11:20:00,7.3,,
2025-10-31 11:25:00,7.3,,
2025-10-31 11:30:00,7.3,,
2025-10-31 11:35:00,7.3,35.0,1.8
2025-10-31 11:40:00,6.9,,
2025-10-31 11:45:00,6.8,,
2025-10-31 11:50:00,6.8,,
2025-10-31 11:55:00,7.0,,
2025-10-31 12:00:00,7.3,,
2025-10-31 12:05:00,7.0,,
2025-10-31 12:10:00,6.6,,
2025-10-31 12:15:00,6.2,,
2025-10-31 12:20:00,5.9,,
2025-10-31 12:25:00,5.6,,
2025-10-31 12:30:00,5.3,,
2025-10-31 12:35:00,4.7,,
2025-10-31 12:40:00,3.8,,
2025-10-31 12:45:00,3.5,,
2025-10-31 12:50:00,3.7,,
2025-10-31 12:55:00,3.8,,
2025-10-31 13:00:00,4.2,,
2025-10-31 13:05:00,4.9,,
2025-10-31 13:10:00,5.9,,
2025-10-31 13:15:00,6.5,,
2025-10-31 13:20:00,6.7,,
2025-10-31 13:25:00,6.9,,
2025-10-31 13:30:00,7.3,,
2025-10-31 13:35:00,7.3,,
2025-10-31 13:40:00,7.7,,
2025-10-31 13:45:00,7.8,,
2025-10-31 13:50:00,8.0,,
2025-10-31 13:55:00,8.1,,
2025-10-31 14:00:00,7.9,,
2025-10-31 14:05:00,8.3,,
2025-10-31 14:10:00,7.9,,
2025-10-31 14:15:00,8.3,25.0,1.6
2025-10-31 14:20:00,8.5,,
2025-10-31 14:25:00,8.7,,
2025-10-31 14:30:00,8.9,,
2025-10-31 14:35:00,9.7,,
2025-10-31 14:40:00,9.7,,
2025-10-31 14:45:00,9.2,,
2025-10-31 14:50:00,8.8,,
2025-10-31 14:55:00,8.2,,
2025-10-31 15:00:00,7.4,,
2025-10-31 15:05:00,7.0,,
2025-10-31 15:10:00,6.2,,
2025-10-31 15:15:00,5.1,,
2025-10-31 15:20:00,4.5,,
2025-10-31 15:25:00,4.1,,
2025-10-31 15:30:00,3.8,,
2025-10-31 15:35:00,4.0,,
2025-10-31 15:40:00,4.3,,
2025-10-31 15:45:00,4.3,15.0,0.75
2025-10-31 15:50:00,3.7,,
2025-10-31 15:55:00,3.2,,
2025-10-31 16:00:00,3.3,,
2025-10-31 16:05:00,3.1,,
2025-10-31 16:10:00,2.9,,
2025-10-31 16:15:00,3.7,,
2025-10-31 16:20:00,4.7,,
2025-10-31 16:25:00,5.0,,
2025-10-31 16:30:00,4.8,,
2025-10-31 16:35:00,5.3,,
2025-10-31 16:40:00,5.5,,
2025-10-31 16:45:00,5.2,,
2025-10-31 16:50:00,4.8,,
2025-10-31 16:55:00,4.5,,
2025-10-31 17:00:00,4.2,,
2025-10-31 17:05:00,4.1,,
2025-10-31 17:10:00,4.3,,
2025-10-31 17:15:00,4.4,5.0,0.25
2025-10-31 17:20:00,4.9,,
2025-10-31 17:25:00,5.1,,
2025-10-31 17:30:00,4.9,,
2025-10-31 17:35:00,5.0,,
2025-10-31 17:40:00,5.3,,
2025-10-31 17:45:00,5.8,,
2025-10-31 17:50:00,5.7,,
2025-10-31 17:55:00,5.6,,
2025-10-31 18:00:00,5.6,,
2025-10-31 18:05:00,5.6,,
2025-10-31 18:10:00,5.6,,
2025-10-31 18:15:00,5.5,,
2025-10-31 18:20:00,5.2,,
2025-10-31 18:25:00,4.9,,
2025-10-31 18:30:00,5.1,,
2025-10-31 18:35:00,4.9,,
2025-10-31 18:40:00,5.1,,
2025-10-31 18:45:00,5.2,,
2025-10-31 18:50:00,4.9,,
2025-10-31 18:55:00,5.1,,
2025-10-31 19:00:00,5.3,,
2025-10-31 19:05:00,5.4,,
2025-10-31 19:10:00,5.1,,
2025-10-31 19:15:00,4.7,,
2025-10-31 19:20:00,4.4,,
2025-10-31 19:25:00,4.2,5.0,0.25
2025-10-31 19:30:00,4.2,5.0,0.25
2025-10-31 19:35:00,4.3,,
2025-10-31 19:40:00,4.4,,
2025-10-31 19:45:00,4.6,5.0,0.25
2025-10-31 19:50:00,4.9,2.0,0.15
2025-10-31 19:55:00,5.7,,
2025-10-31 20:00:00,5.8,,
2025-10-31 20:05:00,,,
2025-10-31 20:10:00,,5.0,0.25
2025-10-31 20:15:00,,,
2025-10-31 20:20:00,,,
2025-10-31 20:25:00,,,
2025-10-31 20:30:00,,,
2025-10-31 20:35:00,,,
2025-10-31 20:40:00,,,
2025-10-31 20:45:00,,,
2025-10-31 20:50:00,,5.0,0.25
2025-10-31 20:55:00,,,
2025-10-31 21:00:00,,,
2025-10-31 21:05:00,,,
2025-10-31 21:10:00,5.8,3.0,0.15
2025-10-31 21:15:00,6.3,,
2025-10-31 21:20:00,6.6,3.0,0.15
2025-10-31 21:25:00,6.6,,
2025-10-31 21:30:00,6.7,,
2025-10-31 21:35:00,6.8,,
2025-10-31 21:40:00,6.9,,
2025-10-31 21:45:00,7.0,0.0,0.1
2025-10-31 21:50:00,7.8,,
2025-10-31 21:55:00,7.7,,
2025-10-31 22:00:00,7.2,0.0,0.2
2025-10-31 22:05:00,7.0,,
2025-10-31 22:10:00,7.0,,
2025-10-31 22:15:00,6.8,,
2025-10-31 22:20:00,6.8,,
2025-10-31 22:25:00,6.6,,
2025-10-31 22:30:00,6.7,,
2025-10-31 22:35:00,6.9,,
2025-10-31 22:40:00,7.0,,
2025-10-31 22:45:00,7.1,,
2025-10-31 22:50:00,7.4,,
2025-10-31 22:55:00,7.5,,
2025-10-31 23:00:00,7.5,,
2025-10-31 23:05:00,7.7,0.0,0.15
2025-10-31 23:10:00,7.0,,
2025-10-31 23:15:00,7.7,,
2025-10-31 23:20:00,8.4,,
2025-10-31 23:25:00,8.7,0.0,0.25
2025-10-31 23:30:00,8.7,,
2025-10-31 23:35:00,8.8,,
2025-10-31 23:40:00,8.8,,
2025-10-31 23:45:00,8.7,,
2025-10-31 23:50:00,8.6,,
2025-10-31 23:55:00,7.9,,
2025-11-01 00:00:00,7.3,,
2025-11-01 00:05:00,8.0,,
2025-11-01 00:10:00,8.2,,
2025-11-01 00:15:00,7.9,,
2025-11-01 00:20:00,7.7,,
2025-11-01 00:25:00,7.5,,
2025-11-01 00:30:00,7.2,,
2025-11-01 00:35:00,6.9,,
2025-11-01 00:40:00,6.7,,
2025-11-01 00:45:00,6.5,,
2025-11-01 00:50:00,6.2,,
2025-11-01 00:55:00,4.5,,
2025-11-01 01:00:00,3.9,,
2025-11-01 01:05:00,4.8,,
2025-11-01 01:10:00,4.8,,
2025-11-01 01:15:00,4.7,,
2025-11-01 01:20:00,3.9,,
2025-11-01 01:25:00,5.2,,
2025-11-01 01:30:00,5.9,,
2025-11-01 01:35:00,5.3,,
2025-11-01 01:40:00,4.8,,
2025-11-01 01:45:00,4.2,,
2025-11-01 01:50:00,4.8,,
2025-11-01 01:55:00,4.4,,
2025-11-01 02:00:00,3.9,,
2025-11-01 02:05:00,3.6,,
2025-11-01 02:10:00,3.4,,
2025-11-01 02:15:00,3.2,,
2025-11-01 02:20:00,3.2,,
2025-11-01 02:25:00,3.2,,
2025-11-01 02:30:00,3.2,,
2025-11-01 02:35:00,2.5,,
2025-11-01 02:40:00,2.4,,
2025-11-01 02:45:00,3.3,,
2025-11-01 02:50:00,4.7,,
2025-11-01 02:55:00,4.7,,
2025-11-01 03:00:00,,,
2025-11-01 03:05:00,,,
2025-11-01 03:10:00,3.0,,
2025-11-01 03:15:00,4.2,,
2025-11-01 03:20:00,4.2,,
2025-11-01 03:25:00,4.5,,
2025-11-01 03:30:00,3.6,,
2025-11-01 03:35:00,3.6,,
2025-11-01 03:40:00,5.3,,
2025-11-01 03:45:00,6.5,,
2025-11-01 03:50:00,5.9,,
2025-11-01 03:55:00,5.3,,
2025-11-01 04:00:00,6.2,,
2025-11-01 04:05:00,5.7,,
2025-11-01 04:10:00,6.2,,
2025-11-01 04:15:00,6.6,,
2025-11-01 04:20:00,6.8,,
2025-11-01 04:25:00,7.2,,
2025-11-01 04:30:00,6.7,,
2025-11-01 04:35:00,6.8,,
2025-11-01 04:40:00,6.7,,
2025-11-01 04:45:00,7.3,,
2025-11-01 04:50:00,7.5,,
2025-11-01 04:55:00,7.4,,
2025-11-01 05:00:00,7.5,,
2025-11-01 05:05:00,7.5,,
2025-11-01 05:10:00,7.4,,
2025-11-01 05:15:00,7.3,,
2025-11-01 05:20:00,7.2,,
2025-11-01 05:25:00,7.1,,
2025-11-01 05:30:00,7.0,,
2025-11-01 05:35:00,7.0,,
2025-11-01 05:40:00,7.1,,
2025-11-01 05:45:00,7.1,,
2025-11-01 05:50:00,7.0,,
2025-11-01 05:55:00,6.9,,
2025-11-01 06:00:00,7.0,,
2025-11-01 06:05:00,7.3,,
2025-11-01 06:10:00,7.0,,
2025-11-01 06:15:00,7.3,,
2025-11-01 06:20:00,7.3,,
2025-11-01 06:25:00,7.2,,
2025-11-01 06:30:00,7.0,,
2025-11-01 06:35:00,6.5,,
2025-11-01 06:40:00,6.3,,
2025-11-01 06:45:00,5.9,,
2025-11-01 06:50:00,6.5,,
2025-11-01 06:55:00,6.6,,
2025-11-01 07:00:00,6.4,,
2025-11-01 07:05:00,6.3,,
2025-11-01 07:10:00,6.2,,
2025-11-01 07:15:00,6.3,,
2025-11-01 07:20:00,6.4,,
2025-11-01 07:25:00,6.5,,
2025-11-01 07:30:00,6.4,,
2025-11-01 07:35:00,7.1,,
2025-11-01 07:40:00,7.3,,
2025-11-01 07:45:00,7.4,,
2025-11-01 07:50:00,7.0,,
2025-11-01 07:55:00,6.2,,
2025-11-01 08:00:00,6.3,,
2025-11-01 08:05:00,6.3,,
2025-11-01 08:10:00,6.1,,
2025-11-01 08:15:00,5.3,,
2025-11-01 08:20:00,5.6,,
2025-11-01 08:25:00,5.7,,
2025-11-01 08:30:00,6.1,,
2025-11-01 08:35:00,6.2,,
2025-11-01 08:40:00,5.9,,
2025-11-01 08:45:00,6.2,35.0,1.9
2025-11-01 08:50:00,6.6,,
2025-11-01 08:55:00,6.8,,
2025-11-01 09:00:00,6.5,,
2025-11-01 09:05:00,7.0,7.0,0.35
2025-11-01 09:10:00,7.0,,
2025-11-01 09:15:00,7.7,,
2025-11-01 09:20:00,8.9,5.0,0.25
2025-11-01 09:25:00,9.7,,
2025-11-01 09:30:00,11.0,,
2025-11-01 09:35:00,11.2,,
2025-11-01 09:40:00,11.2,,
2025-11-01 09:45:00,10.9,0.0,0.1
2025-11-01 09:50:00,10.5,,
2025-11-01 09:55:00,10.1,,
2025-11-01 10:00:00,9.5,,
2025-11-01 10:05:00,8.4,,
2025-11-01 10:10:00,7.7,,
2025-11-01 10:15:00,7.2,,
2025-11-01 10:20:00,6.4,,
2025-11-01 10:25:00,5.6,,
2025-11-01 10:30:00,4.7,0.0,0.2
2025-11-01 10:35:00,4.3,,
2025-11-01 10:40:00,4.3,,
2025-11-01 10:45:00,4.2,,
2025-11-01 10:50:00,4.1,,
2025-11-01 10:55:00,3.8,,
2025-11-01 11:00:00,3.8,,
2025-11-01 11:05:00,4.0,,
2025-11-01 11:10:00,4.6,,
2025-11-01 11:15:00,5.2,0.0,0.25
2025-11-01 11:20:00,4.8,,
2025-11-01 11:25:00,4.9,,
2025-11-01 11:30:00,4.7,,
2025-11-01 11:35:00,4.3,,
2025-11-01 11:40:00,3.9,,
2025-11-01 11:45:00,3.7,,
2025-11-01 11:50:00,3.6,,
2025-11-01 11:55:00,3.4,,
2025-11-01 12:00:00,3.2,,
2025-11-01 12:05:00,3.5,,
2025-11-01 12:10:00,3.6,,
2025-11-01 12:15:00,3.8,,
2025-11-01 12:20:00,3.8,,
2025-11-01 12:25:00,4.1,,
2025-11-01 12:30:00,4.1,,
2025-11-01 12:35:00,3.7,,
2025-11-01 12:40:00,3.3,,
2025-11-01 12:45:00,3.6,,
2025-11-01 12:50:00,3.7,,
2025-11-01 12:55:00,4.4,,
2025-11-01 13:00:00,4.5,,
2025-11-01 13:05:00,3.8,,
2025-11-01 13:10:00,3.9,,
2025-11-01 13:15:00,4.1,,
2025-11-01 13:20:00,4.2,,
2025-11-01 13:25:00,4.2,,
2025-11-01 13:30:00,4.1,,
2025-11-01 13:35:00,3.8,30.0,1.5
2025-11-01 13:40:00,3.7,,
2025-11-01 13:45:00,3.6,,
2025-11-01 13:50:00,4.2,7.0,0.35
2025-11-01 13:55:00,5.6,,
2025-11-01 14:00:00,6.7,,
2025-11-01 14:05:00,7.2,5.0,0.25
2025-11-01 14:10:00,8.1,5.0,0.25
2025-11-01 14:15:00,8.6,5.0,0.25
2025-11-01 14:20:00,8.8,,
2025-11-01 14:25:00,8.3,,
2025-11-01 14:30:00,7.3,,
2025-11-01 14:35:00,6.5,,
2025-11-01 14:40:00,5.5,,
2025-11-01 14:45:00,4.4,,
2025-11-01 14:50:00,3.3,,
2025-11-01 14:55:00,3.0,,
2025-11-01 15:00:00,2.8,,
2025-11-01 15:05:00,3.1,,
2025-11-01 15:10:00,3.6,,
2025-11-01 15:15:00,4.2,,
2025-11-01 15:20:00,4.3,,
2025-11-01 15:25:00,4.6,,
2025-11-01 15:30:00,4.1,,
2025-11-01 15:35:00,3.7,,
2025-11-01 15:40:00,3.5,,
2025-11-01 15:45:00,3.4,,
2025-11-01 15:50:00,3.4,,
2025-11-01 15:55:00,3.7,,
2025-11-01 16:00:00,4.2,,
2025-11-01 16:05:00,4.1,,
2025-11-01 16:10:00,4.6,,
2025-11-01 16:15:00,4.8,5.0,0.25
2025-11-01 16:20:00,4.6,,
2025-11-01 16:25:00,4.4,,
2025-11-01 16:30:00,4.8,,
2025-11-01 16:35:00,5.0,,
2025-11-01 16:40:00,5.1,,
2025-11-01 16:45:00,5.7,15.0,0.75
2025-11-01 16:50:00,5.9,,
2025-11-01 16:55:00,6.0,,
2025-11-01 17:00:00,6.2,,
2025-11-01 17:05:00,7.0,,
2025-11-01 17:10:00,8.1,,
2025-11-01 17:15:00,8.5,,
2025-11-01 17:20:00,8.5,,
2025-11-01 17:25:00,8.4,,
2025-11-01 17:30:00,7.9,5.0,0.25
2025-11-01 17:35:00,7.3,,
2025-11-01 17:40:00,7.1,,
2025-11-01 17:45:00,6.5,,
2025-11-01 17:50:00,6.2,,
2025-11-01 17:55:00,5.4,,
2025-11-01 18:00:00,4.8,,
2025-11-01 18:05:00,4.4,,
2025-11-01 18:10:00,3.8,,
2025-11-01 18:15:00,3.4,,
2025-11-01 18:20:00,3.7,,
2025-11-01 18:25:00,4.1,,
2025-11-01 18:30:00,4.6,30.0,1.5
2025-11-01 18:35:00,5.3,,
2025-11-01 18:40:00,5.7,,
2025-11-01 18:45:00,5.8,,
2025-11-01 18:50:00,5.8,,
2025-11-01 18:55:00,5.8,,
2025-11-01 19:00:00,5.6,,
2025-11-01 19:05:00,5.2,,
2025-11-01 19:10:00,4.6,,
2025-11-01 19:15:00,4.1,,
2025-11-01 19:20:00,3.6,7.0,0.35
2025-11-01 19:25:00,3.2,,
2025-11-01 19:30:00,3.4,,
2025-11-01 19:35:00,3.8,,
2025-11-01 19:40:00,3.8,,
2025-11-01 19:45:00,2.3,,
2025-11-01 19:50:00,2.8,,
2025-11-01 19:55:00,4.2,,
2025-11-01 20:00:00,4.8,,
2025-11-01 20:05:00,4.4,,
2025-11-01 20:10:00,4.1,,
2025-11-01 20:15:00,4.4,,
2025-11-01 20:20:00,4.5,,
2025-11-01 20:25:00,4.1,0.0,0.1
2025-11-01 20:30:00,4.3,,
2025-11-01 20:35:00,4.4,,
2025-11-01 20:40:00,5.1,,
2025-11-01 20:45:00,5.7,,
2025-11-01 20:50:00,5.9,,
2025-11-01 20:55:00,6.0,,
2025-11-01 21:00:00,6.0,,
2025-11-01 21:05:00,6.1,,
2025-11-01 21:10:00,5.8,,
2025-11-01 21:15:00,5.4,,
2025-11-01 21:20:00,5.8,,
2025-11-01 21:25:00,6.1,,
2025-11-01 21:30:00,6.2,,
2025-11-01 21:35:00,5.9,,
2025-11-01 21:40:00,5.8,,
2025-11-01 21:45:00,5.2,,
2025-11-01 21:50:00,5.7,,
2025-11-01 21:55:00,5.7,,
2025-11-01 22:00:00,5.8,,
2025-11-01 22:05:00,5.9,,
2025-11-01 22:10:00,6.2,,
2025-11-01 22:15:00,6.2,,
2025-11-01 22:20:00,6.3,,
2025-11-01 22:25:00,6.4,,
2025-11-01 22:30:00,6.4,,
2025-11-01 22:35:00,6.3,,
2025-11-01 22:40:00,6.3,,
2025-11-01 22:45:00,6.3,,
2025-11-01 22:50:00,6.2,,
2025-11-01 22:55:00,6.1,,
2025-11-01 23:00:00,6.0,,
2025-11-01 23:05:00,5.7,,
2025-11-01 23:10:00,5.5,,
2025-11-01 23:15:00,5.3,,
2025-11-01 23:20:00,5.2,,
2025-11-01 23:25:00,5.2,,
2025-11-01 23:30:00,4.9,,
2025-11-01 23:35:00,5.2,,
2025-11-01 23:40:00,5.4,,
2025-11-01 23:45:00,5.5,,
2025-11-01 23:50:00,5.5,,
2025-11-01 23:55:00,5.6,,
2025-11-03 00:00:00,3.6,,
2025-11-03 00:05:00,3.7,,
2025-11-03 00:10:00,3.7,,
2025-11-03 00:15:00,3.7,,
2025-11-03 00:20:00,3.7,,
2025-11-03 00:25:00,3.6,,
2025-11-03 00:30:00,3.6,,
2025-11-03 00:35:00,3.9,,
2025-11-03 00:40:00,4.0,,
2025-11-03 00:45:00,4.1,,
2025-11-03 00:50:00,4.2,,
2025-11-03 00:55:00,4.5,,
2025-11-03 01:00:00,4.6,,
2025-11-03 01:05:00,4.7,,
2025-11-03 01:10:00,4.7,,
2025-11-03 01:15:00,4.7,,
2025-11-03 01:20:00,4.8,,
2025-11-03 01:25:00,4.8,,
2025-11-03 01:30:00,4.8,,
2025-11-03 01:35:00,4.6,,
2025-11-03 01:40:00,4.2,,
2025-11-03 01:45:00,4.2,,
2025-11-03 01:50:00,4.2,,
2025-11-03 01:55:00,4.6,,
2025-11-03 02:00:00,4.6,,
2025-11-03 02:05:00,4.6,,
2025-11-03 02:10:00,4.6,,
2025-11-03 02:15:00,4.6,,
2025-11-03 02:20:00,4.4,,
2025-11-03 02:25:00,4.4,,
2025-11-03 02:30:00,4.4,,
2025-11-03 02:35:00,4.4,,
2025-11-03 02:40:00,4.4,,
2025-11-03 02:45:00,4.2,,
2025-11-03 02:50:00,4.4,,
2025-11-03 02:55:00,4.6,,
2025-11-03 03:00:00,4.8,,
2025-11-03 03:05:00,4.7,,
2025-11-03 03:10:00,5.1,,
2025-11-03 03:15:00,5.2,,
2025-11-03 03:20:00,4.9,,
2025-11-03 03:25:00,4.9,,
2025-11-03 03:30:00,5.0,,
2025-11-03 03:35:00,5.0,,
2025-11-03 03:40:00,5.1,,
2025-11-03 03:45:00,5.2,,
2025-11-03 03:50:00,5.2,,
2025-11-03 03:55:00,5.1,,
2025-11-03 04:00:00,5.2,,
2025-11-03 04:05:00,4.9,,
2025-11-03 04:10:00,5.4,,
2025-11-03 04:15:00,5.7,,
2025-11-03 04:20:00,5.7,,
2025-11-03 04:25:00,5.7,,
2025-11-03 04:30:00,5.7,,
2025-11-03 04:35:00,5.7,,
2025-11-03 04:40:00,5.6,,
2025-11-03 04:45:00,5.6,,
2025-11-03 04:50:00,5.6,,
2025-11-03 04:55:00,5.6,,
2025-11-03 05:00:00,5.5,,
2025-11-03 05:05:00,5.8,,
2025-11-03 05:10:00,5.4,,
2025-11-03 05:15:00,5.4,,
2025-11-03 05:20:00,5.4,,
2025-11-03 05:25:00,5.0,,
2025-11-03 05:30:00,5.1,,
2025-11-03 05:35:00,5.2,,
2025-11-03 05:40:00,5.3,,
2025-11-03 05:45:00,5.3,,
2025-11-03 05:50:00,5.3,,
2025-11-03 05:55:00,5.3,,
2025-11-03 06:00:00,5.4,,
2025-11-03 06:05:00,5.4,,
2025-11-03 06:10:00,5.6,,
2025-11-03 06:15:00,5.3,,
2025-11-03 06:20:00,5.4,,
2025-11-03 06:25:00,5.7,,
2025-11-03 06:30:00,5.9,,
2025-11-03 06:35:00,5.9,,
2025-11-03 06:40:00,6.1,,
2025-11-03 06:45:00,6.2,,
2025-11-03 06:50:00,6.2,,
2025-11-03 06:55:00,5.4,,
2025-11-03 07:00:00,6.1,,
2025-11-03 07:05:00,5.9,,
2025-11-03 07:10:00,5.3,,
2025-11-03 07:15:00,5.4,,
2025-11-03 07:20:00,5.6,,
2025-11-03 07:25:00,5.2,,
2025-11-03 07:30:00,5.2,,
2025-11-03 07:35:00,4.8,,
2025-11-03 07:40:00,4.1,,
2025-11-03 07:45:00,4.4,,
2025-11-03 07:50:00,4.6,25.0,1.35
2025-11-03 07:55:00,4.7,,
2025-11-03 08:00:00,4.8,,
2025-11-03 08:05:00,5.0,,
2025-11-03 08:10:00,5.0,10.0,0.55
2025-11-03 08:15:00,4.8,,
2025-11-03 08:20:00,4.9,,
2025-11-03 08:25:00,5.3,,
2025-11-03 08:30:00,5.8,,
2025-11-03 08:35:00,6.1,,
2025-11-03 08:40:00,6.4,,
2025-11-03 08:45:00,6.7,,
2025-11-03 08:50:00,7.5,,
2025-11-03 08:55:00,7.4,5.0,0.3
2025-11-03 09:00:00,7.7,,
2025-11-03 09:05:00,7.4,,
2025-11-03 09:10:00,8.0,,
2025-11-03 09:15:00,8.2,,
2025-11-03 09:20:00,8.5,,
2025-11-03 09:25:00,8.4,,
2025-11-03 09:30:00,8.4,,
2025-11-03 09:35:00,8.6,,
2025-11-03 09:40:00,8.6,,
2025-11-03 09:45:00,8.6,,
2025-11-03 09:50:00,8.8,,
2025-11-03 09:55:00,9.2,,
2025-11-03 10:00:00,9.3,,
2025-11-03 10:05:00,9.3,,
2025-11-03 10:10:00,9.4,,
2025-11-03 10:15:00,9.8,,
2025-11-03 10:20:00,9.6,,
2025-11-03 10:25:00,9.4,,
2025-11-03 10:30:00,9.7,,
2025-11-03 10:35:00,9.8,,
2025-11-03 10:40:00,9.5,,
2025-11-03 10:45:00,9.2,,
2025-11-03 10:50:00,8.9,,
2025-11-03 10:55:00,8.8,,
2025-11-03 11:00:00,8.7,,
2025-11-03 11:05:00,8.6,,
2025-11-03 11:10:00,8.6,,
2025-11-03 11:15:00,8.3,,
2025-11-03 11:20:00,8.2,,
2025-11-03 11:25:00,9.0,,
2025-11-03 11:30:00,9.4,,
2025-11-03 11:35:00,9.7,,
2025-11-03 11:40:00,9.8,20.0,1.65
2025-11-03 11:45:00,10.0,,
2025-11-03 11:50:00,9.7,,
2025-11-03 11:55:00,9.2,,
2025-11-03 12:00:00,8.8,,
2025-11-03 12:05:00,8.9,,
2025-11-03 12:10:00,9.8,,
2025-11-03 12:15:00,10.2,,
2025-11-03 12:20:00,10.4,,
2025-11-03 12:25:00,10.6,,
2025-11-03 12:30:00,10.5,,
2025-11-03 12:35:00,10.4,,
2025-11-03 12:40:00,10.3,,
2025-11-03 12:45:00,10.2,,
2025-11-03 12:50:00,9.8,,
2025-11-03 12:55:00,9.6,,
2025-11-03 13:00:00,8.9,,
2025-11-03 13:05:00,8.4,,
2025-11-03 13:10:00,7.8,,
2025-11-03 13:15:00,7.0,,
2025-11-03 13:20:00,5.8,,
2025-11-03 13:25:00,4.8,,
2025-11-03 13:30:00,4.1,,
2025-11-03 13:35:00,3.5,,
2025-11-03 13:40:00,3.3,,
2025-11-03 13:45:00,3.2,,
2025-11-03 13:50:00,3.1,,
2025-11-03 13:55:00,3.1,,
2025-11-03 14:00:00,3.3,,
2025-11-03 14:05:00,3.6,,
2025-11-03 14:10:00,4.3,,
2025-11-03 14:15:00,5.2,25.0,1.25
2025-11-03 14:20:00,6.9,,
2025-11-03 14:25:00,6.9,,
2025-11-03 14:30:00,7.3,,
2025-11-03 14:35:00,7.5,,
2025-11-03 14:40:00,7.8,,
2025-11-03 14:45:00,7.3,,
2025-11-03 14:50:00,7.0,,
2025-11-03 14:55:00,6.4,,
2025-11-03 15:00:00,5.2,,
2025-11-03 15:05:00,4.4,,
2025-11-03 15:10:00,3.9,,
2025-11-03 15:15:00,3.6,,
2025-11-03 15:20:00,3.3,,
2025-11-03 15:25:00,3.2,,
2025-11-03 15:30:00,3.1,,
2025-11-03 15:35:00,3.4,,
2025-11-03 15:40:00,3.9,,
2025-11-03 15:45:00,5.3,,
2025-11-03 15:50:00,6.1,,
2025-11-03 15:55:00,6.3,20.0,1.0
2025-11-03 16:00:00,5.9,,
2025-11-03 16:05:00,5.6,,
2025-11-03 16:10:00,5.4,,
2025-11-03 16:15:00,5.5,,
2025-11-03 16:20:00,5.8,,
2025-11-03 16:25:00,6.3,,
2025-11-03 16:30:00,7.8,,
2025-11-03 16:35:00,8.5,,
2025-11-03 16:40:00,8.9,,
2025-11-03 16:45:00,9.0,,
2025-11-03 16:50:00,9.0,,
2025-11-03 16:55:00,8.7,,
2025-11-03 17:00:00,7.9,,
2025-11-03 17:05:00,7.4,,
2025-11-03 17:10:00,7.0,,
2025-11-03 17:15:00,6.8,,
2025-11-03 17:20:00,6.2,,
2025-11-03 17:25:00,5.5,,
2025-11-03 17:30:00,5.2,,
2025-11-03 17:35:00,5.1,,
2025-11-03 17:40:00,4.9,,
2025-11-03 17:45:00,4.8,,
2025-11-03 17:50:00,4.7,,
2025-11-03 17:55:00,4.6,,
2025-11-03 18:00:00,4.6,,
2025-11-03 18:05:00,4.6,,
2025-11-03 18:10:00,4.6,15.0,0.75
2025-11-03 18:15:00,5.0,,
2025-11-03 18:20:00,5.2,,
2025-11-03 18:25:00,5.3,,
2025-11-03 18:30:00,5.5,,
2025-11-03 18:35:00,5.3,,
2025-11-03 18:40:00,5.4,,
2025-11-03 18:45:00,4.9,,
2025-11-03 18:50:00,4.6,,
2025-11-03 18:55:00,4.2,,
2025-11-03 19:00:00,3.7,,
2025-11-03 19:05:00,3.6,,
2025-11-03 19:10:00,3.1,,
2025-11-03 19:15:00,2.8,,
2025-11-03 19:20:00,3.5,,
2025-11-03 19:25:00,4.3,,
2025-11-03 19:30:00,5.2,,
2025-11-03 19:35:00,5.3,,
2025-11-03 19:40:00,5.3,,
2025-11-03 19:45:00,5.1,,
2025-11-03 19:50:00,5.2,,
2025-11-03 19:55:00,4.7,,
2025-11-03 20:00:00,4.6,,
2025-11-03 20:05:00,4.9,,
2025-11-03 20:10:00,4.7,10.0,0.5
2025-11-03 20:15:00,4.8,,
2025-11-03 20:20:00,4.8,,
2025-11-03 20:25:00,4.9,,
2025-11-03 20:30:00,4.8,,
2025-11-03 20:35:00,4.2,,
2025-11-03 20:40:00,3.8,,
2025-11-03 20:45:00,3.5,,
2025-11-03 20:50:00,3.2,,
2025-11-03 20:55:00,3.1,,
2025-11-03 21:00:00,3.2,,
2025-11-03 21:05:00,3.3,,
2025-11-03 21:10:00,3.7,,
2025-11-03 21:15:00,4.4,,
2025-11-03 21:20:00,5.4,,
2025-11-03 21:25:00,6.1,,
2025-11-03 21:30:00,6.2,5.0,0.25
2025-11-03 21:35:00,6.8,,
2025-11-03 21:40:00,7.6,,
2025-11-03 21:45:00,8.0,,
2025-11-03 21:50:00,8.4,0.0,0.1
2025-11-03 21:55:00,8.6,,
2025-11-03 22:00:00,9.0,,
2025-11-03 22:05:00,9.3,,
2025-11-03 22:10:00,9.4,,
2025-11-03 22:15:00,9.4,0.0,0.25
2025-11-03 22:20:00,9.2,,
2025-11-03 22:25:00,8.8,,
2025-11-03 22:30:00,9.2,,
2025-11-03 22:35:00,9.2,0.0,0.1
2025-11-03 22:40:00,9.0,,
2025-11-03 22:45:00,9.3,,
2025-11-03 22:50:00,9.2,0.0,0.1
2025-11-03 22:55:00,9.0,,
2025-11-03 23:00:00,8.2,,
2025-11-03 23:05:00,8.1,,
2025-11-03 23:10:00,8.5,,
2025-11-03 23:15:00,8.7,0.0,0.1
2025-11-03 23:20:00,8.8,,
2025-11-03 23:25:00,8.8,,
2025-11-03 23:30:00,8.9,,
2025-11-03 23:35:00,8.0,,
2025-11-03 23:40:00,7.7,,
2025-11-03 23:45:00,8.8,,
2025-11-03 23:50:00,8.5,,
2025-11-03 23:55:00,7.0,,
2025-11-04 00:00:00,7.0,,
2025-11-04 00:05:00,8.0,,
2025-11-04 00:10:00,7.9,,
2025-11-04 00:15:00,7.7,,
2025-11-04 00:20:00,7.6,,
2025-11-04 00:25:00,7.6,,
2025-11-04 00:30:00,8.1,,
2025-11-04 00:35:00,7.9,,
2025-11-04 00:40:00,8.0,,
2025-11-04 00:45:00,7.9,,
2025-11-04 00:50:00,7.8,,
2025-11-04 00:55:00,8.3,,
2025-11-04 01:00:00,8.7,,
2025-11-04 01:05:00,8.8,,
2025-11-04 01:10:00,8.8,,
2025-11-04 01:15:00,8.9,,
2025-11-04 01:20:00,9.0,,
2025-11-04 01:25:00,9.0,,
2025-11-04 01:30:00,9.0,,
2025-11-04 01:35:00,9.1,,
2025-11-04 01:40:00,9.3,,
2025-11-04 01:45:00,9.4,,
2025-11-04 01:50:00,9.5,,
2025-11-04 01:55:00,9.5,,
2025-11-04 02:00:00,9.3,,
2025-11-04 02:05:00,9.7,,
2025-11-04 02:10:00,9.2,,
2025-11-04 02:15:00,8.7,0.0,0.25
2025-11-04 02:20:00,8.9,,
2025-11-04 02:25:00,9.5,,
2025-11-04 02:30:00,9.7,,
2025-11-04 02:35:00,9.3,,
2025-11-04 02:40:00,9.2,,
2025-11-04 02:45:00,9.4,,
2025-11-04 02:50:00,9.5,,
2025-11-04 02:55:00,9.5,,
2025-11-04 03:00:00,9.6,,
2025-11-04 03:05:00,9.6,,
2025-11-04 03:10:00,9.7,,
2025-11-04 03:15:00,9.7,,
2025-11-04 03:20:00,9.5,,
2025-11-04 03:25:00,9.4,,
2025-11-04 03:30:00,9.4,,
2025-11-04 03:35:00,9.2,,
2025-11-04 03:40:00,8.5,,
2025-11-04 03:45:00,8.8,,
2025-11-04 03:50:00,9.3,,
2025-11-04 03:55:00,9.1,0.0,0.4
2025-11-04 04:00:00,8.8,,
2025-11-04 04:05:00,8.7,,
2025-11-04 04:10:00,8.8,,
2025-11-04 04:15:00,8.8,,
2025-11-04 04:20:00,8.7,,
2025-11-04 04:25:00,8.7,,
2025-11-04 04:30:00,8.5,,
2025-11-04 04:35:00,8.4,,
2025-11-04 04:40:00,8.3,,
2025-11-04 04:45:00,8.0,,
2025-11-04 04:50:00,7.5,,
2025-11-04 04:55:00,7.6,,
2025-11-04 05:00:00,7.5,,
2025-11-04 05:05:00,7.3,,
2025-11-04 05:10:00,7.2,,
2025-11-04 05:15:00,7.0,,
2025-11-04 05:20:00,6.7,,
2025-11-04 05:25:00,6.7,,
2025-11-04 05:30:00,6.7,,
2025-11-04 05:35:00,6.6,,
2025-11-04 05:40:00,6.6,,
2025-11-04 05:45:00,6.7,,
2025-11-04 05:50:00,6.8,,
2025-11-04 05:55:00,6.9,,
2025-11-04 06:00:00,7.3,,
2025-11-04 06:05:00,7.3,,
2025-11-04 06:10:00,7.5,0.0,0.3
2025-11-04 06:15:00,7.4,,
2025-11-04 06:20:00,7.5,,
2025-11-04 06:25:00,7.4,,
2025-11-04 06:30:00,7.0,,
2025-11-04 06:35:00,7.0,,
2025-11-04 06:40:00,7.0,,
2025-11-04 06:45:00,7.0,,
2025-11-04 06:50:00,6.9,0.0,0.15
2025-11-04 06:55:00,6.5,,
2025-11-04 07:00:00,6.8,,
2025-11-04 07:05:00,6.8,,
2025-11-04 07:10:00,6.8,,
2025-11-04 07:15:00,6.4,,
2025-11-04 07:20:00,5.9,,
2025-11-04 07:25:00,5.5,,
2025-11-04 07:30:00,5.4,,
2025-11-04 07:35:00,5.3,,
2025-11-04 07:40:00,5.5,,
2025-11-04 07:45:00,5.6,,
2025-11-04 07:50:00,5.8,40.0,2.2
2025-11-04 07:55:00,5.8,,
2025-11-04 08:00:00,5.7,,
2025-11-04 08:05:00,5.8,,
2025-11-04 08:10:00,5.4,,
2025-11-04 08:15:00,4.9,,
2025-11-04 08:20:00,4.7,,
2025-11-04 08:25:00,5.0,,
2025-11-04 08:30:00,5.8,,
2025-11-04 08:35:00,5.3,7.0,0.35
2025-11-04 08:40:00,5.5,,
2025-11-04 08:45:00,6.1,,
2025-11-04 08:50:00,6.1,,
2025-11-04 08:55:00,5.9,,
2025-11-04 09:00:00,5.3,,
2025-11-04 09:05:00,4.7,,
2025-11-04 09:10:00,4.1,,
2025-11-04 09:15:00,3.2,,
2025-11-04 09:20:00,3.2,,
2025-11-04 09:25:00,3.5,,
2025-11-04 09:30:00,3.6,,
2025-11-04 09:35:00,3.5,,
2025-11-04 09:40:00,3.6,,
2025-11-04 09:45:00,4.2,,
2025-11-04 09:50:00,4.7,,
2025-11-04 09:55:00,4.7,,
2025-11-04 10:00:00,4.8,,
2025-11-04 10:05:00,5.1,,
2025-11-04 10:10:00,5.5,,
2025-11-04 10:15:00,5.7,,
2025-11-04 10:20:00,5.7,,
2025-11-04 10:25:00,5.7,,
2025-11-04 10:30:00,5.9,,
2025-11-04 10:35:00,5.9,,
2025-11-04 10:40:00,6.1,,
2025-11-04 10:45:00,6.4,,
2025-11-04 10:50:00,6.7,,
2025-11-04 10:55:00,6.9,,
2025-11-04 11:00:00,7.0,,
2025-11-04 11:05:00,7.2,,
2025-11-04 11:10:00,7.4,,
2025-11-04 11:15:00,7.4,,
2025-11-04 11:20:00,7.4,,
2025-11-04 11:25:00,7.4,,
2025-11-04 11:30:00,7.2,,
2025-11-04 11:35:00,6.9,10.0,0.5
2025-11-04 11:40:00,6.8,,
2025-11-04 11:45:00,6.9,,
2025-11-04 11:50:00,7.1,,
2025-11-04 11:55:00,7.7,,
2025-11-04 12:00:00,8.0,,
2025-11-04 12:05:00,7.9,,
2025-11-04 12:10:00,8.1,,
2025-11-04 12:15:00,8.3,,
2025-11-04 12:20:00,8.5,,
2025-11-04 12:25:00,8.4,,
2025-11-04 12:30:00,8.5,,
2025-11-04 12:35:00,8.2,,
2025-11-04 12:40:00,7.8,,
2025-11-04 12:45:00,7.6,,
2025-11-04 12:50:00,7.5,,
2025-11-04 12:55:00,7.3,,
2025-11-04 13:00:00,6.9,,
2025-11-04 13:05:00,7.0,,
2025-11-04 13:10:00,7.1,,
2025-11-04 13:15:00,6.8,,
2025-11-04 13:20:00,6.6,,
2025-11-04 13:25:00,6.7,,
2025-11-04 13:30:00,6.3,,
2025-11-04 13:35:00,6.4,,
2025-11-04 13:40:00,6.5,,
2025-11-04 13:45:00,6.4,,
2025-11-04 13:50:00,6.3,,
2025-11-04 13:55:00,6.2,,
2025-11-04 14:00:00,6.2,,
2025-11-04 14:05:00,6.1,,
2025-11-04 14:10:00,5.9,,
2025-11-04 14:15:00,5.8,18.0,0.75
2025-11-04 14:20:00,5.7,,
2025-11-04 14:25:00,5.7,,
2025-11-04 14:30:00,6.3,,
2025-11-04 14:35:00,6.5,,
2025-11-04 14:40:00,7.2,,
2025-11-04 14:45:00,7.4,,
2025-11-04 14:50:00,7.0,,
2025-11-04 14:55:00,6.5,,
2025-11-04 15:00:00,5.8,,
2025-11-04 15:05:00,5.7,,
2025-11-04 15:10:00,5.4,,
2025-11-04 15:15:00,5.4,,
2025-11-04 15:20:00,5.2,,
2025-11-04 15:25:00,4.8,,
2025-11-04 15:30:00,4.6,,
2025-11-04 15:35:00,4.2,,
2025-11-04 15:40:00,4.3,,
2025-11-04 15:45:00,4.4,,
2025-11-04 15:50:00,4.3,,
2025-11-04 15:55:00,4.2,25.0,1.15
2025-11-04 16:00:00,4.2,,
2025-11-04 16:05:00,4.3,,
2025-11-04 16:10:00,4.4,,
2025-11-04 16:15:00,4.7,,
2025-11-04 16:20:00,4.9,,
2025-11-04 16:25:00,4.6,,
2025-11-04 16:30:00,4.4,,
2025-11-04 16:35:00,4.2,,
2025-11-04 16:40:00,4.2,,
2025-11-04 16:45:00,3.7,,
2025-11-04 16:50:00,3.1,,
2025-11-04 16:55:00,2.7,,
2025-11-04 17:00:00,2.7,,
2025-11-04 17:05:00,2.8,,
2025-11-04 17:10:00,3.4,,
2025-11-04 17:15:00,4.1,,
2025-11-04 17:20:00,4.3,,
2025-11-04 17:25:00,4.5,,
2025-11-04 17:30:00,4.4,,
2025-11-04 17:35:00,4.1,,
2025-11-04 17:40:00,4.1,,
2025-11-04 17:45:00,4.4,,
2025-11-04 17:50:00,4.4,,
2025-11-04 17:55:00,4.2,,
2025-11-04 18:00:00,4.1,7.0,0.35
2025-11-04 18:05:00,4.0,,
2025-11-04 18:10:00,4.2,,
2025-11-04 18:15:00,4.8,,
2025-11-04 18:20:00,4.7,12.0,0.6
2025-11-04 18:25:00,4.6,,
2025-11-04 18:30:00,4.6,,
2025-11-04 18:35:00,4.3,,
2025-11-04 18:40:00,3.9,,
2025-11-04 18:45:00,3.6,,
2025-11-04 18:50:00,3.2,,
2025-11-04 18:55:00,3.2,,
2025-11-04 19:00:00,3.5,,
2025-11-04 19:05:00,4.5,,
2025-11-04 19:10:00,5.3,5.0,0.25
2025-11-04 19:15:00,5.6,,
2025-11-04 19:20:00,5.9,,
2025-11-04 19:25:00,5.9,,
2025-11-04 19:30:00,6.0,,
2025-11-04 19:35:00,6.3,,
2025-11-04 19:40:00,6.2,,
2025-11-04 19:45:00,5.4,,
2025-11-04 19:50:00,5.3,,
2025-11-04 19:55:00,5.6,,
2025-11-04 20:00:00,6.0,,
2025-11-04 20:05:00,5.9,,
2025-11-04 20:10:00,6.1,,
2025-11-04 20:15:00,6.2,4.0,0.2
2025-11-04 20:20:00,5.8,,
2025-11-04 20:25:00,5.6,,
2025-11-04 20:30:00,6.3,,
2025-11-04 20:35:00,6.3,,
2025-11-04 20:40:00,6.4,,
2025-11-04 20:45:00,6.6,,
2025-11-04 20:50:00,6.4,,
2025-11-04 20:55:00,6.5,,
2025-11-04 21:00:00,6.3,,
2025-11-04 21:05:00,6.3,,
2025-11-04 21:10:00,6.2,,
2025-11-04 21:15:00,6.0,,
2025-11-04 21:20:00,6.3,,
2025-11-04 21:25:00,6.4,,
2025-11-04 21:30:00,7.1,,
2025-11-04 21:35:00,6.7,0.0,0.1
2025-11-04 21:40:00,7.4,0.0,0.05
2025-11-04 21:45:00,8.0,0.0,0.2
2025-11-04 21:50:00,8.4,,
2025-11-04 21:55:00,9.1,,
2025-11-04 22:00:00,9.5,,
2025-11-04 22:05:00,10.0,0.0,0.3
2025-11-04 22:10:00,10.4,,
2025-11-04 22:15:00,10.8,0.0,0.2
2025-11-04 22:20:00,11.2,,
2025-11-04 22:25:00,11.0,,
2025-11-04 22:30:00,11.0,0.0,0.2
2025-11-04 22:35:00,11.5,,
2025-11-04 22:40:00,11.7,0.0,0.2
2025-11-04 22:45:00,11.5,,
2025-11-04 22:50:00,11.3,,
2025-11-04 22:55:00,11.3,,
2025-11-04 23:00:00,11.2,,
2025-11-04 23:05:00,11.5,0.0,0.15
2025-11-04 23:10:00,11.7,0.0,0.1
2025-11-04 23:15:00,11.8,,
2025-11-04 23:20:00,11.6,,
2025-11-04 23:25:00,11.4,,
2025-11-04 23:30:00,11.4,,
2025-11-04 23:35:00,11.4,,
2025-11-04 23:40:00,11.4,,
2025-11-04 23:45:00,11.4,,
2025-11-04 23:50:00,11.4,,
2025-11-04 23:55:00,10.9,,
2025-11-05 00:00:00,11.2,,
2025-11-05 00:05:00,11.2,,
2025-11-05 00:10:00,10.8,,
2025-11-05 00:15:00,10.5,,
2025-11-05 00:20:00,10.3,,
2025-11-05 00:25:00,9.5,,
2025-11-05 00:30:00,9.6,,
2025-11-05 00:35:00,9.9,,
2025-11-05 00:40:00,10.2,,
2025-11-05 00:45:00,10.0,,
2025-11-05 00:50:00,10.1,,
2025-11-05 00:55:00,10.2,,
2025-11-05 01:00:00,10.2,,
2025-11-05 01:05:00,10.3,,
2025-11-05 01:10:00,10.4,,
2025-11-05 01:15:00,10.4,,
2025-11-05 01:20:00,10.3,,
2025-11-05 01:25:00,10.2,,
2025-11-05 01:30:00,10.2,,
2025-11-05 01:35:00,9.8,,
2025-11-05 01:40:00,9.5,,
2025-11-05 01:45:00,9.3,,
2025-11-05 01:50:00,9.3,,
2025-11-05 01:55:00,9.1,,
2025-11-05 02:00:00,9.0,,
2025-11-05 02:05:00,8.3,,
2025-11-05 02:10:00,8.8,,
2025-11-05 02:15:00,8.9,,
2025-11-05 02:20:00,8.7,,
2025-11-05 02:25:00,8.5,,
2025-11-05 02:30:00,8.5,,
2025-11-05 02:35:00,8.5,,
2025-11-05 02:40:00,8.7,,
2025-11-05 02:45:00,8.5,,
2025-11-05 02:50:00,8.5,,
2025-11-05 02:55:00,8.4,,
2025-11-05 03:00:00,8.2,,
2025-11-05 03:05:00,8.2,,
2025-11-05 03:10:00,7.7,,
2025-11-05 03:15:00,7.3,,
2025-11-05 03:20:00,7.8,,
2025-11-05 03:25:00,7.9,,
2025-11-05 03:30:00,7.7,,
2025-11-05 03:35:00,7.5,,
2025-11-05 03:40:00,7.4,0.0,0.1
2025-11-05 03:45:00,7.3,,
2025-11-05 03:50:00,7.2,,
2025-11-05 03:55:00,7.2,,
2025-11-05 04:00:00,6.9,,
2025-11-05 04:05:00,6.6,,
2025-11-05 04:10:00,6.4,,
2025-11-05 04:15:00,5.4,,
2025-11-05 04:20:00,5.6,,
2025-11-05 04:25:00,6.1,,
2025-11-05 04:30:00,6.1,,
2025-11-05 04:35:00,5.8,,
2025-11-05 04:40:00,5.8,,
2025-11-05 04:45:00,5.9,,
2025-11-05 04:50:00,5.8,,
2025-11-05 04:55:00,5.9,,
2025-11-05 05:00:00,5.9,,
2025-11-05 05:05:00,5.9,,
2025-11-05 05:10:00,6.1,,
2025-11-05 05:15:00,6.2,,
2025-11-05 05:20:00,6.1,,
2025-11-05 05:25:00,6.2,,
2025-11-05 05:30:00,5.9,,
2025-11-05 05:35:00,5.8,,
2025-11-05 05:40:00,5.8,,
2025-11-05 05:45:00,5.9,,
2025-11-05 05:50:00,6.1,,
2025-11-05 05:55:00,5.9,,
2025-11-05 06:00:00,6.1,,
2025-11-05 06:05:00,6.3,,
2025-11-05 06:10:00,6.1,,
2025-11-05 06:15:00,6.1,,
2025-11-05 06:20:00,6.5,,
2025-11-05 06:25:00,6.7,,
2025-11-05 06:30:00,6.7,,
2025-11-05 06:35:00,6.5,,
2025-11-05 06:40:00,6.4,,
2025-11-05 06:45:00,6.3,,
2025-11-05 06:50:00,6.3,,
2025-11-05 06:55:00,6.4,,
2025-11-05 07:00:00,6.5,,
2025-11-05 07:05:00,6.9,,
2025-11-05 07:10:00,6.8,,
2025-11-05 07:15:00,6.4,,
2025-11-05 07:20:00,6.9,0.0,0.2
2025-11-05 07:25:00,7.0,,
2025-11-05 07:30:00,7.7,,
2025-11-05 07:35:00,7.7,,
2025-11-05 07:40:00,7.7,,
2025-11-05 07:45:00,7.4,0.0,0.25
2025-11-05 07:50:00,7.0,,
2025-11-05 07:55:00,7.1,,
2025-11-05 08:00:00,6.7,,
2025-11-05 08:05:00,6.6,,
2025-11-05 08:10:00,6.5,,
2025-11-05 08:15:00,6.2,,
2025-11-05 08:20:00,6.2,30.0,1.6
2025-11-05 08:25:00,6.4,,
2025-11-05 08:30:00,6.5,,
2025-11-05 08:35:00,7.3,,
2025-11-05 08:40:00,7.7,5.0,0.25
2025-11-05 08:45:00,8.2,5.0,0.25
2025-11-05 08:50:00,8.0,,
2025-11-05 08:55:00,8.2,,
2025-11-05 09:00:00,8.4,,
2025-11-05 09:05:00,8.7,,
2025-11-05 09:10:00,8.3,,
2025-11-05 09:15:00,7.3,,
2025-11-05 09:20:00,6.9,,
2025-11-05 09:25:00,6.9,,
2025-11-05 09:30:00,6.6,,
2025-11-05 09:35:00,6.1,,
2025-11-05 09:40:00,5.8,,
2025-11-05 09:45:00,5.7,,
2025-11-05 09:50:00,5.7,,
2025-11-05 09:55:00,5.5,,
2025-11-05 10:00:00,5.2,,
2025-11-05 10:05:00,5.6,,
2025-11-05 10:10:00,6.1,,
2025-11-05 10:15:00,6.1,,
2025-11-05 10:20:00,6.3,,
2025-11-05 10:25:00,6.7,,
2025-11-05 10:30:00,6.8,,
2025-11-05 10:35:00,7.3,,
2025-11-05 10:40:00,7.5,,
2025-11-05 10:45:00,8.1,,
2025-11-05 10:50:00,8.4,,
2025-11-05 10:55:00,8.7,,
2025-11-05 11:00:00,8.5,,
2025-11-05 11:05:00,8.3,,
2025-11-05 11:10:00,8.2,,
2025-11-05 11:15:00,7.8,,
2025-11-05 11:20:00,7.8,,
2025-11-05 11:25:00,7.7,,
2025-11-05 11:30:00,7.6,20.0,1.05
2025-11-05 11:35:00,7.9,,
2025-11-05 11:40:00,8.0,,
2025-11-05 11:45:00,8.1,,
2025-11-05 11:50:00,7.8,,
2025-11-05 11:55:00,7.2,,
2025-11-05 12:00:00,6.9,,
2025-11-05 12:05:00,6.6,,
2025-11-05 12:10:00,6.2,,
2025-11-05 12:15:00,5.4,,
2025-11-05 12:20:00,4.7,,
2025-11-05 12:25:00,4.3,,
2025-11-05 12:30:00,4.3,,
2025-11-05 12:35:00,4.2,,
2025-11-05 12:40:00,4.5,,
2025-11-05 12:45:00,4.6,,
2025-11-05 12:50:00,4.6,,
2025-11-05 12:55:00,4.6,,
2025-11-05 13:00:00,4.7,,
2025-11-05 13:05:00,5.1,,
2025-11-05 13:10:00,5.4,,
2025-11-05 13:15:00,5.5,,
2025-11-05 13:20:00,5.6,,
2025-11-05 13:25:00,5.9,,
2025-11-05 13:30:00,6.2,,
2025-11-05 13:35:00,6.5,,
2025-11-05 13:40:00,6.7,,
2025-11-05 13:45:00,7.0,,
2025-11-05 13:50:00,6.9,,
2025-11-05 13:55:00,6.8,,
2025-11-05 14:00:00,6.5,,
2025-11-05 14:05:00,6.8,,
2025-11-05 14:10:00,6.5,,
2025-11-05 14:15:00,6.2,26.0,1.25
2025-11-05 14:20:00,6.3,,
2025-11-05 14:25:00,6.9,,
2025-11-05 14:30:00,7.8,,
2025-11-05 14:35:00,8.0,,
2025-11-05 14:40:00,7.7,,
2025-11-05 14:45:00,6.7,,
2025-11-05 14:50:00,6.7,,
2025-11-05 14:55:00,6.9,,
2025-11-05 15:00:00,6.5,,
2025-11-05 15:05:00,5.6,,
2025-11-05 15:10:00,5.1,,
2025-11-05 15:15:00,4.8,,
2025-11-05 15:20:00,4.3,,
2025-11-05 15:25:00,3.8,,
2025-11-05 15:30:00,3.5,,
2025-11-05 15:35:00,3.2,,
2025-11-05 15:40:00,3.1,,
2025-11-05 15:45:00,3.8,,
2025-11-05 15:50:00,4.2,20.0,0.9
2025-11-05 15:55:00,4.4,,
2025-11-05 16:00:00,4.6,,
2025-11-05 16:05:00,4.9,,
2025-11-05 16:10:00,5.3,,
2025-11-05 16:15:00,5.2,,
2025-11-05 16:20:00,5.4,,
2025-11-05 16:25:00,5.4,,
2025-11-05 16:30:00,5.3,,
2025-11-05 16:35:00,5.3,,
2025-11-05 16:40:00,5.6,,
2025-11-05 16:45:00,5.8,,
2025-11-05 16:50:00,6.3,,
2025-11-05 16:55:00,6.5,,
2025-11-05 17:00:00,6.9,,
2025-11-05 17:05:00,6.9,10.0,0.3
2025-11-05 17:10:00,7.5,5.0,0.0
2025-11-05 17:15:00,8.0,,
2025-11-05 17:20:00,8.8,4.0,0.2
2025-11-05 17:25:00,8.7,,
2025-11-05 17:30:00,8.6,,
2025-11-05 17:35:00,8.7,,
2025-11-05 17:40:00,10.3,,
2025-11-05 17:45:00,11.1,,
2025-11-05 17:50:00,11.4,,
2025-11-05 17:55:00,11.3,,
2025-11-05 18:00:00,12.4,,
2025-11-05 18:05:00,13.0,,
2025-11-05 18:10:00,13.0,,
2025-11-05 18:15:00,13.2,,
2025-11-05 18:20:00,13.8,,
2025-11-05 18:25:00,14.1,,
2025-11-05 18:30:00,14.1,0.0,1.2
2025-11-05 18:35:00,13.5,,
2025-11-05 18:40:00,13.8,,
2025-11-05 18:45:00,13.5,,
2025-11-05 18:50:00,13.6,,
2025-11-05 18:55:00,13.0,,
2025-11-05 19:00:00,11.3,,
2025-11-05 19:05:00,10.0,,
2025-11-05 19:10:00,8.9,5.0,0.25
2025-11-05 19:15:00,8.0,,
2025-11-05 19:20:00,7.3,,
2025-11-05 19:25:00,7.0,,
2025-11-05 19:30:00,6.6,10.0,0.5
2025-11-05 19:35:00,5.8,,
2025-11-05 19:40:00,5.9,,
2025-11-05 19:45:00,6.3,,
2025-11-05 19:50:00,6.5,5.0,0.25
2025-11-05 19:55:00,6.5,,
2025-11-05 20:00:00,6.2,,
2025-11-05 20:05:00,6.2,,
2025-11-05 20:10:00,6.1,,
2025-11-05 20:15:00,5.8,5.0,0.2
2025-11-05 20:20:00,5.5,,
2025-11-05 20:25:00,5.7,,
2025-11-05 20:30:00,6.1,,
2025-11-05 20:35:00,6.1,15.0,0.8
2025-11-05 20:40:00,5.7,,
2025-11-05 20:45:00,5.6,,
2025-11-05 20:50:00,5.9,,
2025-11-05 20:55:00,6.6,,
2025-11-05 21:00:00,6.7,,
2025-11-05 21:05:00,6.5,,
2025-11-05 21:10:00,6.7,,
2025-11-05 21:15:00,7.2,,
2025-11-05 21:20:00,7.0,,
2025-11-05 21:25:00,7.6,,
2025-11-05 21:30:00,8.4,,
2025-11-05 21:35:00,8.5,,
2025-11-05 21:40:00,7.9,,
2025-11-05 21:45:00,8.2,,
2025-11-05 21:50:00,9.5,,
2025-11-05 21:55:00,10.0,,
2025-11-05 22:00:00,10.7,,
2025-11-05 22:05:00,11.4,,
2025-11-05 22:10:00,12.2,,
2025-11-05 22:15:00,11.9,,
2025-11-05 22:20:00,11.5,,
2025-11-05 22:25:00,11.6,,
2025-11-05 22:30:00,11.9,,
2025-11-05 22:35:00,12.2,,
2025-11-05 22:40:00,12.5,,
2025-11-05 22:45:00,12.7,0.0,1.0
2025-11-05 22:50:00,12.3,,
2025-11-05 22:55:00,12.0,,
2025-11-05 23:00:00,12.2,,
2025-11-05 23:05:00,12.7,,
2025-11-05 23:10:00,12.5,,
2025-11-05 23:15:00,11.9,,
2025-11-05 23:20:00,12.1,,
2025-11-05 23:25:00,12.4,0.0,0.4
2025-11-05 23:30:00,12.6,,
2025-11-05 23:35:00,12.7,,
2025-11-05 23:40:00,12.7,,
2025-11-05 23:45:00,12.9,,
2025-11-05 23:50:00,13.0,0.0,0.5
2025-11-05 23:55:00,13.3,,
2025-11-06 00:00:00,13.9,,
2025-11-06 00:05:00,14.3,0.0,0.6
2025-11-06 00:10:00,14.6,0.0,0.3
2025-11-06 00:15:00,14.1,,
2025-11-06 00:20:00,13.4,,
2025-11-06 00:25:00,14.5,,
2025-11-06 00:30:00,14.7,,
2025-11-06 00:35:00,14.5,,
2025-11-06 00:40:00,14.3,,
2025-11-06 00:45:00,14.2,,
2025-11-06 00:50:00,13.9,,
2025-11-06 00:55:00,14.0,,
2025-11-06 01:00:00,13.4,,
2025-11-06 01:05:00,13.4,,
2025-11-06 01:10:00,13.4,,
2025-11-06 01:15:00,13.3,,
2025-11-06 01:20:00,13.2,,
2025-11-06 01:25:00,13.0,,
2025-11-06 01:30:00,12.9,,
2025-11-06 01:35:00,12.8,,
2025-11-06 01:40:00,12.2,0.0,0.5
2025-11-06 01:45:00,11.0,,
2025-11-06 01:50:00,10.9,,
2025-11-06 01:55:00,10.6,,
2025-11-06 02:00:00,10.8,,
2025-11-06 02:05:00,10.3,,
2025-11-06 02:10:00,10.5,,
2025-11-06 02:15:00,10.7,,
2025-11-06 02:20:00,10.3,,
2025-11-06 02:25:00,10.1,,
2025-11-06 02:30:00,9.8,,
2025-11-06 02:35:00,9.7,,
2025-11-06 02:40:00,9.4,,
2025-11-06 02:45:00,9.0,,
2025-11-06 02:50:00,8.6,,
2025-11-06 02:55:00,8.4,,
2025-11-06 03:00:00,8.2,,
2025-11-06 03:05:00,7.9,,
2025-11-06 03:10:00,7.3,,
2025-11-06 03:15:00,6.7,,
2025-11-06 03:20:00,6.8,,
2025-11-06 03:25:00,6.8,,
2025-11-06 03:30:00,6.5,,
2025-11-06 03:35:00,6.3,,
2025-11-06 03:40:00,5.8,,
2025-11-06 03:45:00,5.3,,
2025-11-06 03:50:00,5.4,,
2025-11-06 03:55:00,5.4,,
2025-11-06 04:00:00,5.4,,
2025-11-06 04:05:00,5.2,,
2025-11-06 04:10:00,4.9,,
2025-11-06 04:15:00,4.9,,
2025-11-06 04:20:00,4.8,,
2025-11-06 04:25:00,4.6,,
2025-11-06 04:30:00,4.6,,
2025-11-06 04:35:00,4.6,,
2025-11-06 04:40:00,4.7,,
2025-11-06 04:45:00,4.7,,
2025-11-06 04:50:00,4.8,,
2025-11-06 04:55:00,4.9,,
2025-11-06 05:00:00,5.0,,
2025-11-06 05:05:00,5.2,,
2025-11-06 05:10:00,5.3,,
2025-11-06 05:15:00,5.3,,
2025-11-06 05:20:00,5.5,,
2025-11-06 05:25:00,5.4,,
2025-11-06 05:30:00,5.2,,
2025-11-06 05:35:00,5.6,,
2025-11-06 05:40:00,5.7,,
2025-11-06 05:45:00,5.5,,
2025-11-06 05:50:00,5.4,,
2025-11-06 05:55:00,5.2,,
2025-11-06 06:00:00,5.1,,
2025-11-06 06:05:00,5.6,,
2025-11-06 06:10:00,5.6,,
2025-11-06 06:15:00,5.9,,
2025-11-06 06:20:00,6.2,,
2025-11-06 06:25:00,6.1,,
2025-11-06 06:30:00,6.1,0.0,0.2
2025-11-06 06:35:00,6.2,,
2025-11-06 06:40:00,6.0,,
2025-11-06 06:45:00,6.0,,
2025-11-06 06:50:00,6.2,0.0,0.15
2025-11-06 06:55:00,5.9,,
2025-11-06 07:00:00,5.7,,
2025-11-06 07:05:00,5.4,,
2025-11-06 07:10:00,5.2,,
2025-11-06 07:15:00,5.1,,
2025-11-06 07:20:00,4.9,,
2025-11-06 07:25:00,4.7,,
2025-11-06 07:30:00,4.7,,
2025-11-06 07:35:00,4.3,,
2025-11-06 07:40:00,3.9,,
2025-11-06 07:45:00,4.1,,
2025-11-06 07:50:00,4.1,,
2025-11-06 07:55:00,3.9,,
2025-11-06 08:00:00,4.1,,
2025-11-06 08:05:00,4.4,,
2025-11-06 08:10:00,4.6,8.0,0.4
2025-11-06 08:15:00,4.8,,
2025-11-06 08:20:00,5.1,10.0,0.55
2025-11-06 08:25:00,5.6,,
2025-11-06 08:30:00,6.4,,
2025-11-06 08:35:00,6.4,5.0,0.25
2025-11-06 08:40:00,6.4,,
2025-11-06 08:45:00,6.7,,
2025-11-06 08:50:00,7.0,,
2025-11-06 08:55:00,7.0,,
2025-11-06 09:00:00,6.9,,
2025-11-06 09:05:00,6.9,,
2025-11-06 09:10:00,6.8,,
2025-11-06 09:15:00,6.2,,
2025-11-06 09:20:00,6.1,,
2025-11-06 09:25:00,6.1,,
2025-11-06 09:30:00,6.2,,
2025-11-06 09:35:00,5.9,,
2025-11-06 09:40:00,5.7,,
2025-11-06 09:45:00,5.9,,
2025-11-06 09:50:00,6.0,,
2025-11-06 09:55:00,6.3,,
2025-11-06 10:00:00,6.3,,
2025-11-06 10:05:00,6.3,,
2025-11-06 10:10:00,6.1,,
2025-11-06 10:15:00,6.0,,
2025-11-06 10:20:00,6.2,,
2025-11-06 10:25:00,6.2,,
2025-11-06 10:30:00,6.2,,
2025-11-06 10:35:00,6.4,,
2025-11-06 10:40:00,6.5,,
2025-11-06 10:45:00,6.5,,
2025-11-06 10:50:00,6.3,,
2025-11-06 10:55:00,6.2,,
2025-11-06 11:00:00,6.5,,
2025-11-06 11:05:00,6.8,,
2025-11-06 11:10:00,6.9,,
2025-11-06 11:15:00,7.1,,
2025-11-06 11:20:00,7.4,,
2025-11-06 11:25:00,7.4,,
2025-11-06 11:30:00,7.2,,
2025-11-06 11:35:00,6.8,,
2025-11-06 11:40:00,6.5,10.0,0.5
2025-11-06 11:45:00,6.7,,
2025-11-06 11:50:00,7.9,,
2025-11-06 11:55:00,9.1,,
2025-11-06 12:00:00,10.2,,
2025-11-06 12:05:00,10.9,,
2025-11-06 12:10:00,11.8,,
2025-11-06 12:15:00,12.5,,
2025-11-06 12:20:00,13.0,,
2025-11-06 12:25:00,12.8,,
2025-11-06 12:30:00,12.5,,
2025-11-06 12:35:00,12.6,,
2025-11-06 12:40:00,12.1,,
2025-11-06 12:45:00,11.7,,
2025-11-06 12:50:00,11.5,,
2025-11-06 12:55:00,11.3,,
2025-11-06 13:00:00,11.2,,
2025-11-06 13:05:00,11.0,,
2025-11-06 13:10:00,10.4,,
2025-11-06 13:15:00,10.0,,
2025-11-06 13:20:00,9.6,,
2025-11-06 13:25:00,9.3,,
2025-11-06 13:30:00,8.7,,
2025-11-06 13:35:00,8.2,,
2025-11-06 13:40:00,8.0,,
2025-11-06 13:45:00,7.6,,
2025-11-06 13:50:00,7.2,,
2025-11-06 13:55:00,6.6,,
2025-11-06 14:00:00,6.4,,
2025-11-06 14:05:00,6.3,,
2025-11-06 14:10:00,6.1,,
2025-11-06 14:15:00,6.2,25.0,1.15
2025-11-06 14:20:00,5.9,,
2025-11-06 14:25:00,6.3,,
2025-11-06 14:30:00,6.9,,
2025-11-06 14:35:00,7.5,,
2025-11-06 14:40:00,7.9,,
2025-11-06 14:45:00,7.5,,
2025-11-06 14:50:00,7.2,,
2025-11-06 14:55:00,7.0,,
2025-11-06 15:00:00,6.4,,
2025-11-06 15:05:00,6.0,,
2025-11-06 15:10:00,5.8,,
2025-11-06 15:15:00,5.3,,
2025-11-06 15:20:00,5.2,,
2025-11-06 15:25:00,5.1,,
2025-11-06 15:30:00,4.7,,
2025-11-06 15:35:00,4.2,,
2025-11-06 15:40:00,3.7,,
2025-11-06 15:45:00,3.6,,
2025-11-06 15:50:00,3.4,25.0,1.25
2025-11-06 15:55:00,3.3,,
2025-11-06 16:00:00,3.2,,
2025-11-06 16:05:00,3.3,,
2025-11-06 16:10:00,3.9,,
2025-11-06 16:15:00,3.9,,
2025-11-06 16:20:00,3.7,,
2025-11-06 16:25:00,3.6,,
2025-11-06 16:30:00,3.3,,
2025-11-06 16:35:00,3.4,,
2025-11-06 16:40:00,3.8,,
2025-11-06 16:45:00,5.1,,
2025-11-06 16:50:00,6.4,,
2025-11-06 16:55:00,7.2,,
2025-11-06 17:00:00,6.8,12.0,0.6
2025-11-06 17:05:00,6.0,,
2025-11-06 17:10:00,5.4,,
2025-11-06 17:15:00,5.1,,
2025-11-06 17:20:00,4.9,,
2025-11-06 17:25:00,4.6,,
2025-11-06 17:30:00,4.3,,
2025-11-06 17:35:00,3.7,,
2025-11-06 17:40:00,3.4,,
2025-11-06 17:45:00,3.6,,
2025-11-06 17:50:00,3.7,,
2025-11-06 17:55:00,3.8,,
2025-11-06 18:00:00,4.4,,
2025-11-06 18:05:00,4.8,,
2025-11-06 18:10:00,5.1,,
2025-11-06 18:15:00,4.7,,
2025-11-06 18:20:00,4.6,,
2025-11-06 18:25:00,4.4,,
2025-11-06 18:30:00,3.9,,
2025-11-06 18:35:00,3.8,,
2025-11-06 18:40:00,3.7,,
2025-11-06 18:45:00,4.1,15.0,0.75
2025-11-06 18:50:00,4.8,5.0,0.25
2025-11-06 18:55:00,5.3,,
2025-11-06 19:00:00,5.8,5.0,0.25
2025-11-06 19:05:00,5.3,,
2025-11-06 19:10:00,5.4,,
2025-11-06 19:15:00,5.1,,
2025-11-06 19:20:00,4.5,,
2025-11-06 19:25:00,4.7,,
2025-11-06 19:30:00,4.6,,
2025-11-06 19:35:00,4.7,,
2025-11-06 19:40:00,5.1,,
2025-11-06 19:45:00,4.9,,
2025-11-06 19:50:00,4.8,,
2025-11-06 19:55:00,4.3,,
2025-11-06 20:00:00,4.6,,
2025-11-06 20:05:00,5.1,,
2025-11-06 20:10:00,5.0,5.0,0.25
2025-11-06 20:15:00,5.7,,
2025-11-06 20:20:00,6.5,,
2025-11-06 20:25:00,7.2,,
2025-11-06 20:30:00,7.9,15.0,0.7
2025-11-06 20:35:00,7.8,,
2025-11-06 20:40:00,7.7,,
2025-11-06 20:45:00,8.0,,
2025-11-06 20:50:00,7.1,,
2025-11-06 20:55:00,5.8,,
2025-11-06 21:00:00,4.7,,
2025-11-06 21:05:00,3.9,,
2025-11-06 21:10:00,3.8,,
2025-11-06 21:15:00,3.9,,
2025-11-06 21:20:00,4.0,,
2025-11-06 21:25:00,4.2,,
2025-11-06 21:30:00,4.8,,
2025-11-06 21:35:00,4.8,,
2025-11-06 21:40:00,5.4,,
2025-11-06 21:45:00,6.0,,
2025-11-06 21:50:00,6.4,,
2025-11-06 21:55:00,7.0,,
2025-11-06 22:00:00,7.7,,
2025-11-06 22:05:00,8.2,0.0,0.7
2025-11-06 22:10:00,8.5,,
2025-11-06 22:15:00,9.0,,
2025-11-06 22:20:00,9.3,,
2025-11-06 22:25:00,9.5,,
2025-11-06 22:30:00,9.5,,
2025-11-06 22:35:00,8.7,,
2025-11-06 22:40:00,8.1,,
2025-11-06 22:45:00,8.3,,
2025-11-06 22:50:00,8.2,,
2025-11-06 22:55:00,8.0,,
2025-11-06 23:00:00,8.1,,
2025-11-06 23:05:00,8.8,0.0,0.2
2025-11-06 23:10:00,8.9,,
2025-11-06 23:15:00,9.2,,
2025-11-06 23:20:00,9.5,,
2025-11-06 23:25:00,9.8,,
2025-11-06 23:30:00,9.9,0.0,0.35
2025-11-06 23:35:00,10.0,,
2025-11-06 23:40:00,9.8,,
2025-11-06 23:45:00,9.2,,
2025-11-06 23:50:00,9.3,,
2025-11-06 23:55:00,9.0,,
2025-11-07 00:00:00,9.0,,
2025-11-07 00:05:00,9.0,,
2025-11-07 00:10:00,9.0,,
2025-11-07 00:15:00,9.1,,
2025-11-07 00:20:00,9.1,,
2025-11-07 00:25:00,9.1,,
2025-11-07 00:30:00,9.0,,
2025-11-07 00:35:00,8.9,,
2025-11-07 00:40:00,8.9,,
2025-11-07 00:45:00,8.6,,
2025-11-07 00:50:00,8.2,,
2025-11-07 00:55:00,8.1,,
2025-11-07 01:00:00,7.9,,
2025-11-07 01:05:00,7.4,,
2025-11-07 01:10:00,7.1,,
2025-11-07 01:15:00,6.8,,
2025-11-07 01:20:00,6.7,,
2025-11-07 01:25:00,6.7,,
2025-11-07 01:30:00,6.7,,
2025-11-07 01:35:00,6.6,,
2025-11-07 01:40:00,6.6,,
2025-11-07 01:45:00,6.5,,
2025-11-07 01:50:00,6.5,,
2025-11-07 01:55:00,6.3,,
2025-11-07 02:00:00,6.1,,
2025-11-07 02:05:00,5.6,,
2025-11-07 02:10:00,5.2,,
2025-11-07 02:15:00,5.7,,
2025-11-07 02:20:00,5.8,,
2025-11-07 02:25:00,5.7,,
2025-11-07 02:30:00,5.6,,
2025-11-07 02:35:00,5.7,,
2025-11-07 02:40:00,5.8,,
2025-11-07 02:45:00,5.7,,
2025-11-07 02:50:00,5.7,,
2025-11-07 02:55:00,5.8,,
2025-11-07 03:00:00,5.9,,
2025-11-07 03:05:00,5.8,,
2025-11-07 03:10:00,5.6,,
2025-11-07 03:15:00,5.5,,
2025-11-07 03:20:00,5.6,,
2025-11-07 03:25:00,5.4,,
2025-11-07 03:30:00,5.4,,
2025-11-07 03:35:00,5.7,,
2025-11-07 03:40:00,5.8,,
2025-11-07 03:45:00,5.9,,
2025-11-07 03:50:00,5.8,,
2025-11-07 03:55:00,6.2,,
2025-11-07 04:00:00,6.3,,
2025-11-07 04:05:00,6.2,,
2025-11-07 04:10:00,6.3,,
2025-11-07 04:15:00,6.2,,
2025-11-07 04:20:00,5.7,,
2025-11-07 04:25:00,5.7,,
2025-11-07 04:30:00,5.8,,
2025-11-07 04:35:00,5.9,,
2025-11-07 04:40:00,6.1,,
2025-11-07 04:45:00,6.2,,
2025-11-07 04:50:00,6.3,,
2025-11-07 04:55:00,6.4,,
2025-11-07 05:00:00,6.6,,
2025-11-07 05:05:00,6.8,,
2025-11-07 05:10:00,7.0,,
2025-11-07 05:15:00,7.1,,
2025-11-07 05:20:00,7.0,,
2025-11-07 05:25:00,7.0,,
2025-11-07 05:30:00,6.8,,
2025-11-07 05:35:00,6.9,,
2025-11-07 05:40:00,7.2,,
2025-11-07 05:45:00,7.0,,
2025-11-07 05:50:00,7.0,,
2025-11-07 05:55:00,6.9,,
2025-11-07 06:00:00,6.9,,
2025-11-07 06:05:00,7.0,,
2025-11-07 06:10:00,6.7,,
2025-11-07 06:15:00,6.4,,
2025-11-07 06:20:00,6.6,,
2025-11-07 06:25:00,6.7,,
2025-11-07 06:30:00,6.7,,
2025-11-07 06:35:00,6.8,,
2025-11-07 06:40:00,7.3,,
2025-11-07 06:45:00,7.5,,
2025-11-07 06:50:00,7.6,,
2025-11-07 06:55:00,7.6,,
2025-11-07 07:00:00,7.9,,
2025-11-07 07:05:00,7.7,,
2025-11-07 07:10:00,7.7,,
2025-11-07 07:15:00,8.1,,
2025-11-07 07:20:00,8.0,0.0,0.45
2025-11-07 07:25:00,7.9,,
2025-11-07 07:30:00,7.4,,
2025-11-07 07:35:00,7.1,,
2025-11-07 07:40:00,6.6,,
2025-11-07 07:45:00,6.2,,
2025-11-07 07:50:00,6.1,,
2025-11-07 07:55:00,5.7,,
2025-11-07 08:00:00,5.4,30.0,1.65
2025-11-07 08:05:00,5.6,,
2025-11-07 08:10:00,5.4,,
2025-11-07 08:15:00,5.0,,
2025-11-07 08:20:00,5.1,,
2025-11-07 08:25:00,6.1,,
2025-11-07 08:30:00,7.1,,
2025-11-07 08:35:00,7.9,,
2025-11-07 08:40:00,9.3,5.0,0.25
2025-11-07 08:45:00,9.4,,
2025-11-07 08:50:00,9.8,,
2025-11-07 08:55:00,10.2,,
2025-11-07 09:00:00,9.7,,
2025-11-07 09:05:00,8.7,,
2025-11-07 09:10:00,6.9,,
2025-11-07 09:15:00,6.2,,
2025-11-07 09:20:00,6.3,,
2025-11-07 09:25:00,6.6,,
2025-11-07 09:30:00,7.0,,
2025-11-07 09:35:00,6.7,,
2025-11-07 09:40:00,6.7,,
2025-11-07 09:45:00,6.6,,
2025-11-07 09:50:00,6.4,,
2025-11-07 09:55:00,6.6,,
2025-11-07 10:00:00,6.2,,
2025-11-07 10:05:00,5.7,,
2025-11-07 10:10:00,5.7,,
2025-11-07 10:15:00,5.2,,
2025-11-07 10:20:00,5.1,,
2025-11-07 10:25:00,5.3,,
2025-11-07 10:30:00,5.1,,
2025-11-07 10:35:00,4.9,,
2025-11-07 10:40:00,4.9,,
2025-11-07 10:45:00,4.9,,
2025-11-07 10:50:00,5.2,,
2025-11-07 10:55:00,5.0,,
2025-11-07 11:00:00,4.8,,
2025-11-07 11:05:00,4.7,,
2025-11-07 11:10:00,4.7,,
2025-11-07 11:15:00,4.8,,
2025-11-07 11:20:00,4.8,,
2025-11-07 11:25:00,4.7,,
2025-11-07 11:30:00,4.7,,
2025-11-07 11:35:00,4.7,30.0,1.2
2025-11-07 11:40:00,5.2,,
2025-11-07 11:45:00,5.7,,
2025-11-07 11:50:00,5.9,,
2025-11-07 11:55:00,5.8,,
2025-11-07 12:00:00,5.2,,
2025-11-07 12:05:00,4.8,,
2025-11-07 12:10:00,4.7,,
2025-11-07 12:15:00,5.1,,
2025-11-07 12:20:00,5.6,,
2025-11-07 12:25:00,5.9,,
2025-11-07 12:30:00,5.8,,
2025-11-07 12:35:00,6.1,,
2025-11-07 12:40:00,6.1,,
2025-11-07 12:45:00,5.4,,
2025-11-07 12:50:00,4.7,,
2025-11-07 12:55:00,4.1,,
2025-11-07 13:00:00,4.3,,
2025-11-07 13:05:00,4.8,,
2025-11-07 13:10:00,5.4,,
2025-11-07 13:15:00,6.0,,
2025-11-07 13:20:00,6.3,,
2025-11-07 13:25:00,6.4,,
2025-11-07 13:30:00,7.0,,
2025-11-07 13:35:00,7.3,,
2025-11-07 13:40:00,7.5,,
2025-11-07 13:45:00,7.8,,
2025-11-07 13:50:00,7.9,,
2025-11-07 13:55:00,7.7,,
2025-11-07 14:00:00,7.7,,
2025-11-07 14:05:00,7.9,,
2025-11-07 14:10:00,8.5,,
2025-11-07 14:15:00,9.3,22.0,1.5
2025-11-07 14:20:00,9.3,,
2025-11-07 14:25:00,9.9,,
2025-11-07 14:30:00,10.7,,
2025-11-07 14:35:00,11.0,,
2025-11-07 14:40:00,10.2,,
2025-11-07 14:45:00,9.3,,
2025-11-07 14:50:00,8.9,,
2025-11-07 14:55:00,9.3,,
2025-11-07 15:00:00,9.3,,
2025-11-07 15:05:00,9.8,,
2025-11-07 15:10:00,10.0,,
2025-11-07 15:15:00,10.5,,
2025-11-07 15:20:00,10.7,,
2025-11-07 15:25:00,11.0,,
2025-11-07 15:30:00,11.3,,
2025-11-07 15:35:00,11.3,,
2025-11-07 15:40:00,11.1,,
2025-11-07 15:45:00,11.1,,
2025-11-07 15:50:00,11.4,20.0,1.3
2025-11-07 15:55:00,11.8,,
2025-11-07 16:00:00,12.5,,
2025-11-07 16:05:00,13.0,,
2025-11-07 16:10:00,13.5,,
2025-11-07 16:15:00,13.0,,
2025-11-07 16:20:00,12.0,,
2025-11-07 16:25:00,12.8,,
2025-11-07 16:30:00,13.2,,
2025-11-07 16:35:00,12.6,0.0,0.3
2025-11-07 16:40:00,12.0,,
2025-11-07 16:45:00,11.8,,
2025-11-07 16:50:00,11.7,,
2025-11-07 16:55:00,11.3,0.0,0.1
2025-11-07 17:00:00,10.4,,
2025-11-07 17:05:00,9.8,,
2025-11-07 17:10:00,9.3,,
2025-11-07 17:15:00,8.8,,
2025-11-07 17:20:00,8.1,,
2025-11-07 17:25:00,7.7,,
2025-11-07 17:30:00,7.3,,
2025-11-07 17:35:00,7.0,,
2025-11-07 17:40:00,6.5,,
2025-11-07 17:45:00,6.1,,
2025-11-07 17:50:00,5.9,,
2025-11-07 17:55:00,5.8,,
2025-11-07 18:00:00,5.7,,
2025-11-07 18:05:00,5.8,,
2025-11-07 18:10:00,5.6,,
2025-11-07 18:15:00,5.6,,
2025-11-07 18:20:00,5.6,,
2025-11-07 18:25:00,5.6,,
2025-11-07 18:30:00,5.6,,
2025-11-07 18:35:00,5.6,,
2025-11-07 18:40:00,5.7,,
2025-11-07 18:45:00,5.6,,
2025-11-07 18:50:00,5.4,,
2025-11-07 18:55:00,5.1,,
2025-11-07 19:00:00,4.8,,
2025-11-07 19:05:00,4.3,,
2025-11-07 19:10:00,3.7,,
2025-11-07 19:15:00,3.6,,
2025-11-07 19:20:00,3.8,,
2025-11-07 19:25:00,4.2,,
2025-11-07 19:30:00,4.1,15.0,0.75
2025-11-07 19:35:00,4.3,,
2025-11-07 19:40:00,4.5,,
2025-11-07 19:45:00,4.3,,
2025-11-07 19:50:00,4.2,,
2025-11-07 19:55:00,3.6,,
2025-11-07 20:00:00,3.1,,
2025-11-07 20:05:00,3.3,15.0,0.75
2025-11-07 20:10:00,3.5,,
2025-11-07 20:15:00,3.8,,
2025-11-07 20:20:00,4.3,,
2025-11-07 20:25:00,4.3,0.0,0.15
2025-11-07 20:30:00,3.9,,
2025-11-07 20:35:00,3.2,,
2025-11-07 20:40:00,2.6,,
2025-11-07 20:45:00,2.4,,
2025-11-07 20:50:00,2.9,,
2025-11-07 20:55:00,3.7,,
2025-11-07 21:00:00,3.8,,
2025-11-07 21:05:00,4.2,,
2025-11-07 21:10:00,4.2,,
2025-11-07 21:15:00,4.4,,
2025-11-07 21:20:00,4.6,,
2025-11-07 21:25:00,4.6,,
2025-11-07 21:30:00,5.1,,
2025-11-07 21:35:00,5.1,,
2025-11-07 21:40:00,5.4,,
2025-11-07 21:45:00,5.6,,
2025-11-07 21:50:00,6.0,,
2025-11-07 21:55:00,6.4,,
2025-11-07 22:00:00,6.7,,
2025-11-07 22:05:00,6.9,,
2025-11-07 22:10:00,7.2,,
2025-11-07 22:15:00,7.5,,
2025-11-07 22:20:00,7.8,,
2025-11-07 22:25:00,8.0,,
2025-11-07 22:30:00,8.5,,
2025-11-07 22:35:00,8.9,,
2025-11-07 22:40:00,9.0,,
2025-11-07 22:45:00,9.3,,
2025-11-07 22:50:00,9.5,,
2025-11-07 22:55:00,9.9,,
2025-11-07 23:00:00,9.8,,
2025-11-07 23:05:00,9.7,,
2025-11-07 23:10:00,8.9,,
2025-11-07 23:15:00,9.0,,
2025-11-07 23:20:00,10.1,,
2025-11-07 23:25:00,10.5,,
2025-11-07 23:30:00,10.5,,
2025-11-07 23:35:00,10.5,,
2025-11-07 23:40:00,10.4,,
2025-11-07 23:45:00,10.3,,
2025-11-07 23:50:00,11.2,,
2025-11-07 23:55:00,10.9,,
2025-11-10 00:00:00,10.8,,
2025-11-10 00:05:00,10.5,,
2025-11-10 00:10:00,10.3,,
2025-11-10 00:15:00,10.2,,
2025-11-10 00:20:00,9.9,,
2025-11-10 00:25:00,9.6,,
2025-11-10 00:30:00,8.8,,
2025-11-10 00:35:00,8.3,,
2025-11-10 00:40:00,8.2,,
2025-11-10 00:45:00,7.9,,
2025-11-10 00:50:00,7.8,,
2025-11-10 00:55:00,7.7,,
2025-11-10 01:00:00,7.3,,
2025-11-10 01:05:00,7.2,,
2025-11-10 01:10:00,6.9,,
2025-11-10 01:15:00,6.7,,
2025-11-10 01:20:00,6.4,,
2025-11-10 01:25:00,5.9,,
2025-11-10 01:30:00,5.5,,
2025-11-10 01:35:00,5.1,,
2025-11-10 01:40:00,5.9,,
2025-11-10 01:45:00,5.7,,
2025-11-10 01:50:00,5.4,,
2025-11-10 01:55:00,5.4,,
2025-11-10 02:00:00,5.2,,
2025-11-10 02:05:00,5.0,,
2025-11-10 02:10:00,5.1,,
2025-11-10 02:15:00,4.9,,
2025-11-10 02:20:00,4.9,,
2025-11-10 02:25:00,4.9,,
2025-11-10 02:30:00,4.9,,
2025-11-10 02:35:00,4.9,,
2025-11-10 02:40:00,5.0,,
2025-11-10 02:45:00,5.1,,
2025-11-10 02:50:00,5.1,,
2025-11-10 02:55:00,5.2,,
2025-11-10 03:00:00,5.3,,
2025-11-10 03:05:00,5.2,,
2025-11-10 03:10:00,4.9,,
2025-11-10 03:15:00,4.9,,
2025-11-10 03:20:00,4.9,,
2025-11-10 03:25:00,4.7,,
2025-11-10 03:30:00,4.9,,
2025-11-10 03:35:00,5.1,,
2025-11-10 03:40:00,5.0,,
2025-11-10 03:45:00,5.1,,
2025-11-10 03:50:00,5.2,,
2025-11-10 03:55:00,5.4,,
2025-11-10 04:00:00,5.2,,
2025-11-10 04:05:00,5.2,,
2025-11-10 04:10:00,4.8,,
2025-11-10 04:15:00,5.0,,
2025-11-10 04:20:00,5.0,,
2025-11-10 04:25:00,5.1,,
2025-11-10 04:30:00,4.9,,
2025-11-10 04:35:00,4.8,,
2025-11-10 04:40:00,5.3,,
2025-11-10 04:45:00,5.6,,
2025-11-10 04:50:00,5.4,,
2025-11-10 04:55:00,5.3,,
2025-11-10 05:00:00,5.5,,
2025-11-10 05:05:00,5.7,,
2025-11-10 05:10:00,5.9,,
2025-11-10 05:15:00,6.1,,
2025-11-10 05:20:00,6.3,,
2025-11-10 05:25:00,6.4,,
2025-11-10 05:30:00,6.5,,
2025-11-10 05:35:00,6.7,,
2025-11-10 05:40:00,6.3,,
2025-11-10 05:45:00,6.4,,
2025-11-10 05:50:00,6.6,,
2025-11-10 05:55:00,6.3,,
2025-11-10 06:00:00,6.3,,
2025-11-10 06:05:00,6.3,,
2025-11-10 06:10:00,6.0,,
2025-11-10 06:15:00,6.1,,
2025-11-10 06:20:00,6.1,,
2025-11-10 06:25:00,5.8,,
2025-11-10 06:30:00,5.9,,
2025-11-10 06:35:00,6.2,,
2025-11-10 06:40:00,6.3,,
2025-11-10 06:45:00,6.2,,
2025-11-10 06:50:00,6.2,,
2025-11-10 06:55:00,6.3,,
2025-11-10 07:00:00,6.4,,
2025-11-10 07:05:00,6.5,,
2025-11-10 07:10:00,6.8,0.0,0.2
2025-11-10 07:15:00,7.0,,
2025-11-10 07:20:00,6.8,,
2025-11-10 07:25:00,6.7,,
2025-11-10 07:30:00,7.0,,
2025-11-10 07:35:00,6.6,,
2025-11-10 07:40:00,6.3,,
2025-11-10 07:45:00,5.9,,
2025-11-10 07:50:00,6.1,,
2025-11-10 07:55:00,5.7,,
2025-11-10 08:00:00,5.4,,
2025-11-10 08:05:00,5.2,,
2025-11-10 08:10:00,5.3,35.0,1.5
2025-11-10 08:15:00,5.4,,
2025-11-10 08:20:00,5.9,5.0,0.25
2025-11-10 08:25:00,6.5,,
2025-11-10 08:30:00,7.1,,
2025-11-10 08:35:00,7.7,,
2025-11-10 08:40:00,8.5,,
2025-11-10 08:45:00,9.3,,
2025-11-10 08:50:00,9.5,,
2025-11-10 08:55:00,9.7,,
2025-11-10 09:00:00,9.5,8.0,0.4
2025-11-10 09:05:00,10.2,,
2025-11-10 09:10:00,9.9,,
2025-11-10 09:15:00,8.9,,
2025-11-10 09:20:00,8.9,,
2025-11-10 09:25:00,8.8,,
2025-11-10 09:30:00,9.1,,
2025-11-10 09:35:00,9.0,,
2025-11-10 09:40:00,8.5,,
2025-11-10 09:45:00,8.3,,
2025-11-10 09:50:00,8.1,,
2025-11-10 09:55:00,7.9,,
2025-11-10 10:00:00,7.5,,
2025-11-10 10:05:00,7.4,,
2025-11-10 10:10:00,6.9,,
2025-11-10 10:15:00,6.8,,
2025-11-10 10:20:00,6.7,,
2025-11-10 10:25:00,6.2,,
2025-11-10 10:30:00,6.1,,
2025-11-10 10:35:00,6.1,,
2025-11-10 10:40:00,5.9,,
2025-11-10 10:45:00,5.8,,
2025-11-10 10:50:00,5.8,,
2025-11-10 10:55:00,5.8,,
2025-11-10 11:00:00,5.4,,
2025-11-10 11:05:00,5.1,,
2025-11-10 11:10:00,4.9,,
2025-11-10 11:15:00,4.7,,
2025-11-10 11:20:00,4.7,,
2025-11-10 11:25:00,5.1,,
2025-11-10 11:30:00,4.9,,
2025-11-10 11:35:00,5.1,10.0,0.5
2025-11-10 11:40:00,5.0,,
2025-11-10 11:45:00,4.9,,
2025-11-10 11:50:00,5.4,,
2025-11-10 11:55:00,6.1,,
2025-11-10 12:00:00,6.4,,
2025-11-10 12:05:00,6.8,,
2025-11-10 12:10:00,6.8,,
2025-11-10 12:15:00,6.2,,
2025-11-10 12:20:00,6.3,,
2025-11-10 12:25:00,6.4,,
2025-11-10 12:30:00,6.6,,
2025-11-10 12:35:00,6.5,,
2025-11-10 12:40:00,6.9,,
2025-11-10 12:45:00,6.3,,
2025-11-10 12:50:00,6.1,,
2025-11-10 12:55:00,6.1,,
2025-11-10 13:00:00,5.6,,
2025-11-10 13:05:00,5.3,,
2025-11-10 13:10:00,5.3,,
2025-11-10 13:15:00,4.9,,
2025-11-10 13:20:00,4.8,,
2025-11-10 13:25:00,4.3,,
2025-11-10 13:30:00,3.6,,
2025-11-10 13:35:00,3.3,,
2025-11-10 13:40:00,3.2,,
2025-11-10 13:45:00,2.9,,
2025-11-10 13:50:00,3.0,,
2025-11-10 13:55:00,3.7,,
2025-11-10 14:00:00,4.3,,
2025-11-10 14:05:00,4.6,,
2025-11-10 14:10:00,5.2,,
2025-11-10 14:15:00,5.8,22.0,1.1
2025-11-10 14:20:00,5.9,,
2025-11-10 14:25:00,5.2,,
2025-11-10 14:30:00,6.0,,
2025-11-10 14:35:00,7.4,,
2025-11-10 14:40:00,8.4,,
2025-11-10 14:45:00,8.4,,
2025-11-10 14:50:00,8.3,,
2025-11-10 14:55:00,8.2,,
2025-11-10 15:00:00,7.9,,
2025-11-10 15:05:00,7.9,,
2025-11-10 15:10:00,7.9,,
2025-11-10 15:15:00,7.8,,
2025-11-10 15:20:00,7.4,,
2025-11-10 15:25:00,7.3,,
2025-11-10 15:30:00,7.1,,
2025-11-10 15:35:00,6.8,,
2025-11-10 15:40:00,6.3,,
2025-11-10 15:45:00,5.8,,
2025-11-10 15:50:00,5.7,,
2025-11-10 15:55:00,5.3,,
2025-11-10 16:00:00,5.0,,
2025-11-10 16:05:00,4.8,,
2025-11-10 16:10:00,4.7,20.0,1.0
2025-11-10 16:15:00,4.8,,
2025-11-10 16:20:00,5.3,,
2025-11-10 16:25:00,5.8,,
2025-11-10 16:30:00,6.4,,
2025-11-10 16:35:00,6.4,,
2025-11-10 16:40:00,6.2,,
2025-11-10 16:45:00,5.8,,
2025-11-10 16:50:00,5.0,,
2025-11-10 16:55:00,4.7,,
2025-11-10 17:00:00,4.2,,
2025-11-10 17:05:00,4.3,,
2025-11-10 17:10:00,4.7,,
2025-11-10 17:15:00,4.8,,
2025-11-10 17:20:00,4.7,,
2025-11-10 17:25:00,4.7,,
2025-11-10 17:30:00,4.8,,
2025-11-10 17:35:00,4.6,,
2025-11-10 17:40:00,4.9,,
2025-11-10 17:45:00,4.9,,
2025-11-10 17:50:00,4.9,,
2025-11-10 17:55:00,5.1,,
2025-11-10 18:00:00,5.3,,
2025-11-10 18:05:00,5.1,,
2025-11-10 18:10:00,4.8,10.0,0.5
2025-11-10 18:15:00,5.2,,
2025-11-10 18:20:00,5.3,,
2025-11-10 18:25:00,5.2,,
2025-11-10 18:30:00,5.4,,
2025-11-10 18:35:00,5.3,,
2025-11-10 18:40:00,5.2,,
2025-11-10 18:45:00,4.9,,
2025-11-10 18:50:00,5.0,,
2025-11-10 18:55:00,5.2,,
2025-11-10 19:00:00,5.4,,
2025-11-10 19:05:00,5.1,,
2025-11-10 19:10:00,5.3,,
2025-11-10 19:15:00,4.9,,
2025-11-10 19:20:00,4.3,,
2025-11-10 19:25:00,3.8,,
2025-11-10 19:30:00,3.5,,
2025-11-10 19:35:00,3.3,20.0,1.0
2025-11-10 19:40:00,3.4,10.0,0.5
2025-11-10 19:45:00,3.8,,
2025-11-10 19:50:00,4.8,,
2025-11-10 19:55:00,5.1,,
2025-11-10 20:00:00,4.7,,
2025-11-10 20:05:00,3.9,,
2025-11-10 20:10:00,2.9,,
2025-11-10 20:15:00,3.2,,
2025-11-10 20:20:00,3.7,,
2025-11-10 20:25:00,3.6,,
2025-11-10 20:30:00,3.6,10.0,0.5
2025-11-10 20:35:00,4.3,,
2025-11-10 20:40:00,4.2,,
2025-11-10 20:45:00,3.9,,
2025-11-10 20:50:00,3.6,,
2025-11-10 20:55:00,2.8,,
2025-11-10 21:00:00,2.2,,
2025-11-10 21:05:00,0.1,,
2025-11-10 21:10:00,2.5,,
2025-11-10 21:15:00,2.6,,
2025-11-10 21:20:00,3.2,,
2025-11-10 21:25:00,3.9,,
2025-11-10 21:30:00,4.1,,
2025-11-10 21:35:00,4.4,,
2025-11-10 21:40:00,4.4,,
2025-11-10 21:45:00,4.5,,
2025-11-10 21:50:00,4.0,,
2025-11-10 21:55:00,4.6,,
2025-11-10 22:00:00,5.3,,
2025-11-10 22:05:00,5.9,,
2025-11-10 22:10:00,6.5,0.0,0.4
2025-11-10 22:15:00,7.0,,
2025-11-10 22:20:00,7.6,,
2025-11-10 22:25:00,8.3,,
2025-11-10 22:30:00,8.9,0.0,0.4
2025-11-10 22:35:00,9.8,0.0,0.25
2025-11-10 22:40:00,10.3,,
2025-11-10 22:45:00,10.2,,
2025-11-10 22:50:00,9.9,,
2025-11-10 22:55:00,10.0,,
2025-11-10 23:00:00,9.7,,
2025-11-10 23:05:00,9.6,,
2025-11-10 23:10:00,10.0,,
2025-11-10 23:15:00,9.9,,
2025-11-10 23:20:00,9.8,,
2025-11-10 23:25:00,9.8,,
2025-11-10 23:30:00,9.8,,
2025-11-10 23:35:00,9.8,,
2025-11-10 23:40:00,9.9,,
2025-11-10 23:45:00,9.5,,
2025-11-10 23:50:00,9.6,,
2025-11-10 23:55:00,9.4,,
2025-11-11 00:00:00,8.7,,
2025-11-11 00:05:00,8.4,,
2025-11-11 00:10:00,8.5,,
2025-11-11 00:15:00,8.9,,
2025-11-11 00:20:00,8.9,,
2025-11-11 00:25:00,9.2,,
2025-11-11 00:30:00,9.1,,
2025-11-11 00:35:00,9.5,,
2025-11-11 00:40:00,9.9,,
2025-11-11 00:45:00,9.4,,
2025-11-11 00:50:00,9.4,,
2025-11-11 00:55:00,9.8,0.0,0.55
2025-11-11 01:00:00,,,
2025-11-11 01:05:00,9.1,,
2025-11-11 01:10:00,8.6,,
2025-11-11 01:15:00,8.8,,
2025-11-11 01:20:00,8.9,,
2025-11-11 01:25:00,8.8,,
2025-11-11 01:30:00,9.0,,
2025-11-11 01:35:00,8.7,,
2025-11-11 01:40:00,8.4,,
2025-11-11 01:45:00,8.3,,
2025-11-11 01:50:00,8.1,,
2025-11-11 01:55:00,7.5,,
2025-11-11 02:00:00,6.8,,
2025-11-11 02:05:00,7.0,,
2025-11-11 02:10:00,7.1,,
2025-11-11 02:15:00,6.8,,
2025-11-11 02:20:00,6.7,,
2025-11-11 02:25:00,6.6,,
2025-11-11 02:30:00,6.7,,
2025-11-11 02:35:00,6.5,,
2025-11-11 02:40:00,6.2,,
2025-11-11 02:45:00,6.3,,
2025-11-11 02:50:00,6.3,,
2025-11-11 02:55:00,6.0,,
2025-11-11 03:00:00,6.1,,
2025-11-11 03:05:00,5.8,,
2025-11-11 03:10:00,5.7,,
2025-11-11 03:15:00,5.4,,
2025-11-11 03:20:00,4.8,,
2025-11-11 03:25:00,5.2,,
2025-11-11 03:30:00,5.3,,
2025-11-11 03:35:00,5.4,,
2025-11-11 03:40:00,5.6,,
2025-11-11 03:45:00,5.6,,
2025-11-11 03:50:00,5.7,,
2025-11-11 03:55:00,5.7,,
2025-11-11 04:00:00,5.8,,
2025-11-11 04:05:00,5.8,,
2025-11-11 04:10:00,6.1,,
2025-11-11 04:15:00,6.0,,
2025-11-11 04:20:00,5.9,,
2025-11-11 04:25:00,5.4,,
2025-11-11 04:30:00,5.3,,
2025-11-11 04:35:00,5.1,,
2025-11-11 04:40:00,5.3,,
2025-11-11 04:45:00,5.6,,
2025-11-11 04:50:00,5.7,,
2025-11-11 04:55:00,5.8,,
2025-11-11 05:00:00,5.8,,
2025-11-11 05:05:00,5.9,,
2025-11-11 05:10:00,5.7,,
2025-11-11 05:15:00,5.9,,
2025-11-11 05:20:00,5.9,,
2025-11-11 05:25:00,5.8,,
2025-11-11 05:30:00,6.0,,
2025-11-11 05:35:00,6.0,,
2025-11-11 05:40:00,6.2,,
2025-11-11 05:45:00,6.0,,
2025-11-11 05:50:00,5.7,,
2025-11-11 05:55:00,6.0,,
2025-11-11 06:00:00,6.3,,
2025-11-11 06:05:00,6.2,,
2025-11-11 06:10:00,6.0,,
2025-11-11 06:15:00,6.2,,
2025-11-11 06:20:00,6.1,,
2025-11-11 06:25:00,5.7,,
2025-11-11 06:30:00,6.0,,
2025-11-11 06:35:00,6.2,,
2025-11-11 06:40:00,6.4,,
2025-11-11 06:45:00,6.5,,
2025-11-11 06:50:00,6.8,,
2025-11-11 06:55:00,7.1,,
2025-11-11 07:00:00,7.2,,
2025-11-11 07:05:00,,,
2025-11-11 07:10:00,,0.0,0.25
2025-11-11 07:15:00,6.1,,
2025-11-11 07:20:00,7.6,,
2025-11-11 07:25:00,7.7,,
2025-11-11 07:30:00,7.5,,
2025-11-11 07:35:00,7.2,,
2025-11-11 07:40:00,6.5,,
2025-11-11 07:45:00,,,
2025-11-11 07:50:00,,,
2025-11-11 07:55:00,,,
2025-11-11 08:00:00,,,
2025-11-11 08:05:00,,,
2025-11-11 08:10:00,,,
2025-11-11 08:15:00,,,
2025-11-11 08:20:00,,30.0,1.65
2025-11-11 08:26:00,5.3,,
2025-11-11 08:31:00,5.2,5.0,0.25
2025-11-11 08:36:00,5.4,,
2025-11-11 08:41:00,5.2,,
2025-11-11 08:46:00,5.5,,
2025-11-11 08:51:00,6.9,,
2025-11-11 08:56:00,7.3,,
2025-11-11 09:01:00,7.3,,
2025-11-11 09:06:00,7.1,,
2025-11-11 09:11:00,6.1,,
2025-11-11 09:16:00,5.6,,
2025-11-11 09:21:00,5.4,,
2025-11-11 09:26:00,4.9,,
2025-11-11 09:31:00,5.0,,
2025-11-11 09:36:00,4.7,,
2025-11-11 09:41:00,4.4,,
2025-11-11 09:46:00,4.5,,
2025-11-11 09:51:00,4.1,,
2025-11-11 09:56:00,4.1,,
2025-11-11 10:01:00,4.2,,
2025-11-11 10:06:00,3.9,,
2025-11-11 10:11:00,4.1,,
2025-11-11 10:16:00,3.7,,
2025-11-11 10:21:00,3.8,,
2025-11-11 10:26:00,3.7,,
2025-11-11 10:31:00,4.1,,
2025-11-11 10:36:00,3.8,,
2025-11-11 10:41:00,4.3,,
2025-11-11 10:46:00,3.7,,
2025-11-11 10:51:00,4.1,,
2025-11-11 10:56:00,4.5,,
2025-11-11 11:01:00,4.7,,
2025-11-11 11:06:00,4.2,,
2025-11-11 11:11:00,4.8,,
2025-11-11 11:16:00,5.9,,
2025-11-11 11:21:00,6.5,,
2025-11-11 11:26:00,6.9,,
2025-11-11 11:31:00,6.7,,
2025-11-11 11:36:00,6.7,8.0,0.5
2025-11-11 11:41:00,6.5,,
2025-11-11 11:46:00,6.5,,
2025-11-11 11:51:00,7.3,,
2025-11-11 11:56:00,8.4,,
2025-11-11 12:01:00,8.5,,
2025-11-11 12:06:00,8.5,,
2025-11-11 12:11:00,8.5,,
2025-11-11 12:16:00,9.3,,
2025-11-11 12:21:00,9.3,,
2025-11-11 12:26:00,9.2,,
2025-11-11 12:31:00,9.3,,
2025-11-11 12:36:00,9.5,,
2025-11-11 12:41:00,9.4,,
2025-11-11 12:46:00,9.5,,
2025-11-11 12:51:00,8.9,,
2025-11-11 12:56:00,8.9,,
2025-11-11 13:01:00,8.7,,
2025-11-11 13:06:00,8.7,,
2025-11-11 13:11:00,8.4,,
2025-11-11 13:16:00,8.0,,
2025-11-11 13:21:00,7.5,,
2025-11-11 13:26:00,7.2,,
2025-11-11 13:31:00,7.3,,
2025-11-11 13:36:00,7.3,,
2025-11-11 13:41:00,6.8,,
2025-11-11 13:46:00,6.2,,
2025-11-11 13:51:00,5.8,,
2025-11-11 13:56:00,5.6,,
2025-11-11 14:01:00,5.4,,
2025-11-11 14:06:00,5.2,,
2025-11-11 14:11:00,4.9,,
2025-11-11 14:16:00,4.8,20.0,0.6
2025-11-11 14:21:00,4.7,,
2025-11-11 14:26:00,4.7,,
2025-11-11 14:31:00,6.4,,
2025-11-11 14:36:00,7.7,,
2025-11-11 14:41:00,8.3,,
2025-11-11 14:46:00,8.4,,
2025-11-11 14:51:00,8.3,,
2025-11-11 14:56:00,8.1,,
2025-11-11 15:01:00,7.9,,
2025-11-11 15:06:00,7.5,,
2025-11-11 15:11:00,7.5,,
2025-11-11 15:16:00,7.4,,
2025-11-11 15:21:00,7.1,,
2025-11-11 15:26:00,6.9,,
2025-11-11 15:31:00,6.7,,
2025-11-11 15:36:00,6.3,,
2025-11-11 15:41:00,6.5,,
2025-11-11 15:46:00,6.2,,
2025-11-11 15:51:00,6.1,,
2025-11-11 15:56:00,6.3,,
2025-11-11 16:01:00,5.8,,
2025-11-11 16:06:00,5.7,,
2025-11-11 16:11:00,6.8,,
2025-11-11 16:16:00,8.1,,
2025-11-11 16:21:00,8.7,0.0,0.35
2025-11-11 16:26:00,10.0,,
2025-11-11 16:31:00,10.2,15.0,1.0
2025-11-11 16:36:00,9.2,,
2025-11-11 16:41:00,10.0,,
2025-11-11 16:46:00,10.5,,
2025-11-11 16:51:00,10.2,,
2025-11-11 16:56:00,9.5,,
2025-11-11 17:01:00,8.7,,
2025-11-11 17:06:00,8.2,,
2025-11-11 17:11:00,7.3,,
2025-11-11 17:16:00,5.6,,
2025-11-11 17:21:00,4.6,,
2025-11-11 17:26:00,3.8,,
2025-11-11 17:31:00,3.4,,
2025-11-11 17:36:00,3.2,,
2025-11-11 17:41:00,3.2,,
2025-11-11 17:46:00,3.3,,
2025-11-11 17:51:00,3.3,,
2025-11-11 17:56:00,4.2,,
2025-11-11 18:01:00,5.1,,
2025-11-11 18:06:00,5.3,15.0,0.75
2025-11-11 18:11:00,5.2,,
2025-11-11 18:16:00,5.8,,
2025-11-11 18:21:00,6.0,,
2025-11-11 18:26:00,5.7,,
2025-11-11 18:31:00,5.8,,
2025-11-11 18:36:00,5.9,,
2025-11-11 18:41:00,5.7,,
2025-11-11 18:46:00,5.4,,
2025-11-11 18:51:00,5.8,,
2025-11-11 18:56:00,6.4,,
2025-11-11 19:01:00,6.8,,
2025-11-11 19:06:00,7.0,,
2025-11-11 19:11:00,7.0,,
2025-11-11 19:16:00,7.1,0.0,0.15
2025-11-11 19:21:00,7.0,,
2025-11-11 19:26:00,7.0,,
2025-11-11 19:31:00,6.6,0.0,0.1
2025-11-11 19:36:00,5.8,,
2025-11-11 19:41:00,4.6,,
2025-11-11 19:46:00,3.6,,
2025-11-11 19:51:00,3.3,,
2025-11-11 19:56:00,3.5,,
2025-11-11 20:01:00,4.2,,
2025-11-11 20:06:00,4.9,0.0,0.2
2025-11-11 20:11:00,5.4,,
2025-11-11 20:16:00,5.8,,
2025-11-11 20:21:00,6.4,,
2025-11-11 20:26:00,6.6,15.0,0.75
2025-11-11 20:31:00,7.0,,
2025-11-11 20:36:00,7.7,5.0,0.25
2025-11-11 20:41:00,7.8,,
2025-11-11 20:46:00,8.3,,
2025-11-11 20:51:00,9.2,,
2025-11-11 20:56:00,9.3,,
2025-11-11 21:01:00,9.9,5.0,0.25
2025-11-11 21:06:00,8.9,,
2025-11-11 21:11:00,8.1,,
2025-11-11 21:16:00,7.7,,
2025-11-11 21:21:00,7.6,,
2025-11-11 21:26:00,7.5,,
2025-11-11 21:31:00,7.3,,
2025-11-11 21:36:00,7.5,,
2025-11-11 21:41:00,7.5,,
2025-11-11 21:47:00,7.4,,
2025-11-11 21:52:00,7.8,,
2025-11-11 21:56:00,7.7,,
2025-11-11 22:01:00,8.0,,
2025-11-11 22:06:00,8.1,,
2025-11-11 22:11:00,7.7,0.0,0.15
2025-11-11 22:16:00,7.2,,
2025-11-11 22:21:00,6.9,,
2025-11-11 22:26:00,7.0,,
2025-11-11 22:31:00,7.7,,
2025-11-11 22:36:00,8.3,,
2025-11-11 22:41:00,8.4,0.0,0.3
2025-11-11 22:46:00,8.3,,
2025-11-11 22:51:00,9.2,,
2025-11-11 22:56:00,9.8,,
2025-11-11 23:01:00,10.2,0.0,0.5
2025-11-11 23:06:00,10.2,,
2025-11-11 23:11:00,10.2,,
2025-11-11 23:16:00,10.6,,
2025-11-11 23:21:00,11.2,,
2025-11-11 23:26:00,11.6,,
2025-11-11 23:31:00,12.0,,
2025-11-11 23:36:00,11.5,,
2025-11-11 23:41:00,11.8,,
2025-11-11 23:46:00,12.4,,
2025-11-11 23:51:00,12.2,,
2025-11-11 23:56:00,12.0,,
2025-11-12 00:01:00,12.3,,
2025-11-12 00:06:00,11.8,,
2025-11-12 00:11:00,12.3,,
2025-11-12 00:16:00,12.5,,
2025-11-12 00:21:00,12.5,,
2025-11-12 00:26:00,12.2,0.0,0.9
2025-11-12 00:31:00,12.7,,
2025-11-12 00:36:00,13.0,,
2025-11-12 00:41:00,13.0,,
2025-11-12 00:46:00,13.0,,
2025-11-12 00:51:00,13.0,,
2025-11-12 00:56:00,13.0,,
2025-11-12 01:01:00,12.4,,
2025-11-12 01:06:00,12.1,,
2025-11-12 01:11:00,12.2,,
2025-11-12 01:16:00,11.8,,
2025-11-12 01:21:00,11.5,,
2025-11-12 01:26:00,11.7,,
2025-11-12 01:31:00,11.5,,
2025-11-12 01:36:00,11.5,,
2025-11-12 01:41:00,11.0,,
2025-11-12 01:46:00,10.1,,
2025-11-12 01:51:00,10.2,,
2025-11-12 01:56:00,9.9,,
2025-11-12 02:01:00,9.0,,
2025-11-12 02:06:00,8.5,,
2025-11-12 02:11:00,8.0,,
2025-11-12 02:16:00,7.7,,
2025-11-12 02:21:00,7.5,,
2025-11-12 02:26:00,7.3,,
2025-11-12 02:31:00,7.3,,
2025-11-12 02:36:00,7.2,,
2025-11-12 02:41:00,6.8,,
2025-11-12 02:46:00,6.5,,
2025-11-12 02:51:00,6.2,,
2025-11-12 02:56:00,5.9,,
2025-11-12 03:01:00,5.2,,
2025-11-12 03:06:00,5.6,,
2025-11-12 03:11:00,5.4,,
2025-11-12 03:16:00,5.1,,
2025-11-12 03:21:00,4.8,,
2025-11-12 03:26:00,4.3,,
2025-11-12 03:31:00,4.8,,
2025-11-12 03:36:00,4.2,,
2025-11-12 03:41:00,3.9,,
2025-11-12 03:46:00,4.2,,
2025-11-12 03:51:00,3.7,,
2025-11-12 03:56:00,3.7,,
2025-11-12 04:01:00,3.7,,
2025-11-12 04:06:00,3.4,,
2025-11-12 04:11:00,3.3,,
2025-11-12 04:16:00,3.0,,
2025-11-12 04:21:00,2.8,,
2025-11-12 04:26:00,2.8,,
2025-11-12 04:31:00,2.9,,
2025-11-12 04:36:00,2.9,,
2025-11-12 04:41:00,2.8,,
2025-11-12 04:46:00,2.7,,
2025-11-12 04:51:00,3.0,,
2025-11-12 04:56:00,3.7,,
2025-11-12 05:01:00,3.3,,
2025-11-12 05:06:00,3.9,,
2025-11-12 05:11:00,4.1,,
2025-11-12 05:16:00,5.6,,
2025-11-12 05:21:00,6.1,,
2025-11-12 05:26:00,5.9,,
2025-11-12 05:31:00,6.2,,
2025-11-12 05:36:00,6.3,,
2025-11-12 05:41:00,6.2,,
2025-11-12 05:46:00,5.3,,
2025-11-12 05:51:00,5.9,,
2025-11-12 05:56:00,6.4,,
2025-11-12 06:01:00,6.4,,
2025-11-12 06:06:00,6.3,,
2025-11-12 06:11:00,6.5,,
2025-11-12 06:16:00,6.5,,
2025-11-12 06:21:00,6.5,,
2025-11-12 06:26:00,6.8,,
2025-11-12 06:31:00,7.0,,
2025-11-12 06:36:00,6.7,,
2025-11-12 06:41:00,7.2,,
2025-11-12 06:46:00,7.5,,
2025-11-12 06:51:00,6.4,,
2025-11-12 06:56:00,6.7,,
2025-11-12 07:01:00,7.4,,
2025-11-12 07:06:00,7.5,,
2025-11-12 07:11:00,7.3,,
2025-11-12 07:16:00,7.2,,
2025-11-12 07:21:00,7.1,,
2025-11-12 07:26:00,7.3,0.0,0.2
2025-11-12 07:31:00,7.3,,
2025-11-12 07:36:00,7.7,,
2025-11-12 07:41:00,7.5,,
2025-11-12 07:46:00,7.2,,
2025-11-12 07:51:00,7.0,,
2025-11-12 07:56:00,6.6,,
2025-11-12 08:01:00,6.7,,
2025-11-12 08:06:00,6.7,,
2025-11-12 08:11:00,5.3,,
2025-11-12 08:16:00,5.4,,
2025-11-12 08:21:00,5.4,32.0,1.75
2025-11-12 08:26:00,5.5,,
2025-11-12 08:31:00,5.6,,
2025-11-12 08:36:00,5.8,,
2025-11-12 08:41:00,6.1,,
2025-11-12 08:46:00,6.3,,
2025-11-12 08:51:00,5.9,,
2025-11-12 08:56:00,5.8,,
2025-11-12 09:01:00,5.4,,
2025-11-12 09:06:00,4.9,,
2025-11-12 09:11:00,4.4,,
2025-11-12 09:16:00,4.1,,
2025-11-12 09:21:00,3.9,,
2025-11-12 09:26:00,3.8,,
2025-11-12 09:31:00,4.4,,
2025-11-12 09:36:00,4.3,,
2025-11-12 09:41:00,4.2,,
2025-11-12 09:46:00,4.1,,
2025-11-12 09:51:00,4.1,,
2025-11-12 09:56:00,3.9,,
2025-11-12 10:01:00,3.8,,
2025-11-12 10:06:00,4.1,,
2025-11-12 10:11:00,3.8,,
2025-11-12 10:16:00,3.8,,
2025-11-12 10:21:00,4.0,,
2025-11-12 10:26:00,3.8,,
2025-11-12 10:31:00,4.0,,
2025-11-12 10:36:00,3.9,,
2025-11-12 10:41:00,4.0,,
2025-11-12 10:46:00,4.2,,
2025-11-12 10:51:00,4.4,,
2025-11-12 10:56:00,4.5,,
2025-11-12 11:01:00,4.7,,
2025-11-12 11:06:00,4.7,,
2025-11-12 11:11:00,4.7,,
2025-11-12 11:16:00,4.8,,
2025-11-12 11:21:00,5.1,,
2025-11-12 11:26:00,5.2,,
2025-11-12 11:31:00,5.2,,
2025-11-12 11:36:00,5.3,13.0,0.55
2025-11-12 11:41:00,5.2,,
2025-11-12 11:46:00,5.3,,
2025-11-12 11:51:00,5.7,,
2025-11-12 11:56:00,6.4,,
2025-11-12 12:01:00,7.6,,
2025-11-12 12:06:00,8.3,,
2025-11-12 12:11:00,9.2,,
2025-11-12 12:16:00,9.5,,
2025-11-12 12:21:00,10.4,,
2025-11-12 12:26:00,10.3,,
2025-11-12 12:31:00,11.0,,
2025-11-12 12:36:00,11.5,,
2025-11-12 12:41:00,11.3,,
2025-11-12 12:46:00,10.9,,
2025-11-12 12:51:00,11.1,,
2025-11-12 12:56:00,11.4,,
2025-11-12 13:01:00,11.1,,
2025-11-12 13:06:00,11.4,,
2025-11-12 13:11:00,11.2,,
2025-11-12 13:16:00,11.3,,
2025-11-12 13:21:00,11.1,,
2025-11-12 13:26:00,10.9,,
2025-11-12 13:31:00,10.5,,
2025-11-12 13:36:00,10.4,,
2025-11-12 13:41:00,9.9,,
2025-11-12 13:46:00,9.5,,
2025-11-12 13:51:00,8.8,,
2025-11-12 13:56:00,8.0,,
2025-11-12 14:01:00,7.3,,
2025-11-12 14:06:00,7.1,,
2025-11-12 14:11:00,7.0,,
2025-11-12 14:16:00,6.1,17.0,0.45
2025-11-12 14:21:00,5.4,,
2025-11-12 14:26:00,5.4,,
2025-11-12 14:31:00,6.5,,
2025-11-12 14:36:00,6.9,,
2025-11-12 14:41:00,7.1,,
2025-11-12 14:46:00,6.9,,
2025-11-12 14:51:00,7.7,,
2025-11-12 14:56:00,8.0,,
2025-11-12 15:01:00,8.2,,
2025-11-12 15:06:00,8.5,,
2025-11-12 15:11:00,8.2,,
2025-11-12 15:16:00,7.3,,
2025-11-12 15:21:00,7.0,,
2025-11-12 15:26:00,6.8,,
2025-11-12 15:31:00,6.3,,
2025-11-12 15:36:00,6.1,,
2025-11-12 15:41:00,5.6,,
2025-11-12 15:46:00,5.2,,
2025-11-12 15:51:00,4.6,30.0,1.5
2025-11-12 15:56:00,4.3,,
2025-11-12 16:01:00,4.1,,
2025-11-12 16:06:00,4.4,,
2025-11-12 16:11:00,5.0,,
2025-11-12 16:16:00,4.9,,
2025-11-12 16:21:00,4.8,,
2025-11-12 16:26:00,4.2,,
2025-11-12 16:31:00,3.9,,
2025-11-12 16:36:00,3.4,,
2025-11-12 16:41:00,3.1,,
2025-11-12 16:46:00,3.0,,
2025-11-12 16:51:00,3.0,,
2025-11-12 16:56:00,2.9,,
2025-11-12 17:01:00,3.0,5.0,0.25
2025-11-12 17:06:00,3.0,,
2025-11-12 17:11:00,3.2,,
2025-11-12 17:16:00,3.7,,
2025-11-12 17:21:00,4.6,,
2025-11-12 17:26:00,4.7,,
2025-11-12 17:31:00,4.4,,
2025-11-12 17:36:00,4.8,,
2025-11-12 17:41:00,5.8,,
2025-11-12 17:46:00,5.9,,
2025-11-12 17:51:00,6.1,,
2025-11-12 17:56:00,6.3,,
2025-11-12 18:01:00,6.4,,
2025-11-12 18:06:00,7.0,,
2025-11-12 18:11:00,7.0,,
2025-11-12 18:16:00,7.5,0.0,0.2
2025-11-12 18:21:00,7.9,,
2025-11-12 18:26:00,8.3,,
2025-11-12 18:31:00,8.1,,
2025-11-12 18:36:00,8.0,,
2025-11-12 18:41:00,8.7,,
2025-11-12 18:46:00,8.7,,
2025-11-12 18:51:00,9.0,0.0,0.35
2025-11-12 18:56:00,9.5,0.0,0.2
2025-11-12 19:01:00,9.7,,
2025-11-12 19:06:00,10.0,,
2025-11-12 19:11:00,9.8,,
2025-11-12 19:16:00,9.4,,
2025-11-12 19:21:00,10.1,0.0,0.3
2025-11-12 19:26:00,10.0,,
2025-11-12 19:31:00,10.4,15.0,0.75
2025-11-12 19:36:00,10.2,,
2025-11-12 19:41:00,10.8,5.0,0.25
2025-11-12 19:46:00,11.4,,
2025-11-12 19:51:00,11.2,,
2025-11-12 19:56:00,10.8,,
2025-11-12 20:01:00,11.8,,
2025-11-12 20:06:00,11.3,,
2025-11-12 20:11:00,10.0,,
2025-11-12 20:16:00,8.7,,
2025-11-12 20:21:00,7.7,,
2025-11-12 20:26:00,6.6,,
2025-11-12 20:31:00,5.6,,
2025-11-12 20:36:00,4.8,,
2025-11-12 20:41:00,3.6,,
2025-11-12 20:46:00,2.4,,
2025-11-12 20:51:00,2.4,,
2025-11-12 20:56:00,3.1,,
2025-11-12 21:01:00,2.8,,
2025-11-12 21:06:00,2.8,,
2025-11-12 21:11:00,2.7,,
2025-11-12 21:16:00,3.4,,
2025-11-12 21:21:00,3.9,,
2025-11-12 21:26:00,4.3,,
2025-11-12 21:31:00,4.6,,
2025-11-12 21:36:00,4.4,,
2025-11-12 21:41:00,4.2,,
2025-11-12 21:46:00,3.8,,
2025-11-12 21:51:00,3.9,,
2025-11-12 21:56:00,4.4,,
2025-11-12 22:01:00,4.8,,
2025-11-12 22:06:00,5.2,,
2025-11-12 22:11:00,5.3,,
2025-11-12 22:16:00,5.6,,
2025-11-12 22:21:00,5.8,,
2025-11-12 22:26:00,6.1,,
2025-11-12 22:31:00,6.2,,
2025-11-12 22:36:00,6.5,,
2025-11-12 22:41:00,6.2,,
2025-11-12 22:46:00,5.9,,
2025-11-12 22:51:00,6.5,,
2025-11-12 22:56:00,7.0,,
2025-11-12 23:01:00,6.9,,
2025-11-12 23:06:00,7.2,,
2025-11-12 23:11:00,7.4,,
2025-11-12 23:16:00,7.5,,
2025-11-12 23:21:00,7.7,,
2025-11-12 23:26:00,7.9,,
2025-11-12 23:31:00,8.2,,
2025-11-12 23:36:00,8.4,,
2025-11-12 23:41:00,8.3,,
2025-11-12 23:46:00,8.3,,
2025-11-12 23:51:00,8.0,,
2025-11-12 23:56:00,8.2,,
2025-11-13 00:01:00,8.4,,
2025-11-13 00:06:00,8.6,,
2025-11-13 00:11:00,8.7,,
2025-11-13 00:16:00,8.7,0.0,0.3
2025-11-13 00:21:00,8.3,,
2025-11-13 00:26:00,8.0,,
2025-11-13 00:31:00,8.2,,
2025-11-13 00:36:00,8.1,,
2025-11-13 00:41:00,8.2,,
2025-11-13 00:46:00,8.2,,
2025-11-13 00:51:00,8.1,,
2025-11-13 00:56:00,8.1,,
2025-11-13 01:01:00,7.9,,
2025-11-13 01:06:00,7.2,,
2025-11-13 01:11:00,7.6,,
2025-11-13 01:16:00,7.7,,
2025-11-13 01:21:00,7.4,,
2025-11-13 01:26:00,7.2,,
2025-11-13 01:31:00,7.0,,
2025-11-13 01:36:00,6.7,,
2025-11-13 01:41:00,6.8,,
2025-11-13 01:46:00,6.5,,
2025-11-13 01:51:00,6.4,,
2025-11-13 01:56:00,6.6,,
2025-11-13 02:01:00,6.7,,
2025-11-13 02:06:00,6.8,,
2025-11-13 02:11:00,6.8,,
2025-11-13 02:16:00,6.8,,
2025-11-13 02:21:00,7.0,,
2025-11-13 02:26:00,7.1,,
2025-11-13 02:31:00,7.2,,
2025-11-13 02:36:00,7.3,,
2025-11-13 02:41:00,7.0,,
2025-11-13 02:46:00,6.8,,
2025-11-13 02:51:00,6.7,,
2025-11-13 02:56:00,6.6,,
2025-11-13 03:01:00,6.6,,
2025-11-13 03:06:00,6.7,,
2025-11-13 03:11:00,6.8,,
2025-11-13 03:16:00,6.8,,
2025-11-13 03:21:00,6.7,,
2025-11-13 03:26:00,6.8,,
2025-11-13 03:31:00,6.9,,
2025-11-13 03:36:00,7.0,,
2025-11-13 03:41:00,6.8,,
2025-11-13 03:46:00,7.3,,
2025-11-13 03:51:00,7.4,,
2025-11-13 03:56:00,7.4,,
2025-11-13 04:01:00,7.4,,
2025-11-13 04:06:00,6.3,,
2025-11-13 04:11:00,6.3,,
2025-11-13 04:16:00,7.4,,
2025-11-13 04:21:00,7.9,,
2025-11-13 04:26:00,7.7,,
2025-11-13 04:31:00,8.0,,
2025-11-13 04:36:00,8.3,,
2025-11-13 04:41:00,8.9,,
2025-11-13 04:46:00,9.0,,
2025-11-13 04:51:00,9.2,,
2025-11-13 04:56:00,9.4,,
2025-11-13 05:01:00,9.6,,
2025-11-13 05:06:00,9.8,,
2025-11-13 05:11:00,9.9,,
2025-11-13 05:16:00,10.0,,
2025-11-13 05:21:00,10.0,,
2025-11-13 05:26:00,9.9,,
2025-11-13 05:31:00,10.3,,
2025-11-13 05:36:00,10.4,0.0,0.7
2025-11-13 05:41:00,10.3,,
2025-11-13 05:46:00,9.9,,
2025-11-13 05:51:00,9.4,,
2025-11-13 05:56:00,9.2,,
2025-11-13 06:01:00,9.0,,
2025-11-13 06:06:00,8.9,,
2025-11-13 06:11:00,8.3,,
2025-11-13 06:16:00,7.7,,
2025-11-13 06:21:00,8.0,,
2025-11-13 06:26:00,8.4,,
2025-11-13 06:31:00,8.1,,
2025-11-13 06:36:00,7.9,,
2025-11-13 06:41:00,7.7,,
2025-11-13 06:46:00,7.2,,
2025-11-13 06:51:00,5.9,,
2025-11-13 06:56:00,6.0,,
2025-11-13 07:01:00,7.1,,
2025-11-13 07:06:00,7.3,,
2025-11-13 07:11:00,7.0,,
2025-11-13 07:16:00,7.0,,
2025-11-13 07:21:00,7.2,,
2025-11-13 07:26:00,7.2,,
2025-11-13 07:31:00,7.2,,
2025-11-13 07:36:00,7.3,,
2025-11-13 07:41:00,7.4,,
2025-11-13 07:46:00,7.5,,
2025-11-13 07:51:00,7.3,0.0,0.25
2025-11-13 07:56:00,7.2,,
2025-11-13 08:01:00,7.4,,
2025-11-13 08:06:00,7.0,,
2025-11-13 08:11:00,7.1,,
2025-11-13 08:16:00,6.7,,
2025-11-13 08:21:00,6.3,,
2025-11-13 08:26:00,5.8,35.0,1.9
2025-11-13 08:31:00,5.5,,
2025-11-13 08:36:00,5.4,,
2025-11-13 08:41:00,5.8,,
2025-11-13 08:46:00,6.2,,
2025-11-13 08:51:00,6.7,,
2025-11-13 08:56:00,8.3,,
2025-11-13 09:01:00,8.8,,
2025-11-13 09:06:00,8.3,,
2025-11-13 09:11:00,7.0,,
2025-11-13 09:16:00,6.2,,
2025-11-13 09:21:00,5.7,,
2025-11-13 09:26:00,5.9,,
2025-11-13 09:31:00,5.9,,
2025-11-13 09:36:00,5.6,,
2025-11-13 09:41:00,5.4,,
2025-11-13 09:46:00,5.4,,
2025-11-13 09:51:00,5.4,,
2025-11-13 09:56:00,4.9,,
2025-11-13 10:01:00,4.8,,
2025-11-13 10:06:00,4.7,,
2025-11-13 10:11:00,4.9,,
2025-11-13 10:16:00,4.8,,
2025-11-13 10:21:00,4.7,,
2025-11-13 10:26:00,5.0,,
2025-11-13 10:31:00,4.9,,
2025-11-13 10:36:00,5.3,,
2025-11-13 10:41:00,5.3,,
2025-11-13 10:46:00,5.3,,
2025-11-13 10:51:00,5.4,,
2025-11-13 10:56:00,5.2,,
2025-11-13 11:01:00,5.2,,
2025-11-13 11:06:00,4.9,,
2025-11-13 11:11:00,4.9,,
2025-11-13 11:16:00,5.2,,
2025-11-13 11:21:00,5.3,,
2025-11-13 11:26:00,5.5,,
2025-11-13 11:31:00,5.3,9.0,0.3
2025-11-13 11:36:00,5.6,,
2025-11-13 11:41:00,5.8,,
2025-11-13 11:46:00,5.9,,
2025-11-13 11:51:00,5.9,,
2025-11-13 11:56:00,6.5,,
2025-11-13 12:01:00,7.3,,
2025-11-13 12:06:00,7.8,,
2025-11-13 12:11:00,8.1,,
2025-11-13 12:16:00,8.3,,
2025-11-13 12:21:00,8.8,,
2025-11-13 12:26:00,8.8,,
2025-11-13 12:31:00,8.8,,
2025-11-13 12:36:00,8.9,,
2025-11-13 12:41:00,8.5,,
2025-11-13 12:46:00,8.6,,
2025-11-13 12:51:00,8.4,,
2025-11-13 12:56:00,8.6,,
2025-11-13 13:01:00,8.4,,
2025-11-13 13:06:00,8.5,,
2025-11-13 13:11:00,8.4,,
2025-11-13 13:16:00,8.1,,
2025-11-13 13:21:00,7.9,,
2025-11-13 13:26:00,7.9,,
2025-11-13 13:31:00,8.0,,
2025-11-13 13:36:00,7.7,,
2025-11-13 13:41:00,7.7,,
2025-11-13 13:46:00,7.4,,
2025-11-13 13:51:00,7.4,,
2025-11-13 13:56:00,7.1,,
2025-11-13 14:01:00,6.8,,
2025-11-13 14:06:00,6.6,,
2025-11-13 14:11:00,6.8,,
2025-11-13 14:16:00,6.7,20.0,1.1
2025-11-13 14:21:00,6.6,,
2025-11-13 14:26:00,6.9,,
2025-11-13 14:31:00,8.0,,
2025-11-13 14:36:00,8.7,,
2025-11-13 14:41:00,8.8,,
2025-11-13 14:46:00,8.9,,
2025-11-13 14:51:00,8.4,,
2025-11-13 14:56:00,7.9,,
2025-11-13 15:01:00,7.3,,
2025-11-13 15:06:00,6.8,,
2025-11-13 15:11:00,6.1,,
2025-11-13 15:16:00,5.9,,
2025-11-13 15:21:00,5.6,,
2025-11-13 15:26:00,5.4,,
2025-11-13 15:31:00,5.0,,
2025-11-13 15:36:00,4.8,,
2025-11-13 15:41:00,4.3,,
2025-11-13 15:46:00,3.9,,
2025-11-13 15:51:00,3.6,13.0,0.6
2025-11-13 15:56:00,3.5,,
2025-11-13 16:01:00,3.3,,
2025-11-13 16:06:00,3.3,,
2025-11-13 16:11:00,3.7,,
2025-11-13 16:16:00,4.0,,
2025-11-13 16:21:00,4.4,,
2025-11-13 16:26:00,4.3,,
2025-11-13 16:31:00,4.3,,
2025-11-13 16:36:00,4.7,,
2025-11-13 16:41:00,5.3,,
2025-11-13 16:46:00,6.1,,
2025-11-13 16:51:00,6.3,,
2025-11-13 16:56:00,5.5,,
2025-11-13 17:01:00,5.0,,
2025-11-13 17:06:00,4.9,,
2025-11-13 17:11:00,4.7,,
2025-11-13 17:16:00,4.8,,
2025-11-13 17:21:00,4.5,,
2025-11-13 17:26:00,4.2,,
2025-11-13 17:31:00,4.1,,
2025-11-13 17:36:00,3.8,,
2025-11-13 17:41:00,3.7,,
2025-11-13 17:46:00,3.4,,
2025-11-13 17:51:00,3.6,,
2025-11-13 17:56:00,3.7,,
2025-11-13 18:01:00,3.9,5.0,0.25
2025-11-13 18:06:00,4.1,,
2025-11-13 18:11:00,4.7,,
2025-11-13 18:16:00,4.6,,
2025-11-13 18:21:00,5.2,,
2025-11-13 18:26:00,5.5,,
2025-11-13 18:31:00,5.5,,
2025-11-13 18:36:00,6.0,,
2025-11-13 18:41:00,5.8,11.0,0.55
2025-11-13 18:46:00,5.6,,
2025-11-13 18:51:00,5.7,,
2025-11-13 18:56:00,6.4,5.0,0.25
2025-11-13 19:01:00,6.9,,
2025-11-13 19:06:00,6.4,,
2025-11-13 19:11:00,6.1,,
2025-11-13 19:16:00,4.7,,
2025-11-13 19:21:00,3.6,,
2025-11-13 19:26:00,2.8,,
2025-11-13 19:31:00,2.7,,
2025-11-13 19:36:00,3.3,,
2025-11-13 19:41:00,4.0,15.0,0.5
2025-11-13 19:46:00,5.1,,
2025-11-13 19:51:00,6.4,5.0,0.25
2025-11-13 19:56:00,7.6,,
2025-11-13 20:01:00,8.4,,
2025-11-13 20:06:00,9.0,5.0,0.25
2025-11-13 20:11:00,8.8,,
2025-11-13 20:16:00,8.4,,
2025-11-13 20:21:00,8.3,,
2025-11-13 20:26:00,8.6,,
2025-11-13 20:31:00,7.8,,
2025-11-13 20:36:00,7.3,,
2025-11-13 20:41:00,7.0,,
2025-11-13 20:46:00,6.8,,
2025-11-13 20:51:00,6.7,,
2025-11-13 20:56:00,6.9,,
2025-11-13 21:01:00,6.5,,
2025-11-13 21:06:00,6.1,,
2025-11-13 21:11:00,5.6,,
2025-11-13 21:16:00,5.4,,
2025-11-13 21:21:00,5.7,,
2025-11-13 21:26:00,6.4,,
2025-11-13 21:31:00,6.5,0.0,0.1
2025-11-13 21:36:00,6.7,,
2025-11-13 21:41:00,7.3,,
2025-11-13 21:46:00,7.8,,
2025-11-13 21:51:00,8.0,0.0,0.2
2025-11-13 21:56:00,7.7,,
2025-11-13 22:01:00,8.0,,
2025-11-13 22:06:00,8.5,,
2025-11-13 22:11:00,8.3,,
2025-11-13 22:16:00,8.2,,
2025-11-13 22:21:00,8.5,0.0,0.2
2025-11-13 22:26:00,8.0,,
2025-11-13 22:31:00,8.3,,
2025-11-13 22:36:00,8.4,,
2025-11-13 22:41:00,8.8,0.0,0.1
2025-11-13 22:46:00,9.2,0.0,0.1
2025-11-13 22:51:00,9.4,,
2025-11-13 22:56:00,9.7,,
2025-11-13 23:01:00,10.0,0.0,0.2
2025-11-13 23:06:00,10.1,,
2025-11-13 23:11:00,10.2,,
2025-11-13 23:16:00,10.3,,
2025-11-13 23:21:00,10.3,,
2025-11-13 23:26:00,10.3,,
2025-11-13 23:31:00,10.2,,
2025-11-13 23:36:00,9.9,,
2025-11-13 23:41:00,10.0,,
2025-11-13 23:46:00,9.8,,
2025-11-13 23:51:00,9.4,,
2025-11-13 23:56:00,9.4,,
2025-11-14 00:01:00,9.4,,
2025-11-14 00:06:00,9.3,,
2025-11-14 00:11:00,9.0,,
2025-11-14 00:16:00,8.9,,
2025-11-14 00:21:00,8.7,,
2025-11-14 00:26:00,8.5,,
2025-11-14 00:31:00,8.1,,
2025-11-14 00:36:00,7.8,,
2025-11-14 00:41:00,7.9,,
2025-11-14 00:46:00,7.7,,
2025-11-14 00:51:00,7.4,,
2025-11-14 00:56:00,7.3,,
2025-11-14 01:01:00,6.7,,
2025-11-14 01:06:00,6.7,,
2025-11-14 01:11:00,6.4,,
2025-11-14 01:16:00,6.3,,
2025-11-14 01:21:00,6.1,,
2025-11-14 01:26:00,6.1,,
2025-11-14 01:31:00,5.9,,
2025-11-14 01:36:00,5.9,,
2025-11-14 01:41:00,5.8,,
2025-11-14 01:46:00,5.8,,
2025-11-14 01:51:00,5.8,,
2025-11-14 01:56:00,5.8,,
2025-11-14 02:01:00,5.8,,
2025-11-14 02:06:00,5.8,,
2025-11-14 02:11:00,5.8,,
2025-11-14 02:16:00,5.6,,
2025-11-14 02:21:00,5.7,,
2025-11-14 02:26:00,5.8,,
2025-11-14 02:31:00,5.4,,
2025-11-14 02:36:00,5.5,,
2025-11-14 02:41:00,5.7,,
2025-11-14 02:46:00,5.9,,
2025-11-14 02:51:00,6.1,,
2025-11-14 02:56:00,5.7,,
2025-11-14 03:01:00,5.9,,
2025-11-14 03:06:00,6.0,,
2025-11-14 03:11:00,5.9,,
2025-11-14 03:16:00,6.0,,
2025-11-14 03:21:00,6.1,,
2025-11-14 03:26:00,6.4,,
2025-11-14 03:31:00,5.9,,
2025-11-14 03:36:00,6.3,,
2025-11-14 03:41:00,6.7,,
2025-11-14 03:46:00,6.3,,
2025-11-14 03:51:00,6.3,,
2025-11-14 03:56:00,6.2,,
2025-11-14 04:01:00,6.4,,
2025-11-14 04:06:00,6.7,,
2025-11-14 04:11:00,6.7,,
2025-11-14 04:16:00,6.7,,
2025-11-14 04:21:00,6.8,,
2025-11-14 04:26:00,6.9,,
2025-11-14 04:31:00,7.0,,
2025-11-14 04:36:00,7.0,,
2025-11-14 04:41:00,7.0,,
2025-11-14 04:46:00,7.1,,
2025-11-14 04:51:00,7.2,,
2025-11-14 04:56:00,7.3,,
2025-11-14 05:01:00,6.9,,
2025-11-14 05:06:00,7.2,,
2025-11-14 05:11:00,7.3,,
2025-11-14 05:16:00,7.1,,
2025-11-14 05:21:00,7.3,,
2025-11-14 05:26:00,7.1,,
2025-11-14 05:31:00,7.0,,
2025-11-14 05:36:00,6.9,,
2025-11-14 05:41:00,6.8,,
2025-11-14 05:46:00,6.8,,
2025-11-14 05:51:00,6.7,,
2025-11-14 05:56:00,6.7,,
2025-11-14 06:01:00,6.6,,
2025-11-14 06:06:00,6.3,,
2025-11-14 06:11:00,6.4,,
2025-11-14 06:16:00,6.3,,
2025-11-14 06:21:00,6.4,,
2025-11-14 06:26:00,6.3,,
2025-11-14 06:31:00,6.1,,
2025-11-14 06:36:00,6.5,,
2025-11-14 06:41:00,6.5,,
2025-11-14 06:46:00,6.8,,
2025-11-14 06:51:00,6.9,,
2025-11-14 06:56:00,7.0,,
2025-11-14 07:01:00,6.9,,
2025-11-14 07:06:00,6.8,,
2025-11-14 07:11:00,6.7,0.0,0.2
2025-11-14 07:16:00,6.9,,
2025-11-14 07:21:00,6.8,,
2025-11-14 07:26:00,6.5,,
2025-11-14 07:31:00,6.1,,
2025-11-14 07:36:00,6.1,,
2025-11-14 07:41:00,6.1,,
2025-11-14 07:46:00,5.6,,
2025-11-14 07:51:00,5.3,,
2025-11-14 07:56:00,4.9,,
2025-11-14 08:01:00,4.7,,
2025-11-14 08:06:00,4.5,,
2025-11-14 08:11:00,4.5,,
2025-11-14 08:16:00,4.6,,
2025-11-14 08:21:00,4.7,,
2025-11-14 08:26:00,4.8,20.0,1.1
2025-11-14 08:31:00,4.8,,
2025-11-14 08:36:00,4.8,,
2025-11-14 08:41:00,4.6,,
2025-11-14 08:46:00,5.3,,
2025-11-14 08:51:00,5.6,,
2025-11-14 08:56:00,5.1,,
2025-11-14 09:01:00,4.8,,
2025-11-14 09:06:00,4.5,,
2025-11-14 09:11:00,3.8,,
2025-11-14 09:16:00,3.6,,
2025-11-14 09:21:00,3.6,,
2025-11-14 09:26:00,3.5,,
2025-11-14 09:31:00,3.1,,
2025-11-14 09:36:00,3.0,,
2025-11-14 09:41:00,3.1,,
2025-11-14 09:46:00,3.4,,
2025-11-14 09:51:00,3.3,,
2025-11-14 09:56:00,3.4,,
2025-11-14 10:01:00,3.8,,
2025-11-14 10:06:00,3.9,,
2025-11-14 10:11:00,4.9,,
2025-11-14 10:16:00,5.3,,
2025-11-14 10:21:00,5.5,,
2025-11-14 10:26:00,5.7,,
2025-11-14 10:31:00,5.9,,
2025-11-14 10:36:00,5.7,,
2025-11-14 10:41:00,5.8,,
2025-11-14 10:46:00,5.8,,
2025-11-14 10:51:00,5.6,,
2025-11-14 10:56:00,5.5,,
2025-11-14 11:01:00,5.4,,
2025-11-14 11:06:00,5.2,,
2025-11-14 11:11:00,5.3,,
2025-11-14 11:16:00,5.5,,
2025-11-14 11:21:00,5.9,,
2025-11-14 11:26:00,6.0,,
2025-11-14 11:31:00,6.1,,
2025-11-14 11:36:00,6.1,31.0,1.55
2025-11-14 11:41:00,6.0,,
2025-11-14 11:46:00,6.7,,
2025-11-14 11:51:00,8.0,,
2025-11-14 11:56:00,8.8,,
2025-11-14 12:01:00,9.3,,
2025-11-14 12:06:00,9.6,,
2025-11-14 12:11:00,10.3,,
2025-11-14 12:16:00,10.8,,
2025-11-14 12:21:00,10.9,,
2025-11-14 12:26:00,10.6,,
2025-11-14 12:31:00,10.5,,
2025-11-14 12:36:00,10.3,,
2025-11-14 12:41:00,10.1,,
2025-11-14 12:46:00,10.4,,
2025-11-14 12:51:00,10.4,,
2025-11-14 12:56:00,10.4,,
2025-11-14 13:01:00,10.5,,
2025-11-14 13:06:00,10.7,,
2025-11-14 13:11:00,10.8,,
2025-11-14 13:16:00,10.8,,
2025-11-14 13:21:00,10.9,,
2025-11-14 13:26:00,10.9,,
2025-11-14 13:31:00,11.0,,
2025-11-14 13:36:00,11.3,,
2025-11-14 13:41:00,11.8,,
2025-11-14 13:46:00,11.7,,
2025-11-14 13:51:00,12.1,,
2025-11-14 13:56:00,12.0,,
2025-11-14 14:01:00,12.3,,
2025-11-14 14:06:00,12.2,,
2025-11-14 14:11:00,12.2,18.0,1.55
2025-11-14 14:16:00,12.3,,
2025-11-14 14:21:00,12.3,,
2025-11-14 14:26:00,12.3,,
2025-11-14 14:31:00,12.6,,
2025-11-14 14:36:00,13.6,,
2025-11-14 14:41:00,14.1,,
2025-11-14 14:46:00,13.7,,
2025-11-14 14:51:00,13.5,,
2025-11-14 14:56:00,13.3,,
2025-11-14 15:01:00,11.8,,
2025-11-14 15:06:00,10.9,,
2025-11-14 15:11:00,10.6,,
2025-11-14 15:16:00,10.1,,
2025-11-14 15:21:00,9.7,,
2025-11-14 15:26:00,9.3,,
2025-11-14 15:31:00,8.8,,
2025-11-14 15:36:00,8.1,,
2025-11-14 15:41:00,7.4,,
2025-11-14 15:46:00,7.1,,
2025-11-14 15:51:00,6.7,,
2025-11-14 15:56:00,6.6,,
2025-11-14 16:01:00,5.9,16.0,0.8
2025-11-14 16:06:00,5.5,,
2025-11-14 16:11:00,5.2,,
2025-11-14 16:16:00,5.1,,
2025-11-14 16:21:00,5.6,,
2025-11-14 16:26:00,5.9,,
2025-11-14 16:31:00,6.0,,
2025-11-14 16:36:00,5.9,,
2025-11-14 16:41:00,5.4,3.0,0.15
2025-11-14 16:46:00,5.1,,
2025-11-14 16:51:00,4.8,,
2025-11-14 16:56:00,4.3,,
2025-11-14 17:01:00,4.5,,
2025-11-14 17:06:00,4.6,,
2025-11-14 17:11:00,4.7,,
2025-11-14 17:16:00,4.9,,
2025-11-14 17:21:00,4.7,,
2025-11-14 17:26:00,4.6,,
2025-11-14 17:31:00,4.7,,
2025-11-14 17:36:00,4.6,,
2025-11-14 17:41:00,4.9,,
2025-11-14 17:46:00,5.3,,
2025-11-14 17:51:00,5.6,,
2025-11-14 17:56:00,6.1,,
2025-11-14 18:01:00,6.2,,
2025-11-14 18:06:00,6.2,,
2025-11-14 18:11:00,6.0,,
2025-11-14 18:16:00,6.2,,
2025-11-14 18:21:00,6.3,,
2025-11-14 18:26:00,6.3,,
2025-11-14 18:31:00,6.2,,
2025-11-14 18:36:00,5.9,,
2025-11-14 18:41:00,6.0,,
2025-11-14 18:46:00,6.0,10.0,0.5
2025-11-14 18:51:00,6.2,,
2025-11-14 18:56:00,6.2,,
2025-11-14 19:01:00,6.2,,
2025-11-14 19:06:00,6.3,,
2025-11-14 19:11:00,6.3,5.0,0.25
2025-11-14 19:16:00,6.9,5.0,0.25
2025-11-14 19:21:00,7.0,,
2025-11-14 19:26:00,7.0,,
2025-11-14 19:31:00,7.9,,
2025-11-14 19:36:00,8.1,,
2025-11-14 19:41:00,8.2,,
2025-11-14 19:46:00,8.4,,
2025-11-14 19:51:00,8.4,0.0,0.2
2025-11-14 19:56:00,8.2,,
2025-11-14 20:01:00,8.8,0.0,0.45
2025-11-14 20:06:00,8.3,,
2025-11-14 20:11:00,7.8,,
2025-11-14 20:16:00,7.5,,
2025-11-14 20:21:00,7.4,,
2025-11-14 20:26:00,7.4,,
2025-11-14 20:31:00,6.9,,
2025-11-14 20:36:00,6.9,,
2025-11-14 20:41:00,6.9,,
2025-11-14 20:46:00,6.4,,
2025-11-14 20:51:00,6.3,,
2025-11-14 20:56:00,6.9,,
2025-11-14 21:01:00,6.7,,
2025-11-14 21:06:00,6.2,,
2025-11-14 21:11:00,6.0,,
2025-11-14 21:16:00,5.7,,
2025-11-14 21:21:00,5.7,,
2025-11-14 21:26:00,5.8,,
2025-11-14 21:31:00,5.8,,
2025-11-14 21:36:00,6.1,,
2025-11-14 21:41:00,6.5,,
2025-11-14 21:46:00,6.7,,
2025-11-14 21:51:00,6.9,,
2025-11-14 21:56:00,7.2,,
2025-11-14 22:01:00,7.2,,
2025-11-14 22:06:00,6.9,,
2025-11-14 22:11:00,6.5,,
2025-11-14 22:16:00,6.6,,
2025-11-14 22:21:00,6.5,,
2025-11-14 22:26:00,6.5,,
2025-11-14 22:31:00,6.5,,
2025-11-14 22:36:00,6.6,,
2025-11-14 22:41:00,6.5,,
2025-11-14 22:46:00,6.6,,
2025-11-14 22:51:00,6.6,,
2025-11-14 22:56:00,6.6,,
2025-11-14 23:01:00,6.7,,
2025-11-14 23:06:00,6.7,,
2025-11-14 23:11:00,6.7,,
2025-11-14 23:16:00,6.8,,
2025-11-14 23:21:00,7.0,,
2025-11-14 23:26:00,7.0,,
2025-11-14 23:31:00,6.8,,
2025-11-14 23:36:00,6.5,,
2025-11-14 23:41:00,6.7,,
2025-11-14 23:46:00,6.8,,
2025-11-14 23:51:00,6.9,,
2025-11-14 23:56:00,6.8,,
2025-11-17 00:01:00,8.3,,
2025-11-17 00:06:00,8.8,,
2025-11-17 00:11:00,8.7,,
2025-11-17 00:16:00,8.0,,
2025-11-17 00:21:00,8.0,,
2025-11-17 00:26:00,8.2,,
2025-11-17 00:31:00,8.2,,
2025-11-17 00:36:00,8.3,,
2025-11-17 00:41:00,8.5,,
2025-11-17 00:46:00,8.8,,
2025-11-17 00:51:00,8.8,,
2025-11-17 00:56:00,8.7,,
2025-11-17 01:01:00,8.5,,
2025-11-17 01:06:00,8.7,,
2025-11-17 01:11:00,8.9,,
2025-11-17 01:16:00,9.1,,
2025-11-17 01:21:00,9.4,,
2025-11-17 01:26:00,9.2,,
2025-11-17 01:31:00,9.0,,
2025-11-17 01:36:00,9.2,,
2025-11-17 01:41:00,9.4,,
2025-11-17 01:46:00,9.6,,
2025-11-17 01:51:00,9.3,,
2025-11-17 01:56:00,9.2,,
2025-11-17 02:01:00,8.8,,
2025-11-17 02:06:00,8.4,,
2025-11-17 02:11:00,8.1,,
2025-11-17 02:16:00,7.9,,
2025-11-17 02:21:00,7.6,,
2025-11-17 02:26:00,7.6,,
2025-11-17 02:31:00,7.5,,
2025-11-17 02:36:00,7.3,,
2025-11-17 02:41:00,7.0,,
2025-11-17 02:46:00,6.9,,
2025-11-17 02:51:00,6.5,,
2025-11-17 02:56:00,6.3,,
2025-11-17 03:01:00,6.1,,
2025-11-17 03:06:00,5.9,,
2025-11-17 03:11:00,5.8,,
2025-11-17 03:16:00,5.7,,
2025-11-17 03:21:00,5.6,,
2025-11-17 03:26:00,5.5,,
2025-11-17 03:31:00,5.5,,
2025-11-17 03:36:00,5.5,,
2025-11-17 03:41:00,5.5,,
2025-11-17 03:46:00,5.4,,
2025-11-17 03:51:00,5.4,,
2025-11-17 03:56:00,5.5,,
2025-11-17 04:01:00,5.5,,
2025-11-17 04:06:00,5.7,,
2025-11-17 04:11:00,5.9,,
2025-11-17 04:16:00,6.1,,
2025-11-17 04:21:00,5.7,,
2025-11-17 04:26:00,5.7,,
2025-11-17 04:31:00,5.9,,
2025-11-17 04:36:00,6.2,,
2025-11-17 04:41:00,6.3,,
2025-11-17 04:46:00,6.2,,
2025-11-17 04:51:00,6.1,,
2025-11-17 04:56:00,5.9,,
2025-11-17 05:01:00,6.1,,
2025-11-17 05:06:00,6.1,,
2025-11-17 05:11:00,6.2,,
2025-11-17 05:16:00,6.5,,
2025-11-17 05:21:00,6.6,,
2025-11-17 05:26:00,6.7,,
2025-11-17 05:31:00,6.8,,
2025-11-17 05:36:00,6.8,,
2025-11-17 05:41:00,7.1,,
2025-11-17 05:46:00,7.3,,
2025-11-17 05:51:00,7.2,,
2025-11-17 05:56:00,7.3,,
2025-11-17 06:01:00,7.5,,
2025-11-17 06:06:00,7.5,,
2025-11-17 06:11:00,6.8,,
2025-11-17 06:16:00,7.3,,
2025-11-17 06:21:00,7.9,,
2025-11-17 06:26:00,7.8,,
2025-11-17 06:31:00,7.4,,
2025-11-17 06:36:00,7.5,,
2025-11-17 06:41:00,7.7,,
2025-11-17 06:46:00,7.8,,
2025-11-17 06:51:00,7.9,,
2025-11-17 06:56:00,7.9,,
2025-11-17 07:01:00,8.0,,
2025-11-17 07:06:00,7.9,,
2025-11-17 07:11:00,8.2,,
2025-11-17 07:16:00,7.9,,
2025-11-17 07:21:00,7.8,0.0,0.25
2025-11-17 07:26:00,8.2,,
2025-11-17 07:31:00,8.3,0.0,0.1
2025-11-17 07:36:00,8.6,,
2025-11-17 07:41:00,8.5,0.0,0.15
2025-11-17 07:46:00,8.4,,
2025-11-17 07:51:00,9.1,,
2025-11-17 07:56:00,8.4,25.0,1.4
2025-11-17 08:01:00,8.6,,
2025-11-17 08:06:00,8.7,,
2025-11-17 08:11:00,8.6,,
2025-11-17 08:16:00,9.0,,
2025-11-17 08:21:00,10.3,,
2025-11-17 08:26:00,12.0,,
2025-11-17 08:31:00,13.8,10.0,0.4
2025-11-17 08:36:00,13.9,0.0,0.2
2025-11-17 08:41:00,13.4,,
2025-11-17 08:46:00,12.4,,
2025-11-17 08:51:00,11.7,,
2025-11-17 08:56:00,11.8,,
2025-11-17 09:01:00,11.9,,
2025-11-17 09:06:00,11.8,0.0,0.1
2025-11-17 09:11:00,11.9,,
2025-11-17 09:16:00,11.8,,
2025-11-17 09:21:00,12.1,,
2025-11-17 09:26:00,12.3,,
2025-11-17 09:31:00,12.0,,
2025-11-17 09:36:00,11.5,,
2025-11-17 09:41:00,11.2,,
2025-11-17 09:46:00,10.6,,
2025-11-17 09:51:00,10.4,,
2025-11-17 09:56:00,10.0,,
2025-11-17 10:01:00,9.2,,
2025-11-17 10:06:00,8.5,,
2025-11-17 10:11:00,7.8,,
2025-11-17 10:16:00,7.3,,
2025-11-17 10:21:00,7.0,,
2025-11-17 10:26:00,7.3,,
2025-11-17 10:31:00,7.6,,
2025-11-17 10:36:00,7.7,,
2025-11-17 10:41:00,7.7,,
2025-11-17 10:46:00,7.4,,
2025-11-17 10:51:00,6.8,,
2025-11-17 10:56:00,6.5,,
2025-11-17 11:01:00,6.1,,
2025-11-17 11:06:00,5.4,,
2025-11-17 11:11:00,5.2,,
2025-11-17 11:16:00,5.4,,
2025-11-17 11:21:00,5.4,,
2025-11-17 11:26:00,5.1,,
2025-11-17 11:31:00,4.8,,
2025-11-17 11:36:00,4.6,,
2025-11-17 11:41:00,4.4,,
2025-11-17 11:46:00,4.1,,
2025-11-17 11:51:00,3.7,,
2025-11-17 11:56:00,3.4,,
2025-11-17 12:01:00,3.4,,
2025-11-17 12:06:00,3.6,30.0,1.5
2025-11-17 12:11:00,3.8,,
2025-11-17 12:16:00,3.6,,
2025-11-17 12:21:00,4.2,,
2025-11-17 12:26:00,4.5,,
2025-11-17 12:31:00,5.3,,
2025-11-17 12:36:00,5.7,,
2025-11-17 12:41:00,5.6,,
2025-11-17 12:46:00,6.3,,
2025-11-17 12:51:00,7.0,,
2025-11-17 12:56:00,7.2,,
2025-11-17 13:01:00,7.4,,
2025-11-17 13:06:00,7.7,,
2025-11-17 13:11:00,8.4,,
2025-11-17 13:16:00,8.7,,
2025-11-17 13:21:00,9.0,,
2025-11-17 13:26:00,9.3,,
2025-11-17 13:31:00,9.2,,
2025-11-17 13:36:00,9.2,,
2025-11-17 13:41:00,9.3,,
2025-11-17 13:46:00,9.5,,
2025-11-17 13:51:00,9.7,,
2025-11-17 13:56:00,9.5,,
2025-11-17 14:01:00,9.5,,
2025-11-17 14:06:00,9.6,,
2025-11-17 14:11:00,9.9,,
2025-11-17 14:16:00,10.0,20.0,1.4
2025-11-17 14:21:00,10.3,,
2025-11-17 14:26:00,10.7,,
2025-11-17 14:31:00,11.3,,
2025-11-17 14:36:00,12.1,,
2025-11-17 14:41:00,12.7,,
2025-11-17 14:46:00,12.9,,
2025-11-17 14:51:00,13.3,,
2025-11-17 14:56:00,13.2,,
2025-11-17 15:01:00,12.7,,
2025-11-17 15:06:00,11.9,,
2025-11-17 15:11:00,11.5,,
2025-11-17 15:16:00,11.4,,
2025-11-17 15:21:00,11.3,,
2025-11-17 15:26:00,11.5,,
2025-11-17 15:31:00,11.6,,
2025-11-17 15:36:00,11.8,,
2025-11-17 15:41:00,11.9,,
2025-11-17 15:46:00,12.0,,
2025-11-17 15:51:00,12.0,0.0,0.5
2025-11-17 15:56:00,11.7,,
2025-11-17 16:01:00,11.2,,
2025-11-17 16:06:00,11.1,,
2025-11-17 16:11:00,11.4,,
2025-11-17 16:16:00,11.7,0.0,0.3
2025-11-17 16:21:00,11.7,,
2025-11-17 16:26:00,10.4,,
2025-11-17 16:31:00,9.0,,
2025-11-17 16:36:00,7.9,,
2025-11-17 16:41:00,6.9,,
2025-11-17 16:46:00,6.3,,
2025-11-17 16:51:00,6.1,,
2025-11-17 16:56:00,6.0,,
2025-11-17 17:01:00,6.1,,
2025-11-17 17:06:00,5.8,,
2025-11-17 17:11:00,5.6,,
2025-11-17 17:16:00,5.2,,
2025-11-17 17:21:00,4.5,,
2025-11-17 17:26:00,4.1,,
2025-11-17 17:31:00,3.7,,
2025-11-17 17:36:00,3.7,,
2025-11-17 17:41:00,3.7,,
2025-11-17 17:46:00,3.8,,
2025-11-17 17:51:00,4.1,,
2025-11-17 17:56:00,4.2,6.0,0.3
2025-11-17 18:01:00,3.8,,
2025-11-17 18:06:00,3.7,,
2025-11-17 18:11:00,4.1,,
2025-11-17 18:16:00,4.2,,
2025-11-17 18:21:00,3.9,6.0,0.3
2025-11-17 18:26:00,3.8,3.0,0.15
2025-11-17 18:31:00,4.2,,
2025-11-17 18:36:00,4.2,,
2025-11-17 18:41:00,4.4,,
2025-11-17 18:46:00,4.4,,
2025-11-17 18:51:00,4.7,,
2025-11-17 18:56:00,4.4,,
2025-11-17 19:01:00,3.1,,
2025-11-17 19:06:00,2.7,,
2025-11-17 19:11:00,2.9,,
2025-11-17 19:16:00,2.9,,
2025-11-17 19:21:00,2.8,,
2025-11-17 19:26:00,3.1,,
2025-11-17 19:31:00,3.6,,
2025-11-17 19:36:00,4.0,,
2025-11-17 19:41:00,3.9,,
2025-11-17 19:46:00,3.5,,
2025-11-17 19:51:00,3.5,,
2025-11-17 19:56:00,3.2,,
2025-11-17 20:01:00,2.9,,
2025-11-17 20:06:00,3.2,,
2025-11-17 20:11:00,3.4,,
2025-11-17 20:16:00,3.9,10.0,0.5
2025-11-17 20:21:00,4.6,4.0,0.2
2025-11-17 20:26:00,4.6,,
2025-11-17 20:31:00,4.6,,
2025-11-17 20:36:00,5.1,,
2025-11-17 20:41:00,5.4,,
2025-11-17 20:46:00,5.7,,
2025-11-17 20:51:00,5.7,,
2025-11-17 20:56:00,5.1,,
2025-11-17 21:01:00,3.8,,
2025-11-17 21:06:00,3.9,,
2025-11-17 21:11:00,4.4,,
2025-11-17 21:16:00,5.3,,
2025-11-17 21:21:00,5.5,,
2025-11-17 21:26:00,5.8,,
2025-11-17 21:31:00,6.2,,
2025-11-17 21:36:00,6.9,0.0,0.1
2025-11-17 21:41:00,7.5,5.0,0.3
2025-11-17 21:46:00,8.0,,
2025-11-17 21:51:00,8.5,,
2025-11-17 21:56:00,9.0,0.0,0.35
2025-11-17 22:01:00,9.4,,
2025-11-17 22:06:00,9.8,,
2025-11-17 22:11:00,10.2,,
2025-11-17 22:16:00,10.5,,
2025-11-17 22:21:00,10.7,,
2025-11-17 22:26:00,10.5,,
2025-11-17 22:31:00,10.5,,
2025-11-17 22:36:00,10.7,,
2025-11-17 22:41:00,10.8,0.0,0.2
2025-11-17 22:46:00,10.8,,
2025-11-17 22:51:00,11.0,0.0,0.1
2025-11-17 22:56:00,11.1,0.0,0.1
2025-11-17 23:01:00,10.9,,
2025-11-17 23:06:00,10.6,,
2025-11-17 23:11:00,10.4,,
2025-11-17 23:16:00,10.3,,
2025-11-17 23:21:00,10.4,,
2025-11-17 23:26:00,10.0,,
2025-11-17 23:31:00,10.1,0.0,0.15
2025-11-17 23:36:00,10.1,,
2025-11-17 23:41:00,10.2,,
2025-11-17 23:46:00,10.2,,
2025-11-17 23:51:00,10.0,,
2025-11-17 23:56:00,10.0,,
2025-11-18 00:01:00,9.9,,
2025-11-18 00:06:00,9.4,,
2025-11-18 00:11:00,9.1,,
2025-11-18 00:16:00,9.3,,
2025-11-18 00:21:00,9.3,,
2025-11-18 00:26:00,9.2,,
2025-11-18 00:31:00,8.9,,
2025-11-18 00:36:00,8.7,,
2025-11-18 00:41:00,8.3,,
2025-11-18 00:46:00,8.0,,
2025-11-18 00:51:00,7.7,,
2025-11-18 00:56:00,7.4,,
2025-11-18 01:01:00,7.3,,
2025-11-18 01:06:00,7.2,,
2025-11-18 01:11:00,7.1,,
2025-11-18 01:16:00,7.0,,
2025-11-18 01:21:00,7.0,,
2025-11-18 01:26:00,7.0,,
2025-11-18 01:31:00,7.0,,
2025-11-18 01:36:00,7.0,,
2025-11-18 01:41:00,7.0,,
2025-11-18 01:46:00,7.0,,
2025-11-18 01:51:00,7.0,,
2025-11-18 01:56:00,7.0,,
2025-11-18 02:01:00,6.9,,
2025-11-18 02:06:00,6.9,,
2025-11-18 02:11:00,6.8,,
2025-11-18 02:16:00,6.7,,
2025-11-18 02:21:00,6.4,,
2025-11-18 02:26:00,6.3,,
2025-11-18 02:31:00,6.0,,
2025-11-18 02:36:00,5.9,,
2025-11-18 02:41:00,5.9,,
2025-11-18 02:46:00,5.8,,
2025-11-18 02:51:00,5.7,,
2025-11-18 02:56:00,5.6,,
2025-11-18 03:01:00,5.4,,
2025-11-18 03:06:00,5.2,,
2025-11-18 03:11:00,5.2,,
2025-11-18 03:16:00,5.1,,
2025-11-18 03:21:00,4.8,,
2025-11-18 03:26:00,4.7,,
2025-11-18 03:31:00,4.6,,
2025-11-18 03:36:00,4.7,,
2025-11-18 03:41:00,4.6,,
2025-11-18 03:46:00,4.5,,
2025-11-18 03:51:00,4.5,,
2025-11-18 03:56:00,4.7,,
2025-11-18 04:01:00,4.8,,
2025-11-18 04:06:00,4.9,,
2025-11-18 04:11:00,4.8,,
2025-11-18 04:16:00,4.7,,
2025-11-18 04:21:00,4.8,,
2025-11-18 04:26:00,4.8,,
2025-11-18 04:31:00,4.9,,
2025-11-18 04:36:00,4.9,,
2025-11-18 04:41:00,4.8,,
2025-11-18 04:46:00,4.9,,
2025-11-18 04:51:00,4.9,,
2025-11-18 04:56:00,4.9,,
2025-11-18 05:01:00,5.0,,
2025-11-18 05:06:00,5.2,,
2025-11-18 05:11:00,5.4,,
2025-11-18 05:16:00,5.5,,
2025-11-18 05:21:00,5.6,,
2025-11-18 05:26:00,5.9,,
2025-11-18 05:31:00,6.1,,
2025-11-18 05:36:00,6.2,,
2025-11-18 05:41:00,6.3,,
2025-11-18 05:46:00,6.3,,
2025-11-18 05:51:00,6.4,,
2025-11-18 05:56:00,6.4,,
2025-11-18 06:01:00,6.3,,
2025-11-18 06:06:00,6.2,,
2025-11-18 06:11:00,6.1,,
2025-11-18 06:16:00,6.2,,
2025-11-18 06:21:00,6.3,,
2025-11-18 06:26:00,6.1,,
2025-11-18 06:31:00,5.9,,
2025-11-18 06:36:00,6.1,,
2025-11-18 06:41:00,6.1,,
2025-11-18 06:46:00,6.3,,
2025-11-18 06:51:00,6.6,,
2025-11-18 06:56:00,6.8,,
2025-11-18 07:01:00,7.0,,
2025-11-18 07:06:00,7.5,,
2025-11-18 07:11:00,7.8,0.0,0.4
2025-11-18 07:16:00,8.1,,
2025-11-18 07:21:00,8.4,,
2025-11-18 07:26:00,8.5,0.0,0.1
2025-11-18 07:31:00,8.1,,
2025-11-18 07:36:00,8.0,,
2025-11-18 07:41:00,7.9,,
2025-11-18 07:46:00,7.5,,
2025-11-18 07:51:00,7.0,,
2025-11-18 07:56:00,6.9,,
2025-11-18 08:01:00,6.4,,
2025-11-18 08:06:00,6.4,,
2025-11-18 08:11:00,6.1,,
2025-11-18 08:16:00,5.7,35.0,1.9
2025-11-18 08:21:00,5.6,,
2025-11-18 08:26:00,5.4,,
2025-11-18 08:31:00,5.3,,
2025-11-18 08:36:00,5.0,,
2025-11-18 08:41:00,5.2,,
2025-11-18 08:46:00,6.3,,
2025-11-18 08:51:00,7.1,,
2025-11-18 08:56:00,7.9,6.0,0.3
2025-11-18 09:01:00,8.0,,
2025-11-18 09:06:00,7.9,,
2025-11-18 09:11:00,7.5,,
2025-11-18 09:16:00,8.4,,
2025-11-18 09:21:00,9.2,,
2025-11-18 09:26:00,9.6,,
2025-11-18 09:31:00,9.8,,
2025-11-18 09:36:00,10.3,,
2025-11-18 09:41:00,10.8,,
2025-11-18 09:46:00,11.2,,
2025-11-18 09:51:00,11.0,,
2025-11-18 09:56:00,11.1,,
2025-11-18 10:01:00,11.3,,
2025-11-18 10:06:00,11.7,,
2025-11-18 10:11:00,11.4,,
2025-11-18 10:16:00,11.7,,
2025-11-18 10:21:00,11.9,,
2025-11-18 10:26:00,12.0,,
2025-11-18 10:31:00,12.1,,
2025-11-18 10:36:00,12.4,,
2025-11-18 10:41:00,12.5,,
2025-11-18 10:46:00,12.7,,
2025-11-18 10:51:00,13.2,,
2025-11-18 10:56:00,13.3,,
2025-11-18 11:01:00,13.5,,
2025-11-18 11:06:00,13.3,,
2025-11-18 11:11:00,13.3,,
2025-11-18 11:16:00,12.9,,
2025-11-18 11:21:00,13.3,,
2025-11-18 11:26:00,13.2,,
2025-11-18 11:31:00,13.1,,
2025-11-18 11:36:00,13.3,10.0,1.15
2025-11-18 11:41:00,13.1,,
2025-11-18 11:46:00,13.3,,
2025-11-18 11:51:00,13.5,,
2025-11-18 11:56:00,13.2,,
2025-11-18 12:01:00,12.9,,
2025-11-18 12:06:00,12.4,,
2025-11-18 12:11:00,11.8,,
2025-11-18 12:16:00,11.2,,
2025-11-18 12:21:00,10.8,,
2025-11-18 12:26:00,9.9,,
2025-11-18 12:31:00,8.9,,
2025-11-18 12:36:00,8.0,,
2025-11-18 12:41:00,6.9,,
2025-11-18 12:46:00,5.3,,
2025-11-18 12:51:00,4.1,,
2025-11-18 12:56:00,3.3,,
2025-11-18 13:01:00,3.1,,
2025-11-18 13:06:00,2.8,,
2025-11-18 13:11:00,2.6,,
2025-11-18 13:16:00,2.7,,
2025-11-18 13:21:00,3.1,,
2025-11-18 13:26:00,3.8,,
2025-11-18 13:31:00,4.2,,
2025-11-18 13:36:00,4.2,,
2025-11-18 13:41:00,4.8,,
2025-11-18 13:46:00,4.5,,
2025-11-18 13:51:00,3.9,,
2025-11-18 13:56:00,3.4,,
2025-11-18 14:01:00,3.2,,
2025-11-18 14:06:00,2.9,,
2025-11-18 14:11:00,2.8,,
2025-11-18 14:16:00,2.9,,
2025-11-18 14:21:00,2.9,,
2025-11-18 14:26:00,3.3,,
2025-11-18 14:31:00,4.4,,
2025-11-18 14:36:00,5.2,21.0,1.05
2025-11-18 14:41:00,6.2,,
2025-11-18 14:46:00,7.2,,
2025-11-18 14:51:00,7.7,,
2025-11-18 14:56:00,7.7,,
2025-11-18 15:01:00,7.0,,
2025-11-18 15:06:00,7.0,,
2025-11-18 15:11:00,6.3,,
2025-11-18 15:16:00,5.6,,
2025-11-18 15:21:00,5.6,,
2025-11-18 15:26:00,5.4,,
2025-11-18 15:31:00,5.1,,
2025-11-18 15:36:00,4.8,,
2025-11-18 15:41:00,4.4,,
2025-11-18 15:46:00,4.2,,
2025-11-18 15:51:00,4.2,,
2025-11-18 15:56:00,4.3,15.0,0.75
2025-11-18 16:01:00,4.4,,
2025-11-18 16:06:00,4.3,,
2025-11-18 16:11:00,4.6,,
2025-11-18 16:16:00,5.1,,
2025-11-18 16:21:00,5.6,,
2025-11-18 16:26:00,6.5,,
2025-11-18 16:31:00,6.5,,
2025-11-18 16:36:00,6.7,,
2025-11-18 16:41:00,7.0,,
2025-11-18 16:46:00,7.4,,
2025-11-18 16:51:00,7.7,5.0,0.25
2025-11-18 16:56:00,7.4,3.0,0.15
2025-11-18 17:01:00,7.4,,
2025-11-18 17:06:00,7.3,,
2025-11-18 17:11:00,7.3,,
2025-11-18 17:16:00,7.4,,
2025-11-18 17:21:00,7.8,,
2025-11-18 17:26:00,7.5,,
2025-11-18 17:31:00,7.2,,
2025-11-18 17:36:00,7.3,,
2025-11-18 17:41:00,7.8,,
2025-11-18 17:46:00,8.0,,
2025-11-18 17:51:00,8.2,15.0,0.75
2025-11-18 17:56:00,8.6,,
2025-11-18 18:01:00,8.8,,
2025-11-18 18:06:00,9.2,,
2025-11-18 18:11:00,9.5,5.0,0.25
2025-11-18 18:16:00,9.7,,
2025-11-18 18:21:00,9.6,,
2025-11-18 18:26:00,8.8,,
2025-11-18 18:31:00,8.2,,
2025-11-18 18:36:00,7.7,,
2025-11-18 18:41:00,6.9,,
2025-11-18 18:46:00,6.1,,
2025-11-18 18:51:00,5.3,,
2025-11-18 18:56:00,5.2,,
2025-11-18 19:01:00,5.5,,
2025-11-18 19:06:00,6.1,,
2025-11-18 19:11:00,6.5,5.0,0.25
2025-11-18 19:16:00,6.8,,
2025-11-18 19:21:00,6.7,,
2025-11-18 19:26:00,6.9,,
2025-11-18 19:31:00,6.9,,
2025-11-18 19:36:00,6.9,,
2025-11-18 19:41:00,7.1,7.0,0.35
2025-11-18 19:46:00,7.4,,
2025-11-18 19:51:00,7.7,,
2025-11-18 19:56:00,8.0,,
2025-11-18 20:01:00,8.2,5.0,0.25
2025-11-18 20:06:00,8.2,,
2025-11-18 20:11:00,7.9,,
2025-11-18 20:16:00,7.0,,
2025-11-18 20:21:00,6.5,20.0,1.0
2025-11-18 20:26:00,6.3,,
2025-11-18 20:31:00,6.2,,
2025-11-18 20:36:00,6.5,,
2025-11-18 20:41:00,6.6,,
2025-11-18 20:46:00,6.1,,
2025-11-18 20:51:00,5.0,,
2025-11-18 20:56:00,4.0,,
2025-11-18 21:01:00,3.7,,
2025-11-18 21:06:00,3.6,,
2025-11-18 21:11:00,3.7,,
2025-11-18 21:16:00,3.4,,
2025-11-18 21:21:00,2.8,,
2025-11-18 21:26:00,2.5,,
2025-11-18 21:31:00,2.5,,
2025-11-18 21:36:00,2.4,,
2025-11-18 21:41:00,2.5,,
2025-11-18 21:46:00,2.4,,
2025-11-18 21:51:00,2.7,,
2025-11-18 21:56:00,2.9,,
2025-11-18 22:01:00,2.9,,
2025-11-18 22:06:00,3.3,,
2025-11-18 22:11:00,3.6,,
2025-11-18 22:16:00,3.8,,
2025-11-18 22:21:00,3.9,,
2025-11-18 22:26:00,4.1,,
2025-11-18 22:31:00,4.0,,
2025-11-18 22:36:00,4.1,,
2025-11-18 22:41:00,4.4,,
2025-11-18 22:46:00,4.3,,
2025-11-18 22:51:00,4.6,,
2025-11-18 22:56:00,4.7,,
2025-11-18 23:01:00,4.9,,
2025-11-18 23:06:00,4.9,,
2025-11-18 23:11:00,5.4,,
2025-11-18 23:16:00,5.6,,
2025-11-18 23:21:00,5.6,,
2025-11-18 23:26:00,5.8,,
2025-11-18 23:31:00,6.0,,
2025-11-18 23:36:00,6.2,,
2025-11-18 23:41:00,6.4,,
2025-11-18 23:46:00,6.6,,
2025-11-18 23:51:00,6.8,,
2025-11-18 23:56:00,7.0,,
2025-11-26 00:00:00,7.5,,
2025-11-26 00:05:00,7.3,,
2025-11-26 00:10:00,7.2,,
2025-11-26 00:15:00,7.1,,
2025-11-26 00:20:00,7.0,,
2025-11-26 00:25:00,6.9,,
2025-11-26 00:30:00,6.8,,
2025-11-26 00:35:00,6.7,,
2025-11-26 00:40:00,6.7,,
2025-11-26 00:45:00,6.4,,
2025-11-26 00:50:00,6.1,,
2025-11-26 00:55:00,5.9,,
2025-11-26 01:00:00,5.7,,
2025-11-26 01:05:00,5.6,,
2025-11-26 01:10:00,5.4,,
2025-11-26 01:15:00,5.2,,
2025-11-26 01:20:00,5.2,,
2025-11-26 01:25:00,5.3,,
2025-11-26 01:30:00,5.3,,
2025-11-26 01:35:00,5.4,,
2025-11-26 01:40:00,5.4,,
2025-11-26 01:45:00,5.2,,
2025-11-26 01:50:00,5.3,,
2025-11-26 01:55:00,5.3,,
2025-11-26 02:00:00,5.4,,
2025-11-26 02:05:00,5.6,,
2025-11-26 02:10:00,5.3,,
2025-11-26 02:15:00,5.3,,
2025-11-26 02:20:00,5.2,,
2025-11-26 02:25:00,5.1,,
2025-11-26 02:30:00,5.3,,
2025-11-26 02:35:00,5.4,,
2025-11-26 02:40:00,5.5,,
2025-11-26 02:45:00,5.6,,
2025-11-26 02:50:00,5.6,,
2025-11-26 02:55:00,5.7,,
2025-11-26 03:00:00,5.8,,
2025-11-26 03:05:00,5.9,,
2025-11-26 03:10:00,5.7,,
2025-11-26 03:15:00,5.5,,
2025-11-26 03:20:00,5.6,,
2025-11-26 03:25:00,5.9,,
2025-11-26 03:30:00,6.3,,
2025-11-26 03:35:00,6.4,,
2025-11-26 03:40:00,6.2,,
2025-11-26 03:45:00,6.3,,
2025-11-26 03:50:00,6.4,,
2025-11-26 03:55:00,6.5,,
2025-11-26 04:01:00,6.5,,
2025-11-26 04:05:00,6.7,,
2025-11-26 04:10:00,6.7,,
2025-11-26 04:15:00,6.7,,
2025-11-26 04:20:00,6.7,,
2025-11-26 04:25:00,6.5,,
2025-11-26 04:30:00,6.4,,
2025-11-26 04:35:00,6.5,,
2025-11-26 04:40:00,6.7,,
2025-11-26 04:45:00,6.6,,
2025-11-26 04:50:00,6.4,,
2025-11-26 04:55:00,6.4,,
2025-11-26 05:00:00,6.3,,
2025-11-26 05:05:00,6.4,,
2025-11-26 05:10:00,6.6,,
2025-11-26 05:15:00,6.5,,
2025-11-26 05:20:00,6.4,,
2025-11-26 05:25:00,6.4,,
2025-11-26 05:30:00,6.4,,
2025-11-26 05:35:00,6.4,,
2025-11-26 05:40:00,6.3,,
2025-11-26 05:45:00,6.4,,
2025-11-26 05:50:00,6.5,,
2025-11-26 05:55:00,6.6,,
2025-11-26 06:00:00,6.7,,
2025-11-26 06:05:00,6.8,,
2025-11-26 06:10:00,6.7,,
2025-11-26 06:15:00,6.7,,
2025-11-26 06:20:00,6.8,,
2025-11-26 06:25:00,6.9,,
2025-11-26 06:30:00,6.8,,
2025-11-26 06:35:00,6.7,,
2025-11-26 06:40:00,6.9,,
2025-11-26 06:45:00,6.8,,
2025-11-26 06:50:00,6.9,,
2025-11-26 06:55:00,7.0,,
2025-11-26 07:00:00,7.0,,
2025-11-26 07:05:00,7.1,0.0,0.25
2025-11-26 07:10:00,7.2,,
2025-11-26 07:15:00,7.1,,
2025-11-26 07:20:00,6.7,,
2025-11-26 07:25:00,6.7,,
2025-11-26 07:30:00,6.5,,
2025-11-26 07:35:00,6.0,,
2025-11-26 07:40:00,5.6,,
2025-11-26 07:45:00,5.2,,
2025-11-26 07:50:00,4.7,,
2025-11-26 07:55:00,4.5,,
2025-11-26 08:00:00,4.2,,
2025-11-26 08:05:00,4.1,,
2025-11-26 08:10:00,3.8,,
2025-11-26 08:15:00,3.7,30.0,1.65
2025-11-26 08:20:00,4.1,,
2025-11-26 08:25:00,4.1,,
2025-11-26 08:30:00,3.8,,
2025-11-26 08:35:00,3.6,,
2025-11-26 08:40:00,3.3,,
2025-11-26 08:45:00,4.2,,
2025-11-26 08:50:00,5.1,,
2025-11-26 08:55:00,6.0,6.0,0.3
2025-11-26 09:00:00,6.7,,
2025-11-26 09:05:00,6.9,,
2025-11-26 09:10:00,6.6,,
2025-11-26 09:15:00,6.3,,
2025-11-26 09:20:00,6.4,,
2025-11-26 09:25:00,6.6,,
2025-11-26 09:30:00,6.9,,
2025-11-26 09:35:00,7.2,,
2025-11-26 09:40:00,6.8,,
2025-11-26 09:45:00,6.8,,
2025-11-26 09:50:00,6.9,,
2025-11-26 09:55:00,7.3,,
2025-11-26 10:00:00,7.6,,
2025-11-26 10:05:00,7.5,,
2025-11-26 10:10:00,7.8,,
2025-11-26 10:15:00,8.3,,
2025-11-26 10:20:00,8.6,,
2025-11-26 10:25:00,9.3,,
2025-11-26 10:30:00,9.7,,
2025-11-26 10:35:00,10.2,,
2025-11-26 10:40:00,10.1,,
2025-11-26 10:45:00,10.5,,
2025-11-26 10:50:00,10.8,,
2025-11-26 10:55:00,10.7,,
2025-11-26 11:00:00,11.0,,
2025-11-26 11:05:00,11.4,,
2025-11-26 11:10:00,11.4,,
2025-11-26 11:15:00,11.3,,
2025-11-26 11:20:00,11.4,,
2025-11-26 11:25:00,11.8,,
2025-11-26 11:30:00,11.7,,
2025-11-26 11:35:00,11.3,8.0,0.8
2025-11-26 11:40:00,10.4,,
2025-11-26 11:45:00,10.3,,
2025-11-26 11:50:00,10.3,,
2025-11-26 11:55:00,10.5,,
2025-11-26 12:00:00,10.5,,
2025-11-26 12:05:00,10.5,,
2025-11-26 12:10:00,9.8,,
2025-11-26 12:15:00,9.2,,
2025-11-26 12:20:00,9.0,,
2025-11-26 12:25:00,8.7,,
2025-11-26 12:30:00,8.4,,
2025-11-26 12:35:00,8.0,,
2025-11-26 12:40:00,8.0,,
2025-11-26 12:45:00,7.7,,
2025-11-26 12:50:00,7.6,,
2025-11-26 12:55:00,7.5,,
2025-11-26 13:00:00,7.0,,
2025-11-26 13:05:00,7.0,,
2025-11-26 13:10:00,6.9,,
2025-11-26 13:15:00,6.8,,
2025-11-26 13:20:00,6.8,,
2025-11-26 13:25:00,6.7,,
2025-11-26 13:30:00,6.5,,
2025-11-26 13:35:00,6.3,,
2025-11-26 13:40:00,5.6,,
2025-11-26 13:45:00,5.4,,
2025-11-26 13:50:00,4.9,,
2025-11-26 13:55:00,4.3,,
2025-11-26 14:00:00,4.1,,
2025-11-26 14:05:00,3.8,,
2025-11-26 14:10:00,3.5,,
2025-11-26 14:15:00,3.6,25.0,0.55
2025-11-26 14:20:00,3.8,,
2025-11-26 14:25:00,5.0,,
2025-11-26 14:30:00,7.2,,
2025-11-26 14:35:00,8.7,,
2025-11-26 14:40:00,10.1,,
2025-11-26 14:45:00,10.8,,
2025-11-26 14:50:00,11.1,,
2025-11-26 14:55:00,11.0,,
2025-11-26 15:00:00,10.9,,
2025-11-26 15:05:00,11.2,,
2025-11-26 15:10:00,11.6,,
2025-11-26 15:15:00,11.2,,
2025-11-26 15:20:00,10.6,,
2025-11-26 15:25:00,10.8,,
2025-11-26 15:30:00,10.4,,
2025-11-26 15:35:00,9.8,0.0,0.3
2025-11-26 15:40:00,9.5,,
2025-11-26 15:45:00,9.6,,
2025-11-26 15:50:00,9.5,,
2025-11-26 15:55:00,9.0,,
2025-11-26 16:00:00,8.4,,
2025-11-26 16:05:00,7.3,,
2025-11-26 16:10:00,6.5,,
2025-11-26 16:15:00,6.0,,
2025-11-26 16:20:00,5.2,,
2025-11-26 16:25:00,4.6,,
2025-11-26 16:30:00,4.3,,
2025-11-26 16:35:00,3.9,,
2025-11-26 16:40:00,3.9,,
2025-11-26 16:45:00,3.9,,
2025-11-26 16:50:00,3.8,,
2025-11-26 16:55:00,3.9,,
2025-11-26 17:00:00,4.1,,
2025-11-26 17:05:00,3.8,,
2025-11-26 17:10:00,4.1,,
2025-11-26 17:15:00,4.7,,
2025-11-26 17:20:00,5.0,,
2025-11-26 17:25:00,5.4,,
2025-11-26 17:30:00,5.5,,
2025-11-26 17:35:00,5.8,3.0,0.15
2025-11-26 17:40:00,6.1,,
2025-11-26 17:45:00,6.2,,
2025-11-26 17:50:00,6.5,,
2025-11-26 17:55:00,6.4,,
2025-11-26 18:00:00,6.9,3.0,0.15
2025-11-26 18:05:00,6.5,,
2025-11-26 18:10:00,6.4,,
2025-11-26 18:15:00,6.2,,
2025-11-26 18:20:00,6.4,,
2025-11-26 18:25:00,6.0,,
2025-11-26 18:30:00,6.0,10.0,0.5
2025-11-26 18:35:00,6.2,,
2025-11-26 18:40:00,6.8,,
2025-11-26 18:45:00,7.1,,
2025-11-26 18:50:00,7.1,,
2025-11-26 18:55:00,7.5,,
2025-11-26 19:00:00,7.4,,
2025-11-26 19:05:00,7.0,,
2025-11-26 19:10:00,7.5,,
2025-11-26 19:15:00,7.1,3.0,0.15
2025-11-26 19:20:00,7.0,7.0,0.35
2025-11-26 19:25:00,6.3,,
2025-11-26 19:30:00,6.4,,
2025-11-26 19:35:00,6.4,,
2025-11-26 19:40:00,6.8,,
2025-11-26 19:45:00,6.7,,
2025-11-26 19:50:00,6.7,,
2025-11-26 19:55:00,6.7,,
2025-11-26 20:00:00,7.0,,
2025-11-26 20:05:00,7.0,,
2025-11-26 20:10:00,7.1,,
2025-11-26 20:15:00,7.0,3.0,0.15
2025-11-26 20:20:00,7.0,,
2025-11-26 20:25:00,7.0,,
2025-11-26 20:30:00,6.8,,
2025-11-26 20:35:00,6.4,0.0,0.3
2025-11-26 20:40:00,6.3,,
2025-11-26 20:45:00,6.0,,
2025-11-26 20:50:00,5.9,,
2025-11-26 20:55:00,6.4,,
2025-11-26 21:00:00,6.5,,
2025-11-26 21:05:00,6.4,,
2025-11-26 21:10:00,6.5,,
2025-11-26 21:15:00,6.7,,
2025-11-26 21:20:00,6.6,,
2025-11-26 21:25:00,6.0,,
2025-11-26 21:30:00,6.4,,
2025-11-26 21:36:00,6.5,,
2025-11-26 21:41:00,6.9,,
2025-11-26 21:45:00,7.0,,
2025-11-26 21:50:00,7.1,,
2025-11-26 21:55:00,7.6,,
2025-11-26 22:00:00,7.9,,
2025-11-26 22:05:00,7.2,,
2025-11-26 22:10:00,7.5,,
2025-11-26 22:15:00,7.6,,
2025-11-26 22:20:00,8.0,,
2025-11-26 22:25:00,8.4,,
2025-11-26 22:30:00,8.4,0.0,0.35
2025-11-26 22:35:00,8.1,,
2025-11-26 22:40:00,8.2,,
2025-11-26 22:45:00,8.3,,
2025-11-26 22:50:00,8.7,,
2025-11-26 22:55:00,8.8,,
2025-11-26 23:00:00,8.8,,
2025-11-26 23:05:00,8.5,,
2025-11-26 23:10:00,8.5,,
2025-11-26 23:15:00,8.5,,
2025-11-26 23:20:00,8.7,,
2025-11-26 23:25:00,8.8,,
2025-11-26 23:30:00,8.9,,
2025-11-26 23:35:00,9.1,,
2025-11-26 23:41:00,9.2,,
2025-11-26 23:46:00,9.5,,
2025-11-26 23:51:00,9.8,,
2025-11-26 23:56:00,9.7,,
2025-11-27 00:01:00,9.3,,
2025-11-27 00:06:00,9.1,,
2025-11-27 00:11:00,9.1,,
2025-11-27 00:16:00,9.0,,
2025-11-27 00:21:00,8.9,,
2025-11-27 00:26:00,9.0,,
2025-11-27 00:31:00,8.9,,
2025-11-27 00:36:00,8.8,,
2025-11-27 00:41:00,8.7,,
2025-11-27 00:46:00,8.5,,
2025-11-27 00:51:00,8.2,,
2025-11-27 00:56:00,8.1,,
2025-11-27 01:01:00,8.0,,
2025-11-27 01:06:00,7.8,,
2025-11-27 01:11:00,7.7,,
2025-11-27 01:16:00,7.5,,
2025-11-27 01:21:00,7.3,,
2025-11-27 01:25:00,7.3,,
2025-11-27 01:30:00,7.2,,
2025-11-27 01:35:00,7.2,,
2025-11-27 01:40:00,7.3,,
2025-11-27 01:45:00,7.4,,
2025-11-27 01:50:00,7.6,,
2025-11-27 01:55:00,7.7,,
2025-11-27 02:00:00,7.9,,
2025-11-27 02:05:00,8.0,,
2025-11-27 02:10:00,8.2,,
2025-11-27 02:15:00,8.3,,
2025-11-27 02:20:00,8.4,,
2025-11-27 02:25:00,8.4,,
2025-11-27 02:30:00,8.1,,
2025-11-27 02:35:00,8.3,,
2025-11-27 02:40:00,8.6,,
2025-11-27 02:45:00,8.3,,
2025-11-27 02:50:00,8.6,,
2025-11-27 02:55:00,8.8,,
2025-11-27 03:00:00,8.8,,
2025-11-27 03:05:00,8.9,,
2025-11-27 03:10:00,8.7,,
2025-11-27 03:15:00,8.5,,
2025-11-27 03:20:00,8.8,,
2025-11-27 03:25:00,9.1,,
2025-11-27 03:30:00,8.9,0.0,0.4
2025-11-27 03:35:00,8.9,,
2025-11-27 03:40:00,8.3,,
2025-11-27 03:45:00,8.7,,
2025-11-27 03:50:00,8.0,,
2025-11-27 03:55:00,7.9,,
2025-11-27 04:00:00,8.2,,
2025-11-27 04:05:00,8.1,,
2025-11-27 04:10:00,8.0,,
2025-11-27 04:15:00,7.9,,
2025-11-27 04:20:00,7.8,,
2025-11-27 04:25:00,7.8,,
2025-11-27 04:30:00,7.7,,
2025-11-27 04:35:00,7.7,,
2025-11-27 04:40:00,7.7,,
2025-11-27 04:45:00,8.2,,
2025-11-27 04:50:00,8.3,,
2025-11-27 04:55:00,8.0,,
2025-11-27 05:00:00,8.1,,
2025-11-27 05:05:00,8.1,,
2025-11-27 05:10:00,8.0,,
2025-11-27 05:15:00,7.8,,
2025-11-27 05:20:00,7.7,,
2025-11-27 05:25:00,7.5,,
2025-11-27 05:30:00,7.3,,
2025-11-27 05:35:00,6.9,,
2025-11-27 05:40:00,6.9,,
2025-11-27 05:45:00,6.9,,
2025-11-27 05:50:00,6.7,,
2025-11-27 05:55:00,6.5,,
2025-11-27 06:00:00,6.2,,
2025-11-27 06:05:00,6.2,,
2025-11-27 06:10:00,6.1,,
2025-11-27 06:15:00,6.2,,
2025-11-27 06:20:00,6.1,,
2025-11-27 06:25:00,6.1,,
2025-11-27 06:30:00,6.2,,
2025-11-27 06:35:00,6.4,,
2025-11-27 06:40:00,6.4,,
2025-11-27 06:45:00,6.4,,
2025-11-27 06:50:00,6.5,,
2025-11-27 06:55:00,6.7,,
2025-11-27 07:00:00,6.9,,
2025-11-27 07:05:00,7.0,,
2025-11-27 07:10:00,6.9,,
2025-11-27 07:15:00,6.8,,
2025-11-27 07:20:00,6.9,,
2025-11-27 07:25:00,6.9,,
2025-11-27 07:30:00,6.8,,
2025-11-27 07:35:00,6.8,0.0,0.2
2025-11-27 07:40:00,6.7,,
2025-11-27 07:45:00,6.5,,
2025-11-27 07:50:00,6.6,,
2025-11-27 07:55:00,6.5,,
2025-11-27 08:00:00,6.4,,
2025-11-27 08:05:00,6.1,,
2025-11-27 08:10:00,5.9,10.0,0.55
2025-11-27 08:15:00,6.1,,
2025-11-27 08:20:00,6.2,,
2025-11-27 08:25:00,6.2,,
2025-11-27 08:30:00,6.5,,
2025-11-27 08:35:00,7.4,,
2025-11-27 08:40:00,8.0,5.0,0.25
2025-11-27 08:45:00,8.2,,
2025-11-27 08:50:00,9.3,,
2025-11-27 08:55:00,9.7,,
2025-11-27 09:00:00,10.3,5.0,0.25
2025-11-27 09:05:00,10.7,,
2025-11-27 09:10:00,11.5,,
2025-11-27 09:15:00,11.9,,
2025-11-27 09:20:00,12.3,,
2025-11-27 09:25:00,12.9,,
2025-11-27 09:30:00,12.8,,
2025-11-27 09:35:00,12.8,,
2025-11-27 09:40:00,12.7,,
2025-11-27 09:45:00,12.9,,
2025-11-27 09:50:00,12.6,,
2025-11-27 09:55:00,12.4,,
2025-11-27 10:00:00,12.5,,
2025-11-27 10:05:00,12.3,,
2025-11-27 10:10:00,11.9,,
2025-11-27 10:15:00,11.4,,
2025-11-27 10:20:00,11.0,,
2025-11-27 10:25:00,10.8,,
2025-11-27 10:30:00,10.3,,
2025-11-27 10:35:00,10.1,,
2025-11-27 10:40:00,9.9,,
2025-11-27 10:45:00,9.6,,
2025-11-27 10:50:00,9.2,,
2025-11-27 10:55:00,9.0,,
2025-11-27 11:00:00,9.1,,
2025-11-27 11:05:00,9.0,,
2025-11-27 11:10:00,8.9,,
2025-11-27 11:15:00,8.7,,
2025-11-27 11:20:00,8.5,,
2025-11-27 11:25:00,8.4,,
2025-11-27 11:30:00,8.5,,
2025-11-27 11:35:00,8.4,9.0,0.6
2025-11-27 11:40:00,8.4,,
2025-11-27 11:45:00,8.3,,
2025-11-27 11:50:00,8.3,,
2025-11-27 11:55:00,8.8,,
2025-11-27 12:00:00,9.3,,
2025-11-27 12:05:00,9.4,,
2025-11-27 12:10:00,9.5,,
2025-11-27 12:15:00,8.8,,
2025-11-27 12:20:00,8.0,,
2025-11-27 12:25:00,7.1,,
2025-11-27 12:30:00,6.3,,
2025-11-27 12:35:00,6.1,,
2025-11-27 12:40:00,6.1,,
2025-11-27 12:45:00,6.1,,
2025-11-27 12:50:00,5.8,,
2025-11-27 12:55:00,5.8,,
2025-11-27 13:00:00,6.0,,
2025-11-27 13:05:00,5.6,,
2025-11-27 13:10:00,5.3,,
2025-11-27 13:15:00,5.3,,
2025-11-27 13:20:00,5.2,,
2025-11-27 13:25:00,5.3,,
2025-11-27 13:30:00,5.7,,
2025-11-27 13:35:00,5.9,,
2025-11-27 13:40:00,6.3,,
2025-11-27 13:45:00,6.3,,
2025-11-27 13:50:00,6.2,,
2025-11-27 13:55:00,6.0,,
2025-11-27 14:00:00,5.8,,
2025-11-27 14:05:00,5.8,,
2025-11-27 14:10:00,5.9,25.0,1.25
2025-11-27 14:15:00,5.9,,
2025-11-27 14:20:00,5.6,,
2025-11-27 14:25:00,6.2,,
2025-11-27 14:30:00,7.7,,
2025-11-27 14:35:00,8.7,,
2025-11-27 14:40:00,9.4,,
2025-11-27 14:45:00,9.9,,
2025-11-27 14:50:00,10.2,,
2025-11-27 14:55:00,10.0,,
2025-11-27 15:00:00,9.4,,
2025-11-27 15:05:00,8.7,,
2025-11-27 15:10:00,8.9,,
2025-11-27 15:15:00,9.2,,
2025-11-27 15:20:00,9.0,,
2025-11-27 15:25:00,8.5,,
2025-11-27 15:30:00,7.9,,
2025-11-27 15:35:00,7.5,,
2025-11-27 15:40:00,7.2,,
2025-11-27 15:45:00,7.2,,
2025-11-27 15:50:00,6.9,0.0,0.1
2025-11-27 15:55:00,6.6,,
2025-11-27 16:00:00,6.5,5.0,0.3
2025-11-27 16:05:00,6.2,3.0,0.2
2025-11-27 16:10:00,5.7,,
2025-11-27 16:15:00,5.7,,
2025-11-27 16:20:00,6.1,,
2025-11-27 16:25:00,6.1,,
2025-11-27 16:30:00,5.7,,
2025-11-27 16:35:00,4.7,,
2025-11-27 16:40:00,3.9,,
2025-11-27 16:45:00,3.0,,
2025-11-27 16:50:00,0.1,,
2025-11-27 16:55:00,2.2,,
2025-11-27 17:00:00,3.7,,
2025-11-27 17:05:00,5.6,,
2025-11-27 17:10:00,6.6,,
2025-11-27 17:15:00,6.1,,
2025-11-27 17:20:00,5.7,,
2025-11-27 17:25:00,5.5,,
2025-11-27 17:30:00,5.5,,
2025-11-27 17:35:00,5.4,5.0,0.3
2025-11-27 17:40:00,5.8,,
2025-11-27 17:45:00,6.2,,
2025-11-27 17:50:00,6.8,,
2025-11-27 17:55:00,6.7,,
2025-11-27 18:00:00,5.9,,
2025-11-27 18:05:00,5.3,,
2025-11-27 18:10:00,4.7,,
2025-11-27 18:16:00,4.2,,
2025-11-27 18:20:00,4.2,,
2025-11-27 18:25:00,4.4,10.0,0.5
2025-11-27 18:30:00,5.4,,
2025-11-27 18:35:00,6.9,,
2025-11-27 18:40:00,7.7,,
2025-11-27 18:45:00,8.4,,
2025-11-27 18:50:00,8.7,,
2025-11-27 18:55:00,8.9,,
2025-11-27 19:00:00,8.8,,
2025-11-27 19:05:00,8.5,,
2025-11-27 19:10:00,7.7,,
2025-11-27 19:15:00,6.7,,
2025-11-27 19:20:00,5.5,,
2025-11-27 19:25:00,4.4,,
2025-11-27 19:31:00,3.9,,
2025-11-27 19:36:00,3.7,,
2025-11-27 19:41:00,3.6,,
2025-11-27 19:46:00,3.7,,
2025-11-27 19:51:00,4.1,,
2025-11-27 19:56:00,4.6,,
2025-11-27 20:01:00,4.9,,
2025-11-27 20:06:00,5.0,,
2025-11-27 20:11:00,5.8,,
2025-11-27 20:16:00,6.0,,
2025-11-27 20:21:00,6.2,,
2025-11-27 20:25:00,6.2,10.0,0.55
2025-11-27 20:30:00,6.2,,
2025-11-27 20:35:00,7.1,,
2025-11-27 20:40:00,8.2,0.0,0.1
2025-11-27 20:45:00,9.6,,
2025-11-27 20:50:00,10.3,,
2025-11-27 20:55:00,10.4,0.0,0.1
2025-11-27 21:00:00,9.5,,
2025-11-27 21:05:00,8.5,,
2025-11-27 21:10:00,8.0,,
2025-11-27 21:15:00,7.7,,
2025-11-27 21:20:00,7.1,,
2025-11-27 21:25:00,6.8,,
2025-11-27 21:30:00,6.7,,
2025-11-27 21:35:00,6.8,,
2025-11-27 21:40:00,6.9,,
2025-11-27 21:45:00,6.7,,
2025-11-27 21:50:00,6.7,,
2025-11-27 21:55:00,6.7,,
2025-11-27 22:00:00,6.3,,
2025-11-27 22:05:00,6.3,,
2025-11-27 22:10:00,6.7,,
2025-11-27 22:15:00,6.6,,
2025-11-27 22:20:00,6.7,,
2025-11-27 22:26:00,6.8,,
2025-11-27 22:30:00,6.7,0.0,0.1
2025-11-27 22:35:00,7.3,,
2025-11-27 22:40:00,8.3,,
2025-11-27 22:45:00,8.4,0.0,0.2
2025-11-27 22:50:00,9.0,,
2025-11-27 22:55:00,9.5,,
2025-11-27 23:00:00,9.6,0.0,0.25
2025-11-27 23:05:00,9.9,,
2025-11-27 23:10:00,10.2,,
2025-11-27 23:15:00,10.3,,
2025-11-27 23:20:00,10.5,,
2025-11-27 23:25:00,11.1,,
2025-11-27 23:30:00,11.3,,
2025-11-27 23:35:00,11.3,,
2025-11-27 23:40:00,11.6,,
2025-11-27 23:45:00,11.8,,
2025-11-27 23:50:00,11.8,,
2025-11-27 23:55:00,11.9,,
2025-11-28 00:00:00,12.2,,
2025-11-28 00:05:00,12.4,,
2025-11-28 00:10:00,12.7,,
2025-11-28 00:15:00,12.8,,
2025-11-28 00:20:00,13.2,,
2025-11-28 00:25:00,13.6,,
2025-11-28 00:31:00,13.9,,
2025-11-28 00:35:00,13.9,,
2025-11-28 00:40:00,13.7,,
2025-11-28 00:45:00,12.5,,
2025-11-28 00:50:00,12.8,,
2025-11-28 00:55:00,13.2,,
2025-11-28 01:00:00,13.6,,
2025-11-28 01:05:00,13.8,,
2025-11-28 01:10:00,13.9,,
2025-11-28 01:15:00,13.8,,
2025-11-28 01:20:00,13.7,,
2025-11-28 01:25:00,13.6,,
2025-11-28 01:30:00,13.2,,
2025-11-28 01:35:00,12.0,,
2025-11-28 01:40:00,12.5,,
2025-11-28 01:45:00,12.6,,
2025-11-28 01:50:00,12.8,,
2025-11-28 01:55:00,12.5,,
2025-11-28 02:00:00,11.9,,
2025-11-28 02:05:00,11.8,,
2025-11-28 02:10:00,11.7,0.0,0.5
2025-11-28 02:15:00,11.5,,
2025-11-28 02:20:00,11.8,,
2025-11-28 02:25:00,11.8,,
2025-11-28 02:30:00,11.6,,
2025-11-28 02:35:00,11.5,0.0,0.2
2025-11-28 02:40:00,11.2,,
2025-11-28 02:45:00,10.9,,
2025-11-28 02:50:00,10.3,,
2025-11-28 02:55:00,10.5,,
2025-11-28 03:00:00,10.4,,
2025-11-28 03:05:00,10.0,,
2025-11-28 03:10:00,9.3,,
2025-11-28 03:15:00,8.9,,
2025-11-28 03:20:00,8.7,,
2025-11-28 03:25:00,8.5,,
2025-11-28 03:30:00,8.3,,
2025-11-28 03:35:00,8.1,,
2025-11-28 03:41:00,7.9,,
2025-11-28 03:46:00,7.8,,
2025-11-28 03:50:00,7.7,,
2025-11-28 03:55:00,7.4,,
2025-11-28 04:00:00,7.4,,
2025-11-28 04:05:00,7.3,,
2025-11-28 04:10:00,6.8,,
2025-11-28 04:15:00,6.7,,
2025-11-28 04:20:00,6.7,,
2025-11-28 04:25:00,6.6,,
2025-11-28 04:30:00,6.5,0.0,0.1
2025-11-28 04:36:00,6.6,,
2025-11-28 04:41:00,6.5,,
2025-11-28 04:46:00,6.6,,
2025-11-28 04:50:00,6.2,,
2025-11-28 04:55:00,5.9,,
2025-11-28 05:00:00,6.0,,
2025-11-28 05:05:00,5.9,,
2025-11-28 05:10:00,5.6,,
2025-11-28 05:15:00,5.3,,
2025-11-28 05:20:00,5.3,,
2025-11-28 05:25:00,5.4,,
2025-11-28 05:30:00,5.4,,
2025-11-28 05:35:00,5.4,,
2025-11-28 05:40:00,5.7,,
2025-11-28 05:45:00,5.6,,
2025-11-28 05:50:00,5.7,,
2025-11-28 05:55:00,5.7,,
2025-11-28 06:00:00,5.5,,
2025-11-28 06:05:00,5.4,,
2025-11-28 06:10:00,5.7,,
2025-11-28 06:15:00,5.8,,
2025-11-28 06:20:00,5.8,,
2025-11-28 06:25:00,5.8,,
2025-11-28 06:30:00,6.1,,
2025-11-28 06:35:00,6.1,,
2025-11-28 06:40:00,6.0,,
2025-11-28 06:45:00,6.2,,
2025-11-28 06:51:00,5.9,,
2025-11-28 06:55:00,6.2,,
2025-11-28 07:00:00,6.9,,
2025-11-28 07:05:00,6.8,,
2025-11-28 07:10:00,6.4,,
2025-11-28 07:15:00,6.4,,
2025-11-28 07:20:00,6.8,,
2025-11-28 07:25:00,6.6,,
2025-11-28 07:30:00,6.6,,
2025-11-28 07:35:00,6.7,0.0,0.1
2025-11-28 07:40:00,6.9,,
2025-11-28 07:45:00,6.9,,
2025-11-28 07:50:00,6.9,0.0,0.1
2025-11-28 07:55:00,7.0,,
2025-11-28 08:00:00,7.0,,
2025-11-28 08:05:00,7.0,,
2025-11-28 08:10:00,7.2,,
2025-11-28 08:15:00,7.2,,
2025-11-28 08:20:00,7.3,,
2025-11-28 08:25:00,7.4,0.0,0.15
2025-11-28 08:30:00,7.4,10.0,0.55
2025-11-28 08:35:00,7.4,,
2025-11-28 08:40:00,7.4,,
2025-11-28 08:45:00,7.5,,
2025-11-28 08:50:00,7.9,,
2025-11-28 08:55:00,7.8,,
2025-11-28 09:00:00,7.1,,
2025-11-28 09:05:00,7.3,,
2025-11-28 09:10:00,6.5,,
2025-11-28 09:15:00,5.5,,
2025-11-28 09:20:00,4.9,,
2025-11-28 09:25:00,4.5,,
2025-11-28 09:30:00,4.1,,
2025-11-28 09:35:00,4.0,,
2025-11-28 09:40:00,3.9,,
2025-11-28 09:45:00,3.7,,
2025-11-28 09:50:00,3.5,,
2025-11-28 09:55:00,3.6,,
2025-11-28 10:00:00,3.7,,
2025-11-28 10:05:00,4.3,,
2025-11-28 10:10:00,5.5,,
2025-11-28 10:15:00,5.9,,
2025-11-28 10:20:00,5.8,,
2025-11-28 10:25:00,5.9,,
2025-11-28 10:30:00,5.8,,
2025-11-28 10:35:00,5.4,,
2025-11-28 10:40:00,5.2,,
2025-11-28 10:45:00,5.1,,
2025-11-28 10:50:00,5.1,,
2025-11-28 10:55:00,4.9,,
2025-11-28 11:00:00,5.1,,
2025-11-28 11:05:00,5.2,,
2025-11-28 11:10:00,5.2,,
2025-11-28 11:15:00,5.4,,
2025-11-28 11:20:00,6.0,,
2025-11-28 11:25:00,6.1,,
2025-11-28 11:30:00,5.8,,
2025-11-28 11:35:00,5.6,32.0,1.55
2025-11-28 11:40:00,5.1,,
2025-11-28 11:45:00,5.0,,
2025-11-28 11:50:00,5.3,,
2025-11-28 11:55:00,5.5,,
2025-11-28 12:00:00,5.6,,
2025-11-28 12:05:00,5.6,,
2025-11-28 12:10:00,5.2,,
2025-11-28 12:15:00,4.8,,
2025-11-28 12:20:00,5.3,,
2025-11-28 12:25:00,6.2,,
2025-11-28 12:30:00,6.9,,
2025-11-28 12:35:00,7.0,,
2025-11-28 12:40:00,7.2,,
2025-11-28 12:45:00,6.9,,
2025-11-28 12:50:00,7.3,,
2025-11-28 12:55:00,7.4,,
2025-11-28 13:00:00,8.0,,
2025-11-28 13:05:00,8.7,,
2025-11-28 13:10:00,8.9,,
2025-11-28 13:15:00,8.5,,
2025-11-28 13:20:00,8.5,,
2025-11-28 13:25:00,9.0,,
2025-11-28 13:30:00,9.4,,
2025-11-28 13:35:00,9.8,,
2025-11-28 13:40:00,10.1,,
2025-11-28 13:45:00,10.3,,
2025-11-28 13:50:00,10.7,,
2025-11-28 13:55:00,10.9,,
2025-11-28 14:00:00,10.4,,
2025-11-28 14:05:00,10.5,,
2025-11-28 14:10:00,10.3,24.0,1.3
2025-11-28 14:15:00,9.9,,
2025-11-28 14:20:00,9.6,,
2025-11-28 14:25:00,9.3,,
2025-11-28 14:30:00,9.5,,
2025-11-28 14:35:00,9.3,,
2025-11-28 14:40:00,9.7,,
2025-11-28 14:45:00,8.8,,
2025-11-28 14:50:00,8.2,,
2025-11-28 14:55:00,7.8,,
2025-11-28 15:00:00,7.3,,
2025-11-28 15:05:00,7.3,,
2025-11-28 15:10:00,6.5,,
2025-11-28 15:15:00,5.9,,
2025-11-28 15:20:00,5.8,,
2025-11-28 15:25:00,6.3,,
2025-11-28 15:30:00,6.5,,
2025-11-28 15:35:00,6.4,,
2025-11-28 15:40:00,5.9,,
2025-11-28 15:45:00,5.0,,
2025-11-28 15:50:00,4.3,5.0,0.25
2025-11-28 15:55:00,4.5,,
2025-11-28 16:00:00,5.0,15.0,0.8
2025-11-28 16:05:00,5.2,,
2025-11-28 16:10:00,5.4,,
2025-11-28 16:15:00,6.5,,
2025-11-28 16:20:00,7.5,,
2025-11-28 16:25:00,7.9,,
2025-11-28 16:30:00,8.5,,
2025-11-28 16:35:00,8.9,,
2025-11-28 16:40:00,9.4,,
2025-11-28 16:45:00,9.8,,
2025-11-28 16:50:00,9.5,5.0,0.25
2025-11-28 16:55:00,9.0,,
2025-11-28 17:00:00,7.4,,
2025-11-28 17:05:00,5.8,,
2025-11-28 17:10:00,5.6,,
2025-11-28 17:15:00,5.3,,
2025-11-28 17:20:00,4.9,,
2025-11-28 17:25:00,5.1,,
2025-11-28 17:30:00,5.2,,
2025-11-28 17:35:00,4.8,,
2025-11-28 17:40:00,4.2,,
2025-11-28 17:45:00,4.2,,
2025-11-28 17:50:00,4.8,,
2025-11-28 17:55:00,5.4,,
2025-11-28 18:00:00,5.9,,
2025-11-28 18:05:00,6.0,,
2025-11-28 18:10:00,5.9,,
2025-11-28 18:15:00,5.9,,
2025-11-28 18:20:00,5.9,,
2025-11-28 18:25:00,6.4,,
2025-11-28 18:30:00,7.0,,
2025-11-28 18:35:00,7.5,,
2025-11-28 18:40:00,7.7,,
2025-11-28 18:45:00,8.0,0.0,0.25
2025-11-28 18:50:00,8.5,,
2025-11-28 18:56:00,8.7,0.0,0.1
2025-11-28 19:00:00,8.7,20.0,1.0
2025-11-28 19:05:00,9.2,,
2025-11-28 19:10:00,9.3,,
2025-11-28 19:15:00,9.6,,
2025-11-28 19:20:00,9.5,,
2025-11-28 19:25:00,9.0,,
2025-11-28 19:30:00,8.2,,
2025-11-28 19:35:00,7.4,,
2025-11-28 19:40:00,6.3,,
2025-11-28 19:45:00,5.1,,
2025-11-28 19:50:00,4.5,,
2025-11-28 19:55:00,3.7,,
2025-11-28 20:00:00,3.2,,
2025-11-28 20:05:00,3.0,,
2025-11-28 20:10:00,3.4,,
2025-11-28 20:15:00,4.1,,
2025-11-28 20:20:00,5.2,,
2025-11-28 20:25:00,6.9,0.0,0.25
2025-11-28 20:30:00,8.3,,
2025-11-28 20:35:00,9.3,,
2025-11-28 20:40:00,11.2,,
2025-11-28 20:45:00,12.2,,
2025-11-28 20:50:00,,,
2025-11-28 20:55:00,10.5,,
2025-11-28 21:01:00,8.4,,
2025-11-28 21:05:00,7.7,,
2025-11-28 21:10:00,8.0,,
2025-11-28 21:15:00,8.4,,
2025-11-28 21:20:00,8.8,,
2025-11-28 21:25:00,8.6,,
2025-11-28 21:30:00,8.4,,
2025-11-28 21:35:00,8.7,,
2025-11-28 21:40:00,9.1,,
2025-11-28 21:45:00,9.3,,
2025-11-28 21:50:00,9.6,,
2025-11-28 21:55:00,9.9,,
2025-11-28 22:00:00,10.5,,
2025-11-28 22:05:00,10.8,,
2025-11-28 22:10:00,11.2,,
2025-11-28 22:15:00,11.6,,
2025-11-28 22:20:00,12.5,,
2025-11-28 22:25:00,12.8,,
2025-11-28 22:30:00,13.7,,
2025-11-28 22:35:00,14.1,,
2025-11-28 22:40:00,13.5,,
2025-11-28 22:45:00,13.5,,
2025-11-28 22:50:00,13.7,,
2025-11-28 22:55:00,13.5,,
2025-11-28 23:01:00,12.7,,
2025-11-28 23:05:00,13.0,,
2025-11-28 23:10:00,13.2,,
2025-11-28 23:15:00,12.8,,
2025-11-28 23:20:00,12.7,,
2025-11-28 23:25:00,12.8,,
2025-11-28 23:30:00,12.6,,
2025-11-28 23:35:00,12.7,,
2025-11-28 23:40:00,12.8,,
2025-11-28 23:45:00,12.8,,
2025-11-28 23:50:00,12.8,,
2025-11-28 23:55:00,13.2,,
2025-12-01 00:01:00,13.2,,
2025-12-01 00:06:00,12.8,,
2025-12-01 00:11:00,12.4,,
2025-12-01 00:16:00,12.0,,
2025-12-01 00:21:00,11.8,,
2025-12-01 00:26:00,12.0,,
2025-12-01 00:31:00,11.8,,
2025-12-01 00:36:00,11.5,,
2025-12-01 00:41:00,11.2,,
2025-12-01 00:46:00,11.0,,
2025-12-01 00:51:00,10.9,,
2025-12-01 00:56:00,10.5,,
2025-12-01 01:01:00,9.8,,
2025-12-01 01:06:00,9.4,,
2025-12-01 01:11:00,9.3,,
2025-12-01 01:16:00,8.9,,
2025-12-01 01:21:00,8.7,,
2025-12-01 01:25:00,8.4,,
2025-12-01 01:30:00,8.0,,
2025-12-01 01:35:00,7.5,,
2025-12-01 01:40:00,6.7,,
2025-12-01 01:45:00,6.5,,
2025-12-01 01:50:00,6.2,,
2025-12-01 01:55:00,5.9,,
2025-12-01 02:00:00,5.9,,
2025-12-01 02:05:00,5.9,,
2025-12-01 02:10:00,5.9,,
2025-12-01 02:15:00,5.9,,
2025-12-01 02:20:00,6.1,,
2025-12-01 02:25:00,6.3,,
2025-12-01 02:30:00,6.3,,
2025-12-01 02:35:00,5.9,,
2025-12-01 02:40:00,5.8,,
2025-12-01 02:45:00,5.8,,
2025-12-01 02:50:00,5.7,,
2025-12-01 02:55:00,5.7,,
2025-12-01 03:00:00,5.6,,
2025-12-01 03:05:00,5.6,,
2025-12-01 03:10:00,5.6,,
2025-12-01 03:15:00,5.6,,
2025-12-01 03:20:00,5.6,,
2025-12-01 03:25:00,5.7,,
2025-12-01 03:30:00,5.7,,
2025-12-01 03:35:00,5.7,,
2025-12-01 03:41:00,5.4,,
2025-12-01 03:46:00,5.3,,
2025-12-01 03:51:00,5.2,,
2025-12-01 03:56:00,5.1,,
2025-12-01 04:01:00,4.7,,
2025-12-01 04:06:00,4.6,,
2025-12-01 04:11:00,4.7,,
2025-12-01 04:16:00,4.6,,
2025-12-01 04:21:00,4.4,,
2025-12-01 04:26:00,4.4,,
2025-12-01 04:31:00,4.5,,
2025-12-01 04:36:00,4.6,,
2025-12-01 04:41:00,4.6,,
2025-12-01 04:46:00,4.6,,
2025-12-01 04:51:00,4.7,,
2025-12-01 04:56:00,4.8,,
2025-12-01 05:01:00,4.8,,
2025-12-01 05:06:00,4.8,,
2025-12-01 05:11:00,4.8,,
2025-12-01 05:16:00,4.8,,
2025-12-01 05:21:00,4.8,,
2025-12-01 05:26:00,4.6,,
2025-12-01 05:31:00,5.1,,
2025-12-01 05:36:00,4.9,,
2025-12-01 05:41:00,5.1,,
2025-12-01 05:46:00,5.5,,
2025-12-01 05:51:00,5.6,,
2025-12-01 05:56:00,5.8,,
2025-12-01 06:01:00,5.8,,
2025-12-01 06:06:00,5.6,,
2025-12-01 06:11:00,5.6,,
2025-12-01 06:16:00,5.6,,
2025-12-01 06:21:00,5.6,,
2025-12-01 06:26:00,5.6,,
2025-12-01 06:31:00,5.0,,
2025-12-01 06:36:00,5.1,,
2025-12-01 06:41:00,5.2,,
2025-12-01 06:46:00,5.2,,
2025-12-01 06:51:00,5.3,,
2025-12-01 06:56:00,5.3,,
2025-12-01 07:01:00,5.3,,
2025-12-01 07:06:00,5.3,,
2025-12-01 07:11:00,5.1,,
2025-12-01 07:16:00,5.5,,
2025-12-01 07:21:00,5.5,,
2025-12-01 07:26:00,5.7,,
2025-12-01 07:31:00,5.6,,
2025-12-01 07:36:00,5.4,,
2025-12-01 07:41:00,4.9,,
2025-12-01 07:46:00,4.9,,
2025-12-01 07:51:00,5.6,,
2025-12-01 07:56:00,5.6,,
2025-12-01 08:01:00,5.2,,
2025-12-01 08:06:00,5.3,,
2025-12-01 08:11:00,5.5,35.0,1.85
2025-12-01 08:16:00,5.2,,
2025-12-01 08:21:00,4.8,,
2025-12-01 08:26:00,4.4,,
2025-12-01 08:31:00,3.8,,
2025-12-01 08:35:00,3.8,,
2025-12-01 08:41:00,3.9,,
2025-12-01 08:46:00,3.9,,
2025-12-01 08:51:00,4.4,,
2025-12-01 08:56:00,4.9,,
2025-12-01 09:00:00,5.1,0.0,0.15
2025-12-01 09:05:00,4.9,,
2025-12-01 09:10:00,4.7,,
2025-12-01 09:15:00,4.6,,
2025-12-01 09:20:00,4.7,,
2025-12-01 09:25:00,4.9,,
2025-12-01 09:30:00,5.1,,
2025-12-01 09:35:00,4.8,,
2025-12-01 09:40:00,4.7,,
2025-12-01 09:45:00,4.7,,
2025-12-01 09:51:00,4.7,,
2025-12-01 09:56:00,4.3,,
2025-12-01 10:01:00,4.4,,
2025-12-01 10:06:00,4.6,,
2025-12-01 10:11:00,4.8,,
2025-12-01 10:16:00,5.3,,
2025-12-01 10:21:00,5.2,,
2025-12-01 10:26:00,5.4,,
2025-12-01 10:31:00,5.7,,
2025-12-01 10:36:00,6.1,,
2025-12-01 10:40:00,6.4,,
2025-12-01 10:45:00,6.8,,
2025-12-01 10:50:00,7.0,,
2025-12-01 10:55:00,7.5,,
2025-12-01 11:00:00,7.7,,
2025-12-01 11:05:00,8.4,,
2025-12-01 11:10:00,8.9,,
2025-12-01 11:15:00,9.1,,
2025-12-01 11:20:00,9.0,,
2025-12-01 11:25:00,8.9,,
2025-12-01 11:30:00,8.7,10.0,0.75
2025-12-01 11:35:00,8.3,,
2025-12-01 11:40:00,8.0,,
2025-12-01 11:45:00,7.9,,
2025-12-01 11:50:00,7.9,,
2025-12-01 11:55:00,7.9,,
2025-12-01 12:00:00,8.3,,
2025-12-01 12:05:00,8.5,,
2025-12-01 12:10:00,8.4,,
2025-12-01 12:15:00,8.8,,
2025-12-01 12:21:00,8.5,,
2025-12-01 12:26:00,8.4,,
2025-12-01 12:31:00,8.4,,
2025-12-01 12:36:00,8.0,,
2025-12-01 12:41:00,6.8,,
2025-12-01 12:45:00,5.6,,
2025-12-01 12:50:00,5.3,,
2025-12-01 12:56:00,4.9,,
2025-12-01 13:00:00,4.4,,
2025-12-01 13:06:00,4.4,,
2025-12-01 13:11:00,4.7,,
2025-12-01 13:15:00,5.1,,
2025-12-01 13:21:00,5.6,,
2025-12-01 13:26:00,5.8,,
2025-12-01 13:31:00,6.1,,
2025-12-01 13:36:00,6.2,,
2025-12-01 13:41:00,6.1,,
2025-12-01 13:46:00,6.0,,
2025-12-01 13:51:00,6.0,,
2025-12-01 13:55:00,5.9,,
2025-12-01 14:00:00,5.6,,
2025-12-01 14:06:00,5.4,,
2025-12-01 14:11:00,5.4,,
2025-12-01 14:16:00,5.4,24.0,1.0
2025-12-01 14:21:00,5.6,,
2025-12-01 14:26:00,5.8,,
2025-12-01 14:30:00,7.0,,
2025-12-01 14:36:00,8.5,,
2025-12-01 14:41:00,9.6,,
2025-12-01 14:46:00,9.5,,
2025-12-01 14:51:00,9.8,,
2025-12-01 14:56:00,10.4,,
2025-12-01 15:00:00,10.1,,
2025-12-01 15:06:00,9.7,,
2025-12-01 15:11:00,9.9,,
2025-12-01 15:16:00,10.2,,
2025-12-01 15:21:00,10.5,,
2025-12-01 15:26:00,10.9,,
2025-12-01 15:31:00,11.0,,
2025-12-01 15:36:00,10.7,,
2025-12-01 15:41:00,10.0,,
2025-12-01 15:46:00,9.5,,
2025-12-01 15:51:00,9.3,,
2025-12-01 15:56:00,9.0,,
2025-12-01 16:01:00,9.2,,
2025-12-01 16:06:00,9.2,,
2025-12-01 16:11:00,9.3,,
2025-12-01 16:16:00,9.1,0.0,0.45
2025-12-01 16:21:00,9.3,,
2025-12-01 16:26:00,9.2,,
2025-12-01 16:31:00,9.0,,
2025-12-01 16:36:00,8.8,20.0,1.0
2025-12-01 16:41:00,8.5,6.0,0.3
2025-12-01 16:46:00,7.9,,
2025-12-01 16:51:00,7.4,,
2025-12-01 16:56:00,7.5,,
2025-12-01 17:01:00,7.1,,
2025-12-01 17:06:00,7.0,,
2025-12-01 17:11:00,7.0,,
2025-12-01 17:16:00,7.5,,
2025-12-01 17:21:00,7.7,,
2025-12-01 17:26:00,7.7,,
2025-12-01 17:31:00,7.7,,
2025-12-01 17:36:00,7.9,,
2025-12-01 17:41:00,7.9,,
2025-12-01 17:46:00,7.5,,
2025-12-01 17:51:00,7.3,,
2025-12-01 17:56:00,7.2,,
2025-12-01 18:01:00,6.8,,
2025-12-01 18:06:00,6.5,,
2025-12-01 18:11:00,6.5,5.0,0.3
2025-12-01 18:16:00,6.4,,
2025-12-01 18:21:00,6.5,,
2025-12-01 18:26:00,6.2,,
2025-12-01 18:31:00,6.7,,
2025-12-01 18:36:00,6.9,,
2025-12-01 18:40:00,6.8,,
2025-12-01 18:46:00,6.6,,
2025-12-01 18:51:00,6.2,,
2025-12-01 18:56:00,6.2,,
2025-12-01 19:01:00,6.3,,
2025-12-01 19:06:00,6.3,,
2025-12-01 19:11:00,6.2,,
2025-12-01 19:16:00,6.2,,
2025-12-01 19:21:00,5.9,,
2025-12-01 19:26:00,5.5,,
2025-12-01 19:31:00,5.3,,
2025-12-01 19:36:00,4.7,,
2025-12-01 19:41:00,4.4,,
2025-12-01 19:46:00,4.4,,
2025-12-01 19:51:00,4.1,5.0,0.25
2025-12-01 19:56:00,4.2,,
2025-12-01 20:01:00,4.4,,
2025-12-01 20:06:00,4.8,7.0,0.35
2025-12-01 20:11:00,5.1,,
2025-12-01 20:16:00,5.4,,
2025-12-01 20:21:00,5.6,,
2025-12-01 20:26:00,5.9,3.0,0.15
2025-12-01 20:31:00,6.2,,
2025-12-01 20:36:00,6.4,,
2025-12-01 20:41:00,6.8,5.0,0.25
2025-12-01 20:46:00,6.9,,
2025-12-01 20:51:00,7.2,,
2025-12-01 20:56:00,7.0,,
2025-12-01 21:01:00,6.5,,
2025-12-01 21:06:00,6.4,,
2025-12-01 21:11:00,6.8,,
2025-12-01 21:16:00,5.6,,
2025-12-01 21:21:00,5.1,,
2025-12-01 21:26:00,5.6,,
2025-12-01 21:31:00,5.7,,
2025-12-01 21:36:00,5.8,,
2025-12-01 21:41:00,5.5,,
2025-12-01 21:46:00,5.9,,
2025-12-01 21:51:00,6.0,,
2025-12-01 21:56:00,6.2,,
2025-12-01 22:01:00,6.3,,
2025-12-01 22:06:00,6.1,,
2025-12-01 22:11:00,5.9,,
2025-12-01 22:16:00,5.7,,
2025-12-01 22:21:00,5.9,,
2025-12-01 22:26:00,6.1,,
2025-12-01 22:31:00,6.3,0.0,0.15
2025-12-01 22:36:00,6.6,,
2025-12-01 22:41:00,6.9,,
2025-12-01 22:46:00,6.9,,
2025-12-01 22:51:00,6.9,,
2025-12-01 22:56:00,6.9,,
2025-12-01 23:01:00,7.3,0.0,0.1
2025-12-01 23:06:00,7.4,0.0,0.05
2025-12-01 23:11:00,7.3,,
2025-12-01 23:16:00,7.4,,
2025-12-01 23:21:00,7.5,0.0,0.15
2025-12-01 23:26:00,7.7,,
2025-12-01 23:31:00,7.8,,
2025-12-01 23:36:00,7.8,,
2025-12-01 23:41:00,8.0,,
2025-12-01 23:46:00,8.0,,
2025-12-01 23:51:00,8.2,,
2025-12-01 23:56:00,8.2,,
2025-12-02 00:01:00,8.2,,
2025-12-02 00:06:00,8.2,,
2025-12-02 00:11:00,8.3,,
2025-12-02 00:16:00,8.3,,
2025-12-02 00:21:00,8.4,,
2025-12-02 00:26:00,8.4,,
2025-12-02 00:31:00,8.4,,
2025-12-02 00:36:00,8.3,,
2025-12-02 00:41:00,8.3,,
2025-12-02 00:46:00,8.4,,
2025-12-02 00:51:00,8.3,,
2025-12-02 00:56:00,8.1,,
2025-12-02 01:01:00,8.2,,
2025-12-02 01:06:00,8.4,,
2025-12-02 01:11:00,8.5,,
2025-12-02 01:16:00,8.6,,
2025-12-02 01:21:00,8.7,,
2025-12-02 01:26:00,8.2,,
2025-12-02 01:31:00,8.4,0.0,0.3
2025-12-02 01:36:00,8.5,,
2025-12-02 01:41:00,8.3,,
2025-12-02 01:46:00,8.3,,
2025-12-02 01:51:00,8.2,,
2025-12-02 01:56:00,7.8,,
2025-12-02 02:01:00,7.6,,
2025-12-02 02:06:00,7.4,,
2025-12-02 02:11:00,7.3,,
2025-12-02 02:16:00,7.3,,
2025-12-02 02:21:00,7.3,,
2025-12-02 02:26:00,7.3,,
2025-12-02 02:31:00,7.3,,
2025-12-02 02:36:00,7.4,,
2025-12-02 02:41:00,7.5,,
2025-12-02 02:46:00,7.6,,
2025-12-02 02:51:00,7.7,,
2025-12-02 02:56:00,7.9,,
2025-12-02 03:01:00,8.0,,
2025-12-02 03:06:00,8.2,,
2025-12-02 03:11:00,8.2,,
2025-12-02 03:16:00,8.2,,
2025-12-02 03:21:00,8.0,,
2025-12-02 03:26:00,7.7,,
2025-12-02 03:31:00,7.7,,
2025-12-02 03:36:00,7.2,,
2025-12-02 03:41:00,7.7,,
2025-12-02 03:46:00,7.7,,
2025-12-02 03:51:00,7.7,,
2025-12-02 03:56:00,7.6,,
2025-12-02 04:01:00,7.6,,
2025-12-02 04:06:00,7.5,,
2025-12-02 04:11:00,7.5,,
2025-12-02 04:16:00,7.6,,
2025-12-02 04:21:00,7.7,,
2025-12-02 04:26:00,7.2,,
2025-12-02 04:31:00,7.1,,
2025-12-02 04:36:00,7.2,,
2025-12-02 04:41:00,7.5,,
2025-12-02 04:46:00,7.4,,
2025-12-02 04:51:00,7.2,,
2025-12-02 04:56:00,6.9,,
2025-12-02 05:01:00,6.7,,
2025-12-02 05:06:00,6.7,,
2025-12-02 05:11:00,6.3,,
2025-12-02 05:16:00,6.4,,
2025-12-02 05:21:00,6.6,,
2025-12-02 05:26:00,6.7,,
2025-12-02 05:31:00,6.8,,
2025-12-02 05:36:00,7.0,,
2025-12-02 05:41:00,7.0,,
2025-12-02 05:46:00,7.0,,
2025-12-02 05:51:00,7.2,,
2025-12-02 05:56:00,7.3,,
2025-12-02 06:01:00,7.4,,
2025-12-02 06:06:00,7.4,,
2025-12-02 06:11:00,7.3,,
2025-12-02 06:16:00,7.2,,
2025-12-02 06:21:00,7.5,,
2025-12-02 06:26:00,7.9,,
2025-12-02 06:31:00,7.9,,
2025-12-02 06:36:00,7.7,,
2025-12-02 06:41:00,7.5,,
2025-12-02 06:46:00,7.4,0.0,0.25
2025-12-02 06:51:00,7.4,,
2025-12-02 06:56:00,7.3,,
2025-12-02 07:01:00,6.8,,
2025-12-02 07:06:00,6.7,,
2025-12-02 07:11:00,6.6,,
2025-12-02 07:16:00,6.5,,
2025-12-02 07:21:00,5.9,,
2025-12-02 07:26:00,5.8,,
2025-12-02 07:31:00,5.4,,
2025-12-02 07:36:00,4.9,,
2025-12-02 07:41:00,4.9,,
2025-12-02 07:46:00,4.8,,
2025-12-02 07:51:00,4.7,,
2025-12-02 07:56:00,4.9,,
2025-12-02 08:01:00,5.2,,
2025-12-02 08:06:00,5.4,,
2025-12-02 08:11:00,5.3,27.0,1.5
2025-12-02 08:16:00,5.7,,
2025-12-02 08:21:00,5.8,,
2025-12-02 08:26:00,5.4,3.0,0.15
2025-12-02 08:31:00,5.0,,
2025-12-02 08:36:00,4.9,,
2025-12-02 08:41:00,5.3,,
2025-12-02 08:46:00,6.2,,
2025-12-02 08:51:00,7.0,5.0,0.25
2025-12-02 08:56:00,7.6,,
2025-12-02 09:01:00,7.9,,
2025-12-02 09:06:00,7.8,,
2025-12-02 09:11:00,6.9,,
2025-12-02 09:16:00,6.0,,
2025-12-02 09:21:00,5.8,,
2025-12-02 09:26:00,5.9,,
2025-12-02 09:31:00,6.0,,
2025-12-02 09:36:00,5.8,,
2025-12-02 09:41:00,5.7,,
2025-12-02 09:46:00,5.7,,
2025-12-02 09:51:00,5.7,,
2025-12-02 09:56:00,5.5,,
2025-12-02 10:01:00,5.7,,
2025-12-02 10:06:00,5.9,,
2025-12-02 10:11:00,6.1,,
2025-12-02 10:16:00,6.2,,
2025-12-02 10:21:00,6.3,,
2025-12-02 10:26:00,6.6,,
2025-12-02 10:31:00,6.8,,
2025-12-02 10:36:00,6.9,,
2025-12-02 10:41:00,6.9,,
2025-12-02 10:46:00,7.3,,
2025-12-02 10:51:00,7.5,,
2025-12-02 10:56:00,7.5,,
2025-12-02 11:01:00,7.5,,
2025-12-02 11:06:00,7.5,,
2025-12-02 11:11:00,7.7,,
2025-12-02 11:16:00,7.8,,
2025-12-02 11:21:00,7.8,,
2025-12-02 11:26:00,7.7,,
2025-12-02 11:31:00,7.5,,
2025-12-02 11:36:00,7.1,17.0,0.95
2025-12-02 11:41:00,7.0,,
2025-12-02 11:46:00,7.2,,
2025-12-02 11:51:00,7.1,,
2025-12-02 11:56:00,7.7,,
2025-12-02 12:01:00,7.7,,
2025-12-02 12:06:00,7.7,,
2025-12-02 12:11:00,8.1,,
2025-12-02 12:16:00,8.3,,
2025-12-02 12:21:00,8.3,,
2025-12-02 12:26:00,8.0,,
2025-12-02 12:31:00,8.1,,
2025-12-02 12:36:00,7.7,,
2025-12-02 12:41:00,7.2,,
2025-12-02 12:46:00,6.8,,
2025-12-02 12:51:00,6.7,,
2025-12-02 12:56:00,6.9,,
2025-12-02 13:01:00,6.8,,
2025-12-02 13:06:00,6.5,,
2025-12-02 13:11:00,6.5,,
2025-12-02 13:16:00,6.2,,
2025-12-02 13:21:00,5.9,,
2025-12-02 13:26:00,5.9,,
2025-12-02 13:31:00,5.4,,
2025-12-02 13:36:00,5.4,,
2025-12-02 13:41:00,5.4,,
2025-12-02 13:46:00,5.3,,
2025-12-02 13:51:00,5.4,,
2025-12-02 13:56:00,5.5,,
2025-12-02 14:01:00,5.3,,
2025-12-02 14:06:00,5.4,,
2025-12-02 14:11:00,5.4,,
2025-12-02 14:16:00,5.3,25.0,1.1
2025-12-02 14:21:00,5.4,,
2025-12-02 14:26:00,6.1,,
2025-12-02 14:31:00,7.5,,
2025-12-02 14:36:00,8.2,,
2025-12-02 14:41:00,8.6,,
2025-12-02 14:46:00,8.6,,
2025-12-02 14:51:00,8.9,,
2025-12-02 14:56:00,9.0,,
2025-12-02 15:01:00,9.3,,
2025-12-02 15:06:00,9.3,,
2025-12-02 15:11:00,9.4,,
2025-12-02 15:16:00,9.3,,
2025-12-02 15:21:00,8.9,,
2025-12-02 15:26:00,8.7,,
2025-12-02 15:31:00,8.8,,
2025-12-02 15:36:00,8.4,,
2025-12-02 15:41:00,7.9,,
2025-12-02 15:46:00,7.5,,
2025-12-02 15:51:00,7.1,,
2025-12-02 15:56:00,6.9,,
2025-12-02 16:01:00,6.9,15.0,0.75
2025-12-02 16:06:00,6.6,,
2025-12-02 16:11:00,6.2,,
2025-12-02 16:16:00,6.1,,
2025-12-02 16:21:00,6.0,,
2025-12-02 16:26:00,5.8,,
2025-12-02 16:31:00,5.6,,
2025-12-02 16:36:00,5.9,,
2025-12-02 16:41:00,5.7,,
2025-12-02 16:46:00,5.4,,
2025-12-02 16:51:00,5.2,,
2025-12-02 16:56:00,5.2,,
2025-12-02 17:01:00,5.5,,
2025-12-02 17:06:00,6.0,,
2025-12-02 17:11:00,5.9,,
2025-12-02 17:16:00,6.0,,
2025-12-02 17:21:00,5.6,,
2025-12-02 17:26:00,5.4,,
2025-12-02 17:31:00,5.3,,
2025-12-02 17:36:00,5.2,,
2025-12-02 17:41:00,4.6,,
2025-12-02 17:46:00,4.2,,
2025-12-02 17:51:00,4.1,,
2025-12-02 17:56:00,4.1,,
2025-12-02 18:01:00,4.1,,
2025-12-02 18:06:00,4.2,,
2025-12-02 18:11:00,4.2,,
2025-12-02 18:16:00,4.4,,
2025-12-02 18:21:00,4.4,,
2025-12-02 18:26:00,4.8,,
2025-12-02 18:31:00,5.7,15.0,0.75
2025-12-02 18:36:00,5.7,,
2025-12-02 18:41:00,6.4,,
2025-12-02 18:46:00,6.7,,
2025-12-02 18:51:00,7.2,,
2025-12-02 18:56:00,7.3,,
2025-12-02 19:01:00,7.2,,
2025-12-02 19:06:00,6.8,,
2025-12-02 19:11:00,6.8,,
2025-12-02 19:16:00,7.0,,
2025-12-02 19:21:00,7.0,,
2025-12-02 19:26:00,6.8,,
2025-12-02 19:31:00,7.0,3.0,0.15
2025-12-02 19:36:00,7.4,3.0,0.15
2025-12-02 19:41:00,7.7,,
2025-12-02 19:46:00,7.8,,
2025-12-02 19:51:00,8.0,,
2025-12-02 19:56:00,8.2,,
2025-12-02 20:01:00,8.3,5.0,0.25
2025-12-02 20:06:00,8.8,,
2025-12-02 20:11:00,8.5,,
2025-12-02 20:16:00,8.4,,
2025-12-02 20:21:00,8.2,,
2025-12-02 20:26:00,7.4,0.0,0.1
2025-12-02 20:31:00,7.2,,
2025-12-02 20:36:00,7.3,,
2025-12-02 20:41:00,7.3,,
2025-12-02 20:46:00,7.3,,
2025-12-02 20:51:00,7.5,0.0,0.15
